{"n_scans": 205, "n_samples": 1024, "ds_scans": 52, "ds_samples": 512, "profile_length_m": 4.1, "depth_range_m": 31.819805, "dt_ns": 0.5859374971753545}