# TEM Anomaly Isosurface
v -1.429 2.571 -8.640
v -1.244 2.535 -8.640
v -1.244 2.571 -9.122
v -1.668 2.571 -7.437
v -1.244 2.477 -7.437
v -1.715 2.571 -6.234
v -1.244 2.436 -6.234
v -1.724 2.571 -5.030
v -1.244 2.428 -5.030
v -1.712 2.571 -3.827
v -1.244 2.418 -3.827
v -1.701 2.571 -2.624
v -1.244 2.421 -2.624
v -1.812 2.571 -1.421
v -1.244 2.399 -1.421
v -2.071 2.571 -0.217
v -1.244 2.298 -0.217
v -2.433 2.571 0.986
v -1.244 2.114 0.986
v -2.690 2.571 2.189
v -1.244 2.021 2.189
v -2.797 2.571 2.680
v -2.797 2.502 3.393
v -1.244 2.004 3.393
v -2.797 2.515 4.596
v -1.244 2.123 4.596
v -2.797 2.513 5.799
v -1.244 2.406 5.799
v -2.797 2.571 6.428
v -1.244 2.571 6.248
v -1.351 2.571 17.833
v -1.244 2.508 17.833
v -1.244 2.571 17.364
v -1.522 2.571 19.036
v -1.244 2.427 19.036
v -1.743 2.571 20.239
v -1.244 2.473 20.239
v -1.244 2.571 21.237
v -2.797 3.374 -15.860
v -1.244 3.678 -15.860
v -2.797 3.499 -17.064
v -1.244 3.749 -17.064
v -2.797 3.202 -14.657
v -1.244 3.566 -14.657
v -2.797 3.099 -13.454
v -1.244 3.396 -13.454
v -2.797 3.020 -12.250
v -1.244 3.204 -12.250
v -2.797 3.042 -11.047
v -1.244 2.923 -11.047
v -2.797 3.041 -9.844
v -1.244 2.675 -9.844
v -2.797 3.037 -8.640
v -2.797 3.025 -7.437
v -2.797 3.085 -6.234
v -2.797 3.072 -5.030
v -2.797 3.105 -3.827
v -2.797 3.109 -2.624
v -2.797 3.030 -1.421
v -2.797 2.943 -0.217
v -2.797 2.790 0.986
v -2.797 2.637 2.189
v -1.244 2.869 7.003
v -2.797 2.652 7.003
v -2.797 3.055 8.206
v -1.244 3.241 8.206
v -2.797 3.491 9.409
v -1.244 3.388 9.409
v -2.797 3.780 10.613
v -1.244 3.328 10.613
v -2.797 3.918 11.816
v -1.244 3.081 11.816
v -2.797 3.916 13.019
v -1.244 2.749 13.019
v -2.797 3.860 14.223
v -1.244 2.784 14.223
v -2.797 3.796 15.426
v -1.244 2.953 15.426
v -2.797 3.864 16.629
v -1.244 2.786 16.629
v -2.797 3.925 17.833
v -2.797 3.723 19.036
v -2.797 3.085 20.239
v -1.244 2.616 21.442
v -2.797 2.730 21.442
v -2.797 2.984 22.646
v -1.244 2.681 22.646
v -2.797 3.413 23.849
v -1.244 2.694 23.849
v -2.797 3.772 25.052
v -1.244 2.693 25.052
v -2.797 3.988 26.256
v -1.244 2.620 26.256
v -2.797 3.998 27.459
v -1.244 2.647 27.459
v -2.797 3.861 28.662
v -1.244 2.728 28.662
v -2.797 3.618 29.866
v -1.244 2.886 29.866
v -1.278 6.686 14.223
v -1.244 6.686 14.167
v -1.244 6.665 14.223
v -1.244 6.566 15.426
v -1.995 6.686 15.426
v -2.797 6.686 15.780
v -2.797 6.199 16.629
v -1.244 6.686 16.380
v -1.387 6.686 16.629
v -1.598 6.686 17.833
v -2.797 5.988 17.833
v -1.903 6.686 19.036
v -2.797 5.998 19.036
v -2.119 6.686 20.239
v -2.797 6.098 20.239
v -2.251 6.686 21.442
v -2.797 6.149 21.442
v -2.404 6.686 22.646
v -2.797 6.167 22.646
v -2.494 6.686 23.849
v -2.797 6.087 23.849
v -2.682 6.686 25.052
v -2.797 6.306 25.052
v -2.797 6.686 25.695
v -1.244 6.789 14.223
v -1.244 7.031 15.426
v -2.797 8.040 16.629
v -2.797 7.982 17.833
v -2.797 7.674 19.036
v -2.797 7.457 20.239
v -2.797 7.321 21.442
v -2.797 7.182 22.646
v -2.797 7.100 23.849
v -2.797 6.865 25.052
v -1.331 45.770 25.052
v -1.244 45.770 24.768
v -1.244 45.734 25.052
v -1.244 45.594 26.256
v -1.683 45.770 26.256
v -1.244 45.471 27.459
v -1.983 45.770 27.459
v -1.244 45.341 28.662
v -2.349 45.770 28.662
v -1.244 45.234 29.866
v -2.638 45.770 29.866
v -1.677 47.827 16.629
v -1.244 47.827 15.891
v -1.244 47.679 16.629
v -1.244 47.433 17.833
v -2.441 47.827 17.833
v -2.797 47.696 19.036
v -2.797 47.827 18.335
v -1.244 47.184 19.036
v -2.797 47.507 20.239
v -1.244 46.954 20.239
v -2.797 47.315 21.442
v -1.244 46.691 21.442
v -2.797 47.124 22.646
v -1.244 46.385 22.646
v -2.797 46.946 23.849
v -1.244 46.072 23.849
v -2.797 46.760 25.052
v -2.797 46.569 26.256
v -2.797 46.388 27.459
v -2.797 46.144 28.662
v -2.797 45.910 29.866
v -2.797 49.486 15.426
v -2.797 49.884 14.311
v -1.311 49.884 15.426
v -1.244 49.884 15.513
v -2.797 48.980 16.629
v -2.797 48.272 17.833
v -1.285 49.884 26.256
v -1.244 49.861 26.256
v -1.244 49.884 26.056
v -1.674 49.884 27.459
v -1.244 49.650 27.459
v -2.058 49.884 28.662
v -1.244 49.424 28.662
v -2.464 49.884 29.866
v -1.244 49.220 29.866
v -1.107 2.571 -8.640
v -0.552 2.571 -7.437
v 0.309 2.571 -6.807
v 0.309 2.472 -6.234
v 0.309 2.308 -5.030
v 0.309 2.185 -3.827
v 0.309 2.099 -2.624
v 0.309 2.073 -1.421
v 0.309 1.863 -0.217
v 0.309 1.398 0.986
v 0.309 1.386 2.189
v 0.309 1.675 3.393
v 0.309 2.021 4.596
v 0.309 2.448 5.799
v 0.309 2.571 6.518
v -0.009 2.571 8.206
v 0.309 2.272 8.206
v 0.309 2.571 7.292
v -0.274 2.571 9.409
v 0.309 1.871 9.409
v -0.390 2.571 10.613
v 0.309 1.884 10.613
v -0.550 2.571 11.816
v 0.309 2.115 11.816
v -0.863 2.571 13.019
v 0.309 2.304 13.019
v -0.873 2.571 14.223
v 0.309 2.265 14.223
v -0.822 2.571 15.426
v 0.309 2.069 15.426
v -1.033 2.571 16.629
v 0.309 1.920 16.629
v 0.309 1.878 17.833
v 0.309 1.846 19.036
v 0.309 1.833 20.239
v -1.206 2.571 21.442
v 0.309 1.855 21.442
v -1.138 2.571 22.646
v 0.309 1.899 22.646
v -1.054 2.571 23.849
v 0.309 2.068 23.849
v -0.799 2.571 25.052
v 0.309 2.337 25.052
v 0.309 2.571 25.763
v 0.309 3.749 -15.860
v 0.309 3.847 -17.064
v 0.309 3.626 -14.657
v 0.309 3.519 -13.454
v 0.309 3.432 -12.250
v 0.309 3.333 -11.047
v 0.309 3.195 -9.844
v 0.309 3.007 -8.640
v 0.309 2.735 -7.437
v 0.309 2.633 7.003
v 0.309 2.765 26.256
v 0.309 3.230 27.459
v 0.309 3.576 28.662
v 0.309 3.924 29.866
v 0.165 6.686 11.816
v 0.309 6.686 11.001
v 0.309 6.612 11.816
v 0.309 6.686 12.750
v -1.180 6.686 14.223
v -1.076 6.686 15.426
v 0.309 6.973 11.816
v 0.250 45.770 20.239
v 0.309 45.770 20.079
v 0.309 45.742 20.239
v 0.309 45.563 21.442
v -0.131 45.770 21.442
v 0.309 45.384 22.646
v -0.563 45.770 22.646
v 0.309 45.233 23.849
v -0.933 45.770 23.849
v 0.309 45.069 25.052
v 0.309 44.907 26.256
v 0.309 44.724 27.459
v 0.309 44.534 28.662
v 0.309 44.329 29.866
v 0.245 47.827 14.223
v 0.309 47.827 14.133
v 0.309 47.805 14.223
v 0.309 47.471 15.426
v -0.817 47.827 15.426
v 0.309 47.134 16.629
v 0.309 46.761 17.833
v 0.309 46.318 19.036
v 0.309 47.915 14.223
v 0.309 48.743 15.426
v 0.309 49.129 16.629
v -0.833 49.884 16.629
v -0.646 49.884 17.833
v 0.309 49.307 17.833
v -0.594 49.884 19.036
v 0.309 49.354 19.036
v -0.525 49.884 20.239
v 0.309 49.393 20.239
v -0.622 49.884 21.442
v 0.309 49.376 21.442
v -0.699 49.884 22.646
v 0.309 49.328 22.646
v -0.854 49.884 23.849
v 0.309 49.250 23.849
v -1.069 49.884 25.052
v 0.309 49.139 25.052
v 0.309 49.001 26.256
v 0.309 48.824 27.459
v 0.309 48.635 28.662
v 0.309 48.445 29.866
v 0.571 2.571 -6.234
v 0.912 2.571 -5.030
v 1.158 2.571 -3.827
v 1.311 2.571 -2.624
v 1.356 2.571 -1.421
v 1.862 2.571 -0.855
v 1.862 2.248 -0.217
v 1.862 1.287 0.986
v 1.862 0.978 2.189
v 1.862 1.390 3.393
v 1.862 1.539 4.596
v 1.862 1.380 5.799
v 0.384 2.571 7.003
v 1.862 1.369 7.003
v 1.862 1.482 8.206
v 1.862 1.749 9.409
v 1.862 1.889 10.613
v 1.862 1.717 11.816
v 1.862 1.457 13.019
v 1.862 1.293 14.223
v 1.862 1.226 15.426
v 1.862 1.251 16.629
v 1.862 1.352 17.833
v 1.862 1.570 19.036
v 1.862 1.939 20.239
v 1.862 2.415 21.442
v 1.435 2.571 22.646
v 1.862 2.571 21.796
v 1.020 2.571 23.849
v 0.623 2.571 25.052
v 1.862 3.753 -15.860
v 1.862 3.895 -17.064
v 1.862 3.625 -14.657
v 1.862 3.528 -13.454
v 1.862 3.444 -12.250
v 1.862 3.348 -11.047
v 1.862 3.270 -9.844
v 1.862 3.192 -8.640
v 1.862 3.140 -7.437
v 1.862 3.078 -6.234
v 1.862 3.029 -5.030
v 1.862 2.961 -3.827
v 1.862 2.921 -2.624
v 1.862 2.933 -1.421
v 1.862 2.863 22.646
v 1.862 3.170 23.849
v 1.862 3.368 25.052
v 1.862 3.558 26.256
v 1.862 3.801 27.459
v 1.862 4.081 28.662
v 1.862 4.430 29.866
v 1.823 6.686 8.206
v 1.862 6.686 8.025
v 1.862 6.663 8.206
v 1.862 6.686 8.641
v 0.438 6.686 11.816
v 1.862 6.797 8.206
v 1.851 43.713 26.256
v 1.862 43.713 26.214
v 1.862 43.707 26.256
v 1.862 43.539 27.459
v 1.532 43.713 27.459
v 1.862 43.417 28.662
v 1.279 43.713 28.662
v 1.862 43.277 29.866
v 0.978 43.713 29.866
v 1.828 45.770 16.629
v 1.862 45.770 16.555
v 1.862 45.754 16.629
v 1.862 45.515 17.833
v 1.310 45.770 17.833
v 1.862 45.304 19.036
v 0.808 45.770 19.036
v 1.862 45.090 20.239
v 1.862 44.878 21.442
v 1.862 44.653 22.646
v 1.862 44.376 23.849
v 1.862 44.082 25.052
v 1.862 47.827 13.681
v 1.862 47.626 14.223
v 1.862 46.922 15.426
v 1.835 47.827 29.866
v 1.862 47.811 29.866
v 1.862 47.827 29.782
v 1.862 48.028 14.223
v 1.862 48.429 15.426
v 1.862 48.659 16.629
v 1.862 48.760 17.833
v 1.862 48.800 19.036
v 1.862 48.809 20.239
v 1.862 48.774 21.442
v 1.862 48.683 22.646
v 1.862 48.572 23.849
v 1.862 48.421 25.052
v 1.862 48.269 26.256
v 1.862 48.128 27.459
v 1.862 47.961 28.662
v 2.976 0.514 2.189
v 3.415 -0.166 2.189
v 3.415 0.514 2.054
v 2.662 0.514 3.393
v 3.415 -0.385 3.393
v 3.162 0.514 4.596
v 3.415 0.354 4.596
v 3.415 0.514 5.002
v 3.374 0.514 11.816
v 3.415 0.475 11.816
v 3.415 0.514 11.526
v 3.415 0.514 12.425
v 2.429 2.571 -0.217
v 3.415 2.571 0.825
v 3.415 2.403 0.986
v 3.415 0.801 5.799
v 3.415 1.197 7.003
v 3.415 1.206 8.206
v 3.415 0.933 9.409
v 3.415 0.622 10.613
v 3.415 0.554 13.019
v 3.415 0.771 14.223
v 3.415 1.122 15.426
v 3.415 1.530 16.629
v 3.415 1.932 17.833
v 3.415 2.381 19.036
v 3.063 2.571 20.239
v 3.415 2.571 19.585
v 2.252 2.571 21.442
v 3.415 4.158 -15.860
v 3.415 4.335 -17.064
v 3.415 3.917 -14.657
v 3.415 3.671 -13.454
v 3.415 3.448 -12.250
v 3.415 3.280 -11.047
v 3.415 3.144 -9.844
v 3.415 3.051 -8.640
v 3.415 2.970 -7.437
v 3.415 2.951 -6.234
v 3.415 2.994 -5.030
v 3.415 3.202 -3.827
v 3.415 3.582 -2.624
v 3.415 3.781 -1.421
v 3.415 3.155 -0.217
v 3.415 2.736 20.239
v 3.415 2.922 21.442
v 3.415 3.068 22.646
v 3.415 3.213 23.849
v 3.415 3.427 25.052
v 3.415 3.686 26.256
v 3.415 3.958 27.459
v 3.415 4.231 28.662
v 3.415 4.451 29.866
v 1.907 6.686 8.206
v 3.000 14.914 5.799
v 3.415 14.914 4.608
v 3.415 14.303 5.799
v 3.415 14.200 7.003
v 2.840 14.914 7.003
v 3.415 14.262 8.206
v 2.814 14.914 8.206
v 3.415 14.434 9.409
v 2.985 14.914 9.409
v 3.415 14.914 10.499
v 3.415 15.943 5.799
v 3.415 15.846 7.003
v 3.415 15.509 8.206
v 3.415 15.187 9.409
v 3.376 43.713 21.442
v 3.415 43.713 21.329
v 3.415 43.693 21.442
v 3.415 43.501 22.646
v 2.999 43.713 22.646
v 3.415 43.314 23.849
v 2.594 43.713 23.849
v 3.415 43.159 25.052
v 2.242 43.713 25.052
v 3.415 43.001 26.256
v 3.415 42.845 27.459
v 3.415 42.684 28.662
v 3.415 42.516 29.866
v 3.322 45.770 14.223
v 3.415 45.770 14.078
v 3.415 45.730 14.223
v 3.415 45.467 15.426
v 2.663 45.770 15.426
v 3.415 45.176 16.629
v 3.415 44.902 17.833
v 3.415 44.569 19.036
v 3.415 44.172 20.239
v 2.501 47.827 14.223
v 3.415 46.367 14.223
v 3.415 47.827 15.238
v 3.396 47.827 23.849
v 3.415 47.818 23.849
v 3.415 47.827 23.728
v 3.195 47.827 25.052
v 3.415 47.715 25.052
v 2.841 47.827 26.256
v 3.415 47.526 26.256
v 2.557 47.827 27.459
v 3.415 47.358 27.459
v 2.179 47.827 28.662
v 3.415 47.150 28.662
v 3.415 46.915 29.866
v 3.415 47.882 15.426
v 3.415 48.077 16.629
v 3.415 48.125 17.833
v 3.415 48.180 19.036
v 3.415 48.126 20.239
v 3.415 48.047 21.442
v 3.415 47.921 22.646
v 4.968 0.250 2.189
v 4.968 0.514 2.059
v 4.968 -0.354 3.393
v 4.269 0.514 4.596
v 4.968 0.514 4.463
v 3.485 0.514 11.816
v 4.968 2.461 0.986
v 4.968 2.571 0.893
v 4.968 0.626 4.596
v 4.968 1.067 5.799
v 4.968 0.967 7.003
v 4.968 0.843 8.206
v 4.968 0.980 9.409
v 4.968 1.240 10.613
v 4.968 1.506 11.816
v 4.968 1.768 13.019
v 4.968 1.980 14.223
v 4.968 2.197 15.426
v 4.968 2.413 16.629
v 4.824 2.571 17.833
v 4.968 2.571 17.507
v 4.073 2.571 19.036
v 4.968 4.475 -15.860
v 4.968 4.535 -17.064
v 4.968 4.413 -14.657
v 4.968 4.339 -13.454
v 4.968 4.253 -12.250
v 4.968 4.132 -11.047
v 4.968 3.993 -9.844
v 4.968 3.859 -8.640
v 4.968 3.840 -7.437
v 4.968 3.934 -6.234
v 4.968 4.175 -5.030
v 4.968 4.476 -3.827
v 4.767 4.628 -2.624
v 4.968 4.628 -3.313
v 4.925 4.628 -1.421
v 4.968 4.628 -1.378
v 4.968 3.699 -0.217
v 4.968 2.650 17.833
v 4.968 2.837 19.036
v 4.968 2.999 20.239
v 4.968 3.188 21.442
v 4.968 3.433 22.646
v 4.968 3.674 23.849
v 4.968 3.916 25.052
v 4.968 4.099 26.256
v 4.968 4.225 27.459
v 4.968 4.264 28.662
v 4.968 4.227 29.866
v 4.893 6.686 -12.250
v 4.968 6.686 -13.009
v 4.968 6.370 -12.250
v 4.968 6.188 -11.047
v 4.821 6.686 -11.047
v 4.968 6.100 -9.844
v 4.772 6.686 -9.844
v 4.968 6.077 -8.640
v 4.753 6.686 -8.640
v 4.968 6.090 -7.437
v 4.757 6.686 -7.437
v 4.968 6.193 -6.234
v 4.807 6.686 -6.234
v 4.968 6.268 -5.030
v 4.863 6.686 -5.030
v 4.968 6.206 -3.827
v 4.912 6.686 -3.827
v 4.961 6.686 -2.624
v 4.968 6.686 -2.608
v 4.968 4.804 -1.421
v 4.722 6.686 2.189
v 4.968 6.686 1.791
v 4.968 6.557 2.189
v 4.968 6.574 3.393
v 4.570 6.686 3.393
v 4.968 6.686 4.117
v 4.511 8.743 -17.064
v 4.968 7.706 -15.860
v 4.515 8.743 -15.860
v 4.968 7.888 -17.064
v 4.968 7.475 -14.657
v 4.567 8.743 -14.657
v 4.968 7.017 -13.454
v 4.677 8.743 -13.454
v 4.817 8.743 -12.250
v 4.968 8.743 -11.136
v 4.968 8.625 -11.047
v 4.968 7.790 -9.844
v 4.968 7.532 -8.640
v 4.968 7.333 -7.437
v 4.968 7.107 -6.234
v 4.968 6.925 -5.030
v 4.968 6.797 -3.827
v 4.968 6.697 -2.624
v 4.037 8.743 2.189
v 4.968 8.743 1.801
v 3.428 8.743 3.393
v 4.968 7.156 4.596
v 3.530 8.743 4.596
v 4.968 8.470 5.799
v 4.368 8.743 5.799
v 4.968 8.743 6.266
v 4.968 9.717 -17.064
v 4.968 9.646 -15.860
v 4.968 9.485 -14.657
v 4.968 9.271 -13.454
v 4.968 9.016 -12.250
v 4.968 10.739 2.189
v 3.991 10.800 3.393
v 4.968 10.800 2.229
v 4.154 10.800 4.596
v 4.759 10.800 5.799
v 4.968 10.800 6.367
v 4.882 10.800 11.816
v 4.968 10.800 11.242
v 4.968 10.736 11.816
v 4.968 10.800 12.396
v 4.565 12.857 3.393
v 4.968 12.857 2.987
v 4.157 12.857 4.596
v 4.142 12.857 5.799
v 4.968 11.118 7.003
v 4.177 12.857 7.003
v 4.968 11.355 8.206
v 4.221 12.857 8.206
v 4.968 11.411 9.409
v 4.270 12.857 9.409
v 4.968 11.266 10.613
v 4.494 12.857 10.613
v 4.968 11.242 11.816
v 4.968 12.857 11.222
v 4.093 14.914 3.393
v 4.968 14.914 2.705
v 3.418 14.914 4.596
v 4.968 13.957 10.613
v 4.968 14.914 10.229
v 4.968 16.066 3.393
v 4.968 16.734 4.596
v 4.968 16.642 5.799
v 4.968 16.221 7.003
v 4.968 15.726 8.206
v 4.968 15.278 9.409
v 4.699 41.656 28.662
v 4.968 41.656 27.689
v 4.968 41.516 28.662
v 4.968 41.378 29.866
v 4.421 41.656 29.866
v 4.878 43.713 17.833
v 4.968 43.713 17.606
v 4.968 43.668 17.833
v 4.968 43.424 19.036
v 4.359 43.713 19.036
v 4.968 43.208 20.239
v 3.880 43.713 20.239
v 4.968 43.005 21.442
v 4.968 42.800 22.646
v 4.968 42.582 23.849
v 4.968 42.344 25.052
v 4.968 42.055 26.256
v 4.968 41.734 27.459
v 4.708 45.770 13.019
v 4.968 45.770 12.761
v 4.968 45.682 13.019
v 4.968 45.273 14.223
v 4.968 44.841 15.426
v 4.968 44.301 16.629
v 4.968 46.036 13.019
v 4.968 46.794 14.223
v 3.522 47.827 15.426
v 4.968 47.161 15.426
v 3.876 47.827 16.629
v 4.968 47.332 16.629
v 3.979 47.827 17.833
v 4.968 47.417 17.833
v 4.092 47.827 19.036
v 4.968 47.462 19.036
v 3.955 47.827 20.239
v 4.968 47.412 20.239
v 3.850 47.827 21.442
v 4.968 47.369 21.442
v 3.619 47.827 22.646
v 4.968 47.283 22.646
v 4.968 47.155 23.849
v 4.968 46.990 25.052
v 4.968 46.800 26.256
v 4.968 46.605 27.459
v 4.968 46.415 28.662
v 4.968 46.226 29.866
v 6.062 -1.543 4.596
v 6.521 -3.514 4.596
v 6.521 -1.543 3.834
v 6.060 -1.543 5.799
v 6.521 -3.229 5.799
v 6.159 -1.543 7.003
v 6.521 -2.726 7.003
v 6.328 -1.543 8.206
v 6.521 -2.185 8.206
v 6.521 -1.543 8.915
v 5.615 0.514 2.189
v 6.521 0.514 2.742
v 6.521 -0.529 3.393
v 5.096 0.514 4.596
v 5.542 0.514 5.799
v 5.812 0.514 7.003
v 6.521 0.514 7.839
v 6.521 -0.587 8.206
v 6.521 2.342 0.986
v 6.521 2.571 0.774
v 6.521 1.158 2.189
v 6.521 0.856 8.206
v 6.521 1.784 9.409
v 6.521 2.475 10.613
v 6.219 2.571 11.816
v 6.521 2.571 10.858
v 5.914 2.571 13.019
v 5.711 2.571 14.223
v 5.547 2.571 15.426
v 5.302 2.571 16.629
v 5.643 4.628 -15.860
v 5.468 4.628 -17.064
v 5.665 4.628 -14.657
v 5.631 4.628 -13.454
v 5.564 4.628 -12.250
v 5.500 4.628 -11.047
v 5.446 4.628 -9.844
v 5.402 4.628 -8.640
v 5.357 4.628 -7.437
v 5.317 4.628 -6.234
v 5.232 4.628 -5.030
v 5.075 4.628 -3.827
v 6.521 4.555 -0.217
v 6.521 4.628 -0.244
v 6.521 2.922 11.816
v 6.521 3.247 13.019
v 6.521 3.441 14.223
v 6.521 3.504 15.426
v 6.521 3.508 16.629
v 6.521 3.441 17.833
v 6.521 3.464 19.036
v 6.521 3.652 20.239
v 6.521 3.970 21.442
v 6.521 4.292 22.646
v 6.521 4.602 23.849
v 6.436 4.628 25.052
v 6.521 4.628 24.101
v 6.521 4.628 26.194
v 6.521 4.623 26.256
v 6.521 4.452 27.459
v 6.521 4.185 28.662
v 6.521 3.965 29.866
v 5.556 6.686 -15.860
v 5.848 6.686 -17.064
v 5.271 6.686 -14.657
v 5.034 6.686 -13.454
v 5.384 6.686 -1.421
v 6.521 6.686 -0.500
v 6.521 6.686 1.166
v 6.521 6.101 2.189
v 6.457 6.686 3.393
v 6.521 6.686 3.376
v 6.521 4.701 25.052
v 4.985 8.743 -11.047
v 5.243 8.743 -9.844
v 5.401 8.743 -8.640
v 5.520 8.743 -7.437
v 5.616 8.743 -6.234
v 5.695 8.743 -5.030
v 5.739 8.743 -3.827
v 5.813 8.743 -2.624
v 6.521 8.743 -1.434
v 6.521 8.726 -1.421
v 6.521 8.743 1.393
v 6.521 6.705 3.393
v 6.521 7.843 4.596
v 6.521 8.386 5.799
v 6.521 8.743 6.621
v 5.594 10.800 -15.860
v 5.535 10.800 -17.064
v 5.676 10.800 -14.657
v 5.739 10.800 -13.454
v 5.807 10.800 -12.250
v 5.911 10.800 -11.047
v 6.018 10.800 -9.844
v 6.162 10.800 -8.640
v 6.356 10.800 -7.437
v 6.521 10.800 -6.679
v 6.521 10.611 -6.234
v 6.521 10.196 -5.030
v 6.521 9.893 -3.827
v 6.521 9.613 -2.624
v 5.013 10.800 2.189
v 6.521 10.800 1.747
v 6.521 9.016 7.003
v 5.092 10.800 7.003
v 6.521 9.471 8.206
v 5.178 10.800 8.206
v 6.521 9.685 9.409
v 5.166 10.800 9.409
v 6.521 9.987 10.613
v 5.064 10.800 10.613
v 6.521 10.580 11.816
v 6.521 10.800 12.118
v 5.612 12.857 -15.860
v 5.502 12.857 -17.064
v 5.767 12.857 -14.657
v 5.961 12.857 -13.454
v 6.182 12.857 -12.250
v 6.507 12.857 -11.047
v 6.521 12.857 -11.004
v 6.521 12.115 -9.844
v 6.521 11.596 -8.640
v 6.521 11.117 -7.437
v 6.521 12.470 2.189
v 6.521 12.857 2.304
v 6.521 12.857 10.690
v 6.521 11.188 11.816
v 6.422 14.914 -15.860
v 6.098 14.914 -17.064
v 6.521 14.914 -15.598
v 6.521 14.483 -14.657
v 6.521 13.971 -13.454
v 6.521 13.481 -12.250
v 6.521 12.881 -11.047
v 6.521 14.914 2.412
v 5.644 14.914 9.409
v 6.521 14.197 9.409
v 6.521 14.914 8.814
v 6.521 12.945 10.613
v 6.521 15.236 -17.064
v 6.521 14.986 -15.860
v 6.521 16.410 3.393
v 6.521 16.883 4.596
v 6.521 16.593 5.799
v 6.521 15.990 7.003
v 6.521 15.304 8.206
v 6.507 41.656 22.646
v 6.521 41.656 22.607
v 6.521 41.649 22.646
v 6.521 41.457 23.849
v 6.136 41.656 23.849
v 6.521 41.275 25.052
v 5.763 41.656 25.052
v 6.521 41.114 26.256
v 5.392 41.656 26.256
v 6.521 40.951 27.459
v 5.042 41.656 27.459
v 6.521 40.795 28.662
v 6.521 40.632 29.866
v 6.080 43.713 15.426
v 6.521 43.713 14.615
v 6.521 43.519 15.426
v 6.521 43.249 16.629
v 5.466 43.713 16.629
v 6.521 42.997 17.833
v 6.521 42.738 19.036
v 6.521 42.438 20.239
v 6.521 42.095 21.442
v 6.521 45.770 12.514
v 6.521 45.458 13.019
v 6.521 44.306 14.223
v 6.107 45.770 29.866
v 6.521 45.534 29.866
v 6.521 45.770 28.757
v 6.521 46.099 13.019
v 6.521 46.654 14.223
v 6.521 46.916 15.426
v 6.521 47.076 16.629
v 6.521 47.097 17.833
v 6.521 47.066 19.036
v 6.521 46.988 20.239
v 6.521 46.839 21.442
v 6.521 46.673 22.646
v 6.521 46.468 23.849
v 6.521 46.263 25.052
v 6.521 46.097 26.256
v 6.521 45.904 27.459
v 6.521 45.784 28.662
v 6.563 -3.600 4.596
v 8.074 -4.429 4.596
v 8.074 -3.600 3.842
v 6.672 -3.600 5.799
v 8.074 -4.876 5.799
v 6.903 -3.600 7.003
v 8.074 -4.835 7.003
v 7.126 -3.600 8.206
v 8.074 -4.649 8.206
v 7.450 -3.600 9.409
v 8.074 -4.284 9.409
v 8.074 -3.600 10.223
v 7.255 -1.543 3.393
v 8.074 -2.392 3.393
v 8.074 -1.543 2.979
v 8.074 -1.938 9.409
v 8.074 -1.543 9.252
v 8.074 0.514 2.816
v 8.074 0.514 8.025
v 8.074 0.009 8.206
v 6.735 2.571 0.986
v 7.023 2.571 2.189
v 8.074 2.571 3.028
v 8.074 0.737 8.206
v 8.074 1.743 9.409
v 7.839 2.571 10.613
v 8.074 2.571 10.585
v 8.067 2.571 28.662
v 8.074 2.568 28.662
v 8.074 2.571 28.561
v 8.074 2.571 28.761
v 6.570 4.628 -0.217
v 7.294 4.628 0.986
v 7.386 4.628 2.189
v 8.074 4.628 2.867
v 8.074 2.599 10.613
v 8.074 3.312 11.816
v 8.074 3.633 13.019
v 8.074 3.727 14.223
v 8.074 3.775 15.426
v 8.074 3.898 16.629
v 8.074 4.026 17.833
v 8.074 4.186 19.036
v 8.074 4.425 20.239
v 7.974 4.628 21.442
v 8.074 4.628 21.290
v 7.413 4.628 22.646
v 6.677 4.628 23.849
v 8.074 3.706 26.256
v 8.074 4.628 25.176
v 8.074 2.835 27.459
v 8.074 2.727 29.866
v 7.259 6.686 -0.217
v 6.741 6.686 0.986
v 8.074 6.144 3.393
v 6.559 6.686 3.393
v 8.074 6.686 3.663
v 8.074 4.667 21.442
v 8.074 4.825 22.646
v 8.074 4.809 23.849
v 8.074 4.655 25.052
v 6.529 8.743 -1.421
v 8.074 8.743 -0.401
v 8.074 7.850 -0.217
v 7.482 8.743 0.986
v 8.074 8.743 0.505
v 8.074 8.220 4.596
v 7.666 8.743 5.799
v 8.074 8.743 5.598
v 6.611 10.800 -6.234
v 6.846 10.800 -5.030
v 7.068 10.800 -3.827
v 7.337 10.800 -2.624
v 7.831 10.800 -1.421
v 8.074 10.800 -0.950
v 7.864 10.800 0.986
v 8.074 10.800 0.803
v 8.074 8.835 5.799
v 8.074 9.002 7.003
v 8.074 9.322 8.206
v 8.074 9.992 9.409
v 7.695 10.800 10.613
v 8.074 10.800 10.316
v 6.745 10.800 11.816
v 6.861 12.857 -9.844
v 7.193 12.857 -8.640
v 7.562 12.857 -7.437
v 7.953 12.857 -6.234
v 8.074 12.857 -5.938
v 8.074 12.498 -5.030
v 8.074 12.052 -3.827
v 8.074 11.673 -2.624
v 8.074 11.185 -1.421
v 8.074 11.899 0.986
v 7.234 12.857 2.189
v 8.074 12.857 1.541
v 7.407 12.857 9.409
v 8.074 11.957 9.409
v 8.074 12.857 8.853
v 6.567 12.857 10.613
v 6.859 14.914 -14.657
v 7.265 14.914 -13.454
v 7.649 14.914 -12.250
v 8.056 14.914 -11.047
v 8.074 14.914 -10.997
v 8.074 14.514 -9.844
v 8.074 14.060 -8.640
v 8.074 13.561 -7.437
v 8.074 13.017 -6.234
v 8.074 13.180 2.189
v 8.074 14.914 2.849
v 7.039 14.914 8.206
v 8.074 13.773 8.206
v 8.074 14.914 7.373
v 8.074 16.008 -15.860
v 8.074 16.215 -17.064
v 8.074 15.760 -14.657
v 8.074 15.498 -13.454
v 8.074 15.227 -12.250
v 8.074 14.927 -11.047
v 8.074 15.771 3.393
v 8.074 16.517 4.596
v 8.074 16.119 5.799
v 8.074 15.222 7.003
v 7.809 39.599 29.866
v 8.074 39.599 28.903
v 8.074 39.455 29.866
v 7.887 41.656 19.036
v 8.074 41.656 18.567
v 8.074 41.554 19.036
v 8.074 41.321 20.239
v 7.424 41.656 20.239
v 8.074 41.103 21.442
v 6.975 41.656 21.442
v 8.074 40.925 22.646
v 8.074 40.728 23.849
v 8.074 40.530 25.052
v 8.074 40.302 26.256
v 8.074 40.021 27.459
v 8.074 39.679 28.662
v 7.666 43.713 13.019
v 8.074 43.713 12.493
v 8.074 43.544 13.019
v 8.074 43.207 14.223
v 6.822 43.713 14.223
v 8.074 42.854 15.426
v 8.074 42.454 16.629
v 8.074 42.016 17.833
v 8.074 45.770 12.907
v 7.941 45.770 23.849
v 8.074 45.712 23.849
v 8.074 45.770 23.337
v 7.583 45.770 25.052
v 8.074 45.540 25.052
v 7.263 45.770 26.256
v 8.074 45.373 26.256
v 6.854 45.770 27.459
v 8.074 45.167 27.459
v 6.555 45.770 28.662
v 8.074 44.922 28.662
v 8.074 44.663 29.866
v 8.074 45.897 13.019
v 8.074 46.760 14.223
v 8.074 47.004 15.426
v 8.074 47.022 16.629
v 8.074 46.938 17.833
v 8.074 46.644 19.036
v 8.074 46.398 20.239
v 8.074 46.085 21.442
v 8.074 45.889 22.646
v 7.782 49.884 8.206
v 8.074 49.884 7.675
v 8.074 49.644 8.206
v 8.074 49.317 9.409
v 7.381 49.884 9.409
v 8.074 48.966 10.613
v 7.047 49.884 10.613
v 8.074 48.749 11.816
v 6.806 49.884 11.816
v 8.074 48.674 13.019
v 6.813 49.884 13.019
v 8.074 48.587 14.223
v 6.716 49.884 14.223
v 8.074 49.088 15.426
v 7.397 49.884 15.426
v 8.074 49.884 16.086
v 9.339 -18.000 0.986
v 9.627 -18.379 0.986
v 9.627 -18.000 0.398
v 9.627 -18.000 1.575
v 9.627 -17.737 0.986
v 9.527 -9.771 19.036
v 9.627 -9.896 19.036
v 9.627 -9.771 18.850
v 9.134 -9.771 20.239
v 9.627 -10.328 20.239
v 8.802 -9.771 21.442
v 9.627 -10.364 21.442
v 8.394 -9.771 22.646
v 9.627 -10.047 22.646
v 9.627 -9.771 23.257
v 9.557 -7.714 7.003
v 9.627 -7.839 7.003
v 9.627 -7.714 6.824
v 9.530 -7.714 8.206
v 9.627 -7.870 8.206
v 9.627 -7.714 9.030
v 9.627 -9.681 19.036
v 9.627 -9.439 20.239
v 9.627 -9.446 21.442
v 9.627 -9.619 22.646
v 8.732 -5.657 5.799
v 9.627 -7.100 5.799
v 9.627 -5.657 4.688
v 8.611 -5.657 7.003
v 8.807 -5.657 8.206
v 9.627 -6.461 9.409
v 9.547 -5.657 9.409
v 9.627 -5.657 9.477
v 9.627 -5.542 4.596
v 9.627 -3.600 3.573
v 9.627 -3.600 9.486
v 9.627 -2.681 3.393
v 9.627 -1.543 2.852
v 9.627 -1.543 9.315
v 9.627 -2.710 9.409
v 9.627 -0.298 3.393
v 9.257 0.514 3.393
v 9.627 0.514 3.605
v 8.904 0.514 8.206
v 9.627 0.514 8.476
v 8.548 2.571 3.393
v 9.627 2.571 4.011
v 9.627 1.655 9.409
v 9.627 2.571 10.547
v 8.081 2.571 28.662
v 8.591 4.628 3.393
v 9.627 4.628 3.985
v 9.627 2.622 10.613
v 9.627 3.055 11.816
v 9.627 3.421 13.019
v 9.627 3.824 14.223
v 9.627 4.260 15.426
v 9.555 4.628 16.629
v 9.627 4.628 16.493
v 9.130 4.628 17.833
v 8.834 4.628 19.036
v 8.490 4.628 20.239
v 8.755 4.628 25.052
v 9.627 4.601 25.052
v 9.627 4.628 24.772
v 9.627 4.544 26.256
v 9.627 4.528 27.459
v 9.544 4.628 28.662
v 9.627 4.628 28.286
v 9.309 4.628 29.866
v 9.627 6.686 4.179
v 9.627 4.709 16.629
v 9.627 5.185 17.833
v 9.627 5.410 19.036
v 9.627 5.435 20.239
v 9.627 5.276 21.442
v 9.627 5.019 22.646
v 9.627 4.792 23.849
v 9.627 4.685 28.662
v 9.627 4.925 29.866
v 8.722 8.743 -0.217
v 9.627 8.050 4.596
v 9.627 8.743 5.078
v 9.627 10.702 -0.217
v 9.627 10.800 -0.236
v 9.627 10.800 -0.156
v 9.627 9.366 5.799
v 9.627 9.989 7.003
v 9.462 10.800 8.206
v 9.627 10.800 8.021
v 8.649 10.800 9.409
v 8.365 12.857 -5.030
v 8.744 12.857 -3.827
v 9.130 12.857 -2.624
v 9.610 12.857 -1.421
v 9.627 12.857 -1.377
v 9.627 12.376 0.986
v 9.627 12.857 1.293
v 9.148 12.857 7.003
v 9.627 11.962 7.003
v 9.627 12.857 6.459
v 8.405 12.857 8.206
v 8.441 14.914 -9.844
v 8.803 14.914 -8.640
v 9.148 14.914 -7.437
v 9.499 14.914 -6.234
v 9.627 14.914 -5.879
v 9.627 14.584 -5.030
v 9.627 14.100 -3.827
v 9.627 13.594 -2.624
v 9.627 12.882 -1.421
v 9.627 13.794 2.189
v 9.220 14.914 3.393
v 9.627 14.599 3.393
v 9.627 14.914 3.853
v 9.384 14.914 5.799
v 9.627 14.402 5.799
v 9.627 14.914 5.281
v 8.378 14.914 7.003
v 9.571 14.914 14.223
v 9.627 14.914 14.081
v 9.627 14.875 14.223
v 9.627 14.835 15.426
v 9.438 14.914 15.426
v 9.627 14.914 15.857
v 9.627 16.971 -16.857
v 9.585 16.971 -17.064
v 9.627 16.860 -15.860
v 9.627 16.698 -14.657
v 9.627 16.513 -13.454
v 9.627 16.293 -12.250
v 9.627 16.053 -11.047
v 9.627 15.805 -9.844
v 9.627 15.547 -8.640
v 9.627 15.280 -7.437
v 9.627 15.011 -6.234
v 9.627 15.293 4.596
v 9.627 15.501 14.223
v 9.627 15.282 15.426
v 9.627 16.993 -17.064
v 9.271 39.599 25.052
v 9.627 39.599 23.949
v 9.627 39.408 25.052
v 9.627 39.227 26.256
v 8.908 39.599 26.256
v 9.627 39.044 27.459
v 8.523 39.599 27.459
v 9.627 38.864 28.662
v 8.149 39.599 28.662
v 9.627 38.690 29.866
v 9.523 41.656 15.426
v 9.627 41.656 15.201
v 9.627 41.601 15.426
v 9.627 41.307 16.629
v 8.938 41.656 16.629
v 9.627 41.065 17.833
v 8.426 41.656 17.833
v 9.627 40.827 19.036
v 9.627 40.584 20.239
v 9.627 40.323 21.442
v 9.627 40.037 22.646
v 9.627 39.637 23.849
v 8.819 43.713 11.816
v 9.627 43.713 11.054
v 9.627 43.376 11.816
v 9.627 42.841 13.019
v 9.627 42.277 14.223
v 9.627 45.216 11.816
v 9.627 45.770 12.793
v 9.309 45.770 20.239
v 9.627 45.678 20.239
v 9.627 45.770 19.269
v 8.796 45.770 21.442
v 9.627 45.528 21.442
v 8.364 45.770 22.646
v 9.627 45.358 22.646
v 9.627 45.148 23.849
v 9.627 44.900 25.052
v 9.627 44.619 26.256
v 9.627 44.359 27.459
v 9.627 44.124 28.662
v 9.627 43.972 29.866
v 9.557 47.827 10.613
v 9.627 47.827 10.438
v 9.627 47.701 10.613
v 9.627 46.608 11.816
v 9.188 47.827 11.816
v 8.934 47.827 13.019
v 8.818 47.827 14.223
v 8.815 47.827 15.426
v 9.064 47.827 16.629
v 9.627 47.827 17.734
v 9.627 47.631 17.833
v 9.627 45.881 19.036
v 9.153 49.884 5.799
v 9.627 49.884 5.283
v 9.627 49.564 5.799
v 9.627 49.058 7.003
v 8.486 49.884 7.003
v 9.627 48.504 8.206
v 9.627 48.107 9.409
v 9.627 48.439 16.629
v 9.627 49.884 15.796
v 10.802 -20.057 -0.217
v 11.180 -20.365 -0.217
v 11.180 -20.057 -0.363
v 11.180 -20.057 0.619
v 9.864 -18.000 -0.217
v 11.180 -18.000 -0.543
v 11.180 -19.760 0.986
v 11.180 -18.000 1.674
v 11.180 -16.629 -0.217
v 11.180 -16.714 0.986
v 10.975 -9.771 16.629
v 11.180 -10.090 16.629
v 11.180 -9.771 16.268
v 10.451 -9.771 17.833
v 11.180 -10.578 17.833
v 11.180 -10.482 19.036
v 11.180 -9.984 20.239
v 10.547 -9.771 21.442
v 11.180 -9.771 20.604
v 9.955 -9.771 22.646
v 10.206 -7.714 5.799
v 11.180 -8.750 5.799
v 11.180 -7.714 5.287
v 11.180 -9.738 7.003
v 11.180 -9.704 8.206
v 9.739 -7.714 9.409
v 11.180 -8.943 9.409
v 11.180 -7.714 10.486
v 11.180 -9.632 16.629
v 11.180 -9.441 17.833
v 11.180 -9.468 19.036
v 11.180 -9.664 20.239
v 11.180 -5.657 4.662
v 11.180 -5.657 10.388
v 11.180 -5.430 4.596
v 11.180 -3.600 3.810
v 11.180 -3.600 9.624
v 11.006 -1.543 3.393
v 11.180 -1.543 3.472
v 9.899 -1.543 9.409
v 11.180 -1.543 10.017
v 11.180 0.025 4.596
v 10.941 0.514 4.596
v 11.180 0.514 4.818
v 10.287 0.514 9.409
v 11.180 0.326 10.613
v 11.119 0.514 10.613
v 11.180 0.514 10.670
v 10.906 2.571 4.596
v 11.180 2.571 4.784
v 9.709 2.571 10.613
v 11.180 2.571 11.564
v 11.143 4.628 4.596
v 11.180 4.628 4.614
v 11.180 2.904 11.816
v 11.180 4.257 13.019
v 10.624 4.628 14.223
v 11.180 4.628 13.454
v 10.070 4.628 15.426
v 9.672 4.628 25.052
v 9.749 4.628 26.256
v 9.747 4.628 27.459
v 11.180 5.002 4.596
v 11.180 6.686 4.488
v 11.101 6.686 14.223
v 11.180 6.686 14.043
v 10.791 6.686 15.426
v 10.630 6.686 16.629
v 10.566 6.686 17.833
v 10.601 6.686 19.036
v 10.754 6.686 20.239
v 11.001 6.686 21.442
v 11.180 6.686 22.088
v 11.180 6.524 22.646
v 11.180 6.228 23.849
v 11.180 6.112 25.052
v 11.180 6.153 26.256
v 11.180 6.222 27.459
v 11.180 6.230 28.662
v 11.180 6.538 29.866
v 11.180 7.342 4.596
v 11.180 8.743 4.887
v 11.180 6.872 14.223
v 11.180 7.303 15.426
v 11.180 7.337 16.629
v 11.180 7.251 17.833
v 11.180 7.112 19.036
v 11.180 6.947 20.239
v 11.180 6.781 21.442
v 11.180 10.093 -0.217
v 11.180 10.800 -0.534
v 11.033 10.800 0.986
v 11.180 10.718 0.986
v 11.180 10.800 1.028
v 10.929 10.800 5.799
v 11.180 10.800 5.521
v 10.171 10.800 7.003
v 11.180 12.857 -1.050
v 11.180 12.857 2.185
v 10.740 12.857 4.596
v 11.180 12.169 4.596
v 11.180 12.857 3.626
v 10.042 12.857 5.799
v 9.864 14.914 -5.030
v 10.205 14.914 -3.827
v 10.612 14.914 -2.624
v 11.180 14.914 -1.714
v 11.180 14.232 -1.421
v 11.180 12.871 2.189
v 11.180 13.363 3.393
v 10.076 14.914 4.596
v 10.960 14.914 10.613
v 11.180 14.914 10.108
v 11.180 14.745 10.613
v 11.180 14.583 11.816
v 10.658 14.914 11.816
v 11.180 14.699 13.019
v 10.478 14.914 13.019
v 9.931 14.914 14.223
v 11.180 14.914 13.742
v 9.792 14.914 15.426
v 10.241 16.971 -15.860
v 10.582 16.971 -14.657
v 10.853 16.971 -13.454
v 11.110 16.971 -12.250
v 11.180 16.971 -11.970
v 11.180 16.868 -11.047
v 11.180 16.701 -9.844
v 11.180 16.517 -8.640
v 11.180 16.328 -7.437
v 11.180 16.139 -6.234
v 11.180 15.942 -5.030
v 11.180 15.732 -3.827
v 11.180 15.403 -2.624
v 11.127 16.971 8.206
v 11.180 16.971 8.101
v 11.180 16.867 8.206
v 11.180 15.873 9.409
v 10.814 16.971 9.409
v 10.615 16.971 10.613
v 10.630 16.971 11.816
v 11.180 16.971 12.284
v 11.180 15.880 13.019
v 11.180 17.139 -15.860
v 11.180 17.122 -17.064
v 11.180 17.131 -14.657
v 11.180 17.081 -13.454
v 11.180 16.999 -12.250
v 11.180 17.084 8.206
v 11.180 17.478 9.409
v 11.180 17.445 10.613
v 11.180 17.168 11.816
v 11.000 39.599 20.239
v 11.180 39.599 19.743
v 11.180 39.501 20.239
v 11.180 39.273 21.442
v 10.541 39.599 21.442
v 11.180 39.063 22.646
v 10.118 39.599 22.646
v 11.180 38.868 23.849
v 9.664 39.599 23.849
v 11.180 38.657 25.052
v 11.180 38.426 26.256
v 11.180 38.189 27.459
v 11.180 37.939 28.662
v 11.180 37.694 29.866
v 10.800 41.656 13.019
v 11.180 41.656 12.352
v 11.180 41.458 13.019
v 11.180 41.149 14.223
v 10.158 41.656 14.223
v 11.180 40.844 15.426
v 11.180 40.547 16.629
v 11.180 40.255 17.833
v 11.180 39.863 19.036
v 10.298 43.713 10.613
v 11.180 43.713 10.028
v 11.180 43.263 10.613
v 11.180 42.232 11.816
v 10.867 43.713 28.662
v 11.180 43.590 28.662
v 11.180 43.713 27.798
v 10.482 43.713 29.866
v 11.180 43.423 29.866
v 11.180 45.315 10.613
v 10.279 45.770 11.816
v 11.180 45.770 10.971
v 11.180 45.700 20.239
v 11.180 45.770 19.946
v 11.180 45.388 21.442
v 11.180 44.928 22.646
v 11.180 44.439 23.849
v 11.180 44.132 25.052
v 11.180 43.879 26.256
v 11.180 43.756 27.459
v 10.508 47.827 8.206
v 11.180 47.827 7.116
v 11.180 47.187 8.206
v 11.180 46.507 9.409
v 9.951 47.827 9.409
v 11.180 45.938 10.613
v 9.693 47.827 17.833
v 11.180 47.827 18.499
v 11.180 46.398 19.036
v 10.273 49.884 4.596
v 11.180 49.884 3.750
v 11.180 49.261 4.596
v 11.180 48.488 5.799
v 11.180 47.885 7.003
v 10.028 49.884 15.426
v 11.180 49.189 15.426
v 11.180 49.884 14.644
v 11.180 48.488 16.629
v 11.180 48.093 17.833
v 12.733 -20.610 -0.217
v 12.733 -20.057 -0.504
v 12.733 -20.057 0.777
v 12.733 -18.000 -0.625
v 12.733 -19.725 0.986
v 12.733 -18.000 1.349
v 12.733 -16.143 -0.217
v 12.733 -16.817 0.986
v 11.246 -9.771 7.003
v 12.733 -10.519 7.003
v 12.733 -9.771 6.492
v 11.251 -9.771 8.206
v 12.733 -10.943 8.206
v 11.834 -9.771 9.409
v 12.733 -10.672 9.409
v 12.335 -9.771 10.613
v 12.733 -10.357 10.613
v 12.401 -9.771 11.816
v 12.733 -10.553 11.816
v 12.271 -9.771 13.019
v 12.733 -11.196 13.019
v 12.088 -9.771 14.223
v 12.733 -11.643 14.223
v 11.833 -9.771 15.426
v 12.733 -11.388 15.426
v 12.733 -10.177 16.629
v 11.973 -9.771 17.833
v 12.733 -9.771 16.884
v 11.635 -9.771 19.036
v 11.308 -9.771 20.239
v 12.733 -8.335 5.799
v 12.733 -7.714 5.594
v 11.415 -7.714 10.613
v 12.733 -7.714 11.448
v 12.733 -8.593 11.816
v 12.733 -8.967 13.019
v 12.733 -9.079 14.223
v 12.733 -9.321 15.426
v 12.733 -9.674 16.629
v 12.733 -5.657 5.391
v 11.696 -5.657 10.613
v 12.733 -5.657 11.032
v 11.958 -3.600 4.596
v 12.733 -3.600 5.491
v 12.733 -3.600 10.434
v 12.733 -4.158 10.613
v 12.111 -1.543 4.596
v 12.733 -1.543 5.195
v 12.733 -1.543 9.990
v 12.733 0.514 5.285
v 11.375 0.514 10.613
v 12.733 0.514 10.358
v 12.733 2.571 5.272
v 12.733 1.099 10.613
v 12.733 2.571 11.586
v 12.733 4.628 5.049
v 12.733 3.108 11.816
v 11.730 4.628 13.019
v 12.733 4.628 12.590
v 11.744 6.686 4.596
v 12.733 6.686 4.793
v 12.159 6.686 13.019
v 12.733 6.686 12.639
v 11.361 6.686 22.646
v 11.635 6.686 23.849
v 11.741 6.686 25.052
v 11.791 6.686 26.256
v 11.651 6.686 27.459
v 11.423 6.686 28.662
v 11.225 6.686 29.866
v 12.733 8.743 4.906
v 12.733 7.159 13.019
v 12.733 7.618 14.223
v 12.733 7.698 15.426
v 12.733 7.667 16.629
v 12.733 7.603 17.833
v 12.733 7.515 19.036
v 12.733 7.414 20.239
v 12.733 7.325 21.442
v 12.733 7.285 22.646
v 12.733 7.274 23.849
v 12.733 7.223 25.052
v 12.733 7.141 26.256
v 12.733 7.345 27.459
v 12.733 8.129 28.662
v 12.547 8.743 29.866
v 12.733 8.743 29.518
v 12.733 9.579 -0.217
v 12.733 10.800 -0.819
v 12.733 9.691 0.986
v 12.733 10.800 1.975
v 12.443 10.800 4.596
v 12.733 10.031 4.596
v 12.733 10.800 4.144
v 12.733 8.848 29.866
v 12.733 12.857 -1.075
v 12.733 11.218 2.189
v 11.186 12.857 2.189
v 11.416 12.857 3.393
v 12.733 11.544 3.393
v 11.938 14.914 -1.421
v 12.733 14.914 -1.172
v 12.403 14.914 7.003
v 12.733 14.914 6.407
v 12.733 14.646 7.003
v 12.733 14.138 8.206
v 11.839 14.914 8.206
v 12.733 13.958 9.409
v 11.446 14.914 9.409
v 12.733 14.115 10.613
v 12.733 14.649 11.816
v 11.727 14.914 13.019
v 12.733 14.914 12.261
v 11.598 16.971 -11.047
v 11.966 16.971 -9.844
v 12.205 16.971 -8.640
v 12.388 16.971 -7.437
v 12.520 16.971 -6.234
v 12.617 16.971 -5.030
v 12.733 16.971 -4.262
v 12.733 16.930 -3.827
v 12.733 16.555 -2.624
v 12.733 15.250 -1.421
v 11.670 16.971 7.003
v 12.733 16.971 5.853
v 11.602 16.971 11.816
v 12.733 15.650 11.816
v 12.733 16.971 11.104
v 12.733 17.114 -15.860
v 12.733 17.098 -17.064
v 12.733 17.154 -14.657
v 12.733 17.185 -13.454
v 12.733 17.212 -12.250
v 12.733 17.220 -11.047
v 12.733 17.205 -9.844
v 12.733 17.182 -8.640
v 12.733 17.143 -7.437
v 12.733 17.100 -6.234
v 12.733 17.056 -5.030
v 12.711 19.028 7.003
v 12.733 19.028 6.990
v 12.308 19.028 8.206
v 12.733 19.028 8.942
v 12.733 18.708 9.409
v 12.733 17.530 10.613
v 12.733 19.069 7.003
v 12.733 19.640 8.206
v 12.678 37.542 25.052
v 12.733 37.542 24.889
v 12.733 37.498 25.052
v 12.733 37.256 26.256
v 12.341 37.542 26.256
v 12.733 37.078 27.459
v 12.027 37.542 27.459
v 12.733 36.939 28.662
v 11.695 37.542 28.662
v 12.733 36.832 29.866
v 11.376 37.542 29.866
v 12.502 39.599 16.629
v 12.733 39.599 16.121
v 12.733 39.476 16.629
v 12.733 39.224 17.833
v 12.003 39.599 17.833
v 12.733 38.985 19.036
v 11.471 39.599 19.036
v 12.733 38.753 20.239
v 12.733 38.531 21.442
v 12.733 38.244 22.646
v 12.733 37.896 23.849
v 12.417 41.656 10.613
v 12.733 41.656 10.171
v 12.733 41.496 10.613
v 12.733 41.073 11.816
v 11.551 41.656 11.816
v 12.733 40.715 13.019
v 12.733 40.341 14.223
v 12.733 39.904 15.426
v 12.304 43.713 9.409
v 12.733 43.713 9.202
v 12.733 43.293 9.409
v 12.727 43.713 25.052
v 12.733 43.712 25.052
v 12.733 43.713 25.039
v 11.915 43.713 26.256
v 12.733 43.512 26.256
v 11.384 43.713 27.459
v 12.733 43.330 27.459
v 12.733 43.078 28.662
v 12.733 42.792 29.866
v 12.129 45.770 9.409
v 12.733 45.770 8.727
v 11.372 45.770 10.613
v 11.342 45.770 20.239
v 12.733 45.770 21.264
v 12.733 45.517 21.442
v 12.733 44.284 22.646
v 12.733 43.867 23.849
v 12.016 47.827 5.799
v 12.733 47.827 5.090
v 12.733 47.314 5.799
v 12.733 46.691 7.003
v 11.245 47.827 7.003
v 12.733 46.023 8.206
v 12.733 46.700 19.036
v 12.733 47.827 17.952
v 12.733 46.112 20.239
v 11.546 49.884 3.393
v 12.733 49.884 2.522
v 12.733 49.049 3.393
v 12.733 48.254 4.596
v 12.225 49.884 13.019
v 12.733 49.542 13.019
v 12.733 49.884 12.467
v 11.470 49.884 14.223
v 12.733 49.039 14.223
v 12.733 48.588 15.426
v 12.733 48.250 16.629
v 12.733 47.871 17.833
v 14.285 -20.294 -0.217
v 14.285 -20.057 -0.365
v 14.285 -20.057 0.335
v 14.285 -18.000 -0.687
v 14.285 -19.278 0.986
v 14.285 -18.000 1.276
v 13.801 -15.942 -0.217
v 14.285 -15.942 -0.239
v 14.285 -15.942 -0.090
v 14.285 -16.898 0.986
v 14.285 -15.867 -0.217
v 13.503 -11.828 8.206
v 14.285 -12.310 8.206
v 14.285 -11.828 7.657
v 13.227 -11.828 9.409
v 14.285 -12.812 9.409
v 13.173 -11.828 10.613
v 14.285 -12.951 10.613
v 13.091 -11.828 11.816
v 14.285 -12.938 11.816
v 12.968 -11.828 13.019
v 14.285 -12.779 13.019
v 12.883 -11.828 14.223
v 14.285 -12.383 14.223
v 14.285 -11.828 15.065
v 14.285 -10.402 7.003
v 14.285 -9.771 6.787
v 14.285 -11.110 15.426
v 13.073 -9.771 16.629
v 14.285 -9.771 16.128
v 13.191 -7.714 5.799
v 14.285 -7.714 6.356
v 13.062 -7.714 11.816
v 13.923 -7.714 13.019
v 14.285 -7.714 13.531
v 14.285 -8.131 14.223
v 14.285 -9.032 15.426
v 13.495 -5.657 5.799
v 14.285 -5.657 6.268
v 14.285 -5.657 10.781
v 14.285 -6.747 11.816
v 14.285 -7.479 13.019
v 13.223 -3.600 5.799
v 14.285 -3.600 6.442
v 14.285 -3.600 10.094
v 14.285 -5.155 10.613
v 13.561 -1.543 5.799
v 14.285 -1.543 6.422
v 14.276 -1.543 9.409
v 14.285 -1.543 9.404
v 14.285 -1.553 9.409
v 13.890 0.514 5.799
v 14.285 0.514 6.049
v 14.285 -1.520 9.409
v 14.285 0.514 9.798
v 14.207 2.571 5.799
v 14.285 2.571 5.840
v 14.285 1.554 10.613
v 14.285 2.571 11.620
v 13.490 4.628 -0.217
v 14.285 3.749 -0.217
v 14.285 4.628 -0.702
v 13.639 4.628 0.986
v 14.285 3.874 0.986
v 14.285 4.628 1.604
v 14.285 3.059 5.799
v 14.285 4.628 5.675
v 14.285 3.645 11.816
v 14.285 4.628 12.043
v 14.014 6.686 -0.217
v 14.285 6.686 -0.398
v 14.075 6.686 0.986
v 14.285 6.686 1.242
v 14.285 6.309 5.799
v 14.252 6.686 5.799
v 14.285 6.686 5.829
v 14.285 6.213 13.019
v 13.610 6.686 13.019
v 14.285 6.686 13.670
v 13.804 8.743 -0.217
v 14.285 8.743 -0.474
v 13.889 8.743 0.986
v 14.285 8.743 1.416
v 14.285 7.029 5.799
v 14.285 8.743 5.543
v 14.285 6.827 14.223
v 14.285 7.013 15.426
v 14.285 7.122 16.629
v 14.285 7.199 17.833
v 14.285 7.316 19.036
v 14.285 7.511 20.239
v 14.285 7.683 21.442
v 14.285 7.757 22.646
v 14.285 7.909 23.849
v 14.285 8.540 25.052
v 13.910 8.743 26.256
v 14.285 8.743 25.283
v 13.511 8.743 27.459
v 13.112 8.743 28.662
v 14.285 10.800 -1.088
v 13.097 10.800 2.189
v 14.285 9.623 2.189
v 13.373 10.800 3.393
v 14.285 10.065 3.393
v 14.285 9.732 4.596
v 14.285 9.016 26.256
v 14.285 9.279 27.459
v 14.285 9.424 28.662
v 14.285 9.455 29.866
v 14.285 12.857 -0.975
v 14.285 14.914 -0.852
v 13.250 14.914 3.393
v 14.285 14.914 2.742
v 14.285 14.612 3.393
v 14.285 14.705 4.596
v 13.771 14.914 4.596
v 14.285 14.355 5.799
v 13.388 14.914 5.799
v 14.285 13.895 7.003
v 14.285 13.761 8.206
v 14.285 14.024 9.409
v 14.285 14.629 10.613
v 13.362 14.914 11.816
v 14.285 14.914 11.135
v 12.831 16.971 -3.827
v 13.717 16.971 -2.624
v 14.285 16.971 -2.251
v 14.285 15.843 -1.421
v 14.285 15.208 3.393
v 14.285 15.181 4.596
v 14.285 16.680 5.799
v 14.285 16.971 5.897
v 14.183 16.971 10.613
v 14.285 16.823 10.613
v 14.285 16.971 10.573
v 14.285 17.676 -15.860
v 14.285 17.735 -17.064
v 14.285 17.580 -14.657
v 14.285 17.477 -13.454
v 14.285 17.387 -12.250
v 14.285 17.339 -11.047
v 14.285 17.325 -9.844
v 14.285 17.355 -8.640
v 14.285 17.426 -7.437
v 14.285 17.519 -6.234
v 14.285 17.637 -5.030
v 14.285 17.621 -3.827
v 14.285 17.250 -2.624
v 14.285 18.607 7.003
v 12.819 19.028 7.003
v 14.285 19.028 7.429
v 13.309 19.028 9.409
v 14.285 19.028 10.170
v 14.285 19.682 8.206
v 14.285 19.432 9.409
v 13.946 31.371 9.409
v 14.285 31.371 8.919
v 14.285 30.931 9.409
v 14.285 31.221 10.613
v 14.171 31.371 10.613
v 14.285 31.371 10.745
v 14.285 31.808 9.409
v 14.285 31.515 10.613
v 14.011 37.542 21.442
v 14.285 37.542 20.731
v 14.285 37.317 21.442
v 14.285 36.986 22.646
v 13.578 37.542 22.646
v 14.285 36.738 23.849
v 13.147 37.542 23.849
v 14.285 36.553 25.052
v 14.285 36.395 26.256
v 14.285 36.275 27.459
v 14.285 36.197 28.662
v 14.285 36.164 29.866
v 13.712 39.599 14.223
v 14.285 39.599 13.160
v 14.285 39.306 14.223
v 14.285 39.024 15.426
v 13.091 39.599 15.426
v 14.285 38.740 16.629
v 14.285 38.482 17.833
v 14.285 38.154 19.036
v 14.285 37.745 20.239
v 13.415 41.656 9.409
v 14.285 41.656 8.582
v 14.285 41.212 9.409
v 14.285 40.693 10.613
v 14.285 40.226 11.816
v 14.285 39.673 13.019
v 14.285 43.713 8.535
v 14.285 43.630 25.052
v 14.285 43.713 24.777
v 14.285 43.131 26.256
v 14.285 42.684 27.459
v 14.285 42.232 28.662
v 14.285 41.807 29.866
v 14.157 45.770 7.003
v 14.285 45.770 6.883
v 14.285 45.644 7.003
v 14.285 44.193 8.206
v 13.080 45.770 8.206
v 14.285 45.178 21.442
v 14.285 45.770 21.092
v 14.285 44.225 22.646
v 14.285 43.871 23.849
v 14.120 47.827 3.393
v 14.285 47.827 3.265
v 14.285 47.722 3.393
v 14.285 47.011 4.596
v 13.145 47.827 4.596
v 14.285 46.327 5.799
v 14.163 47.827 16.629
v 14.285 47.753 16.629
v 14.285 47.827 16.529
v 12.838 47.827 17.833
v 14.285 46.909 17.833
v 14.285 46.466 19.036
v 14.285 46.051 20.239
v 14.285 49.751 -17.064
v 14.285 49.884 -15.986
v 14.073 49.884 -17.064
v 13.193 49.884 2.189
v 14.285 49.884 1.152
v 14.285 49.100 2.189
v 13.943 49.884 10.613
v 14.285 49.667 10.613
v 14.285 49.884 10.194
v 13.114 49.884 11.816
v 14.285 49.165 11.816
v 14.285 48.794 13.019
v 14.285 48.454 14.223
v 14.285 48.128 15.426
v 15.184 -20.057 -0.217
v 15.838 -19.802 -0.217
v 15.838 -18.000 -0.812
v 15.838 -19.148 0.986
v 15.838 -18.000 1.464
v 15.838 -15.942 -0.432
v 15.838 -15.942 0.754
v 15.838 -16.194 0.986
v 15.838 -15.401 -0.217
v 15.705 -13.885 9.409
v 15.838 -14.065 9.409
v 15.838 -13.885 9.241
v 15.537 -13.885 10.613
v 15.838 -14.258 10.613
v 15.838 -13.885 11.594
v 15.838 -13.225 8.206
v 15.838 -11.828 7.384
v 15.838 -13.817 11.816
v 15.838 -13.263 13.019
v 15.838 -12.164 14.223
v 15.838 -11.828 14.517
v 15.544 -9.771 7.003
v 15.838 -9.771 7.039
v 15.838 -10.625 15.426
v 15.838 -9.771 16.107
v 15.608 -7.714 7.003
v 15.838 -7.714 7.122
v 14.845 -7.714 14.223
v 15.774 -7.714 15.426
v 15.838 -7.714 15.516
v 15.706 -5.657 -0.217
v 15.838 -5.880 -0.217
v 15.838 -5.657 -0.261
v 15.838 -5.657 0.256
v 15.296 -5.657 7.003
v 15.838 -5.657 7.685
v 15.207 -5.657 10.613
v 15.838 -5.657 10.415
v 15.838 -5.732 10.613
v 15.838 -6.180 11.816
v 15.838 -6.508 13.019
v 15.838 -6.882 14.223
v 15.838 -7.639 15.426
v 15.838 -5.491 -0.217
v 15.023 -3.600 7.003
v 15.838 -3.868 8.206
v 15.741 -3.600 8.206
v 15.838 -4.187 9.409
v 15.445 -3.600 9.409
v 14.909 -1.543 7.003
v 15.379 -1.543 8.206
v 15.838 -1.543 10.143
v 15.817 -1.543 10.613
v 15.838 -1.575 10.613
v 15.838 -1.543 10.693
v 15.189 0.514 7.003
v 15.744 0.514 8.206
v 15.838 -1.463 9.409
v 15.838 0.514 8.369
v 14.955 0.514 10.613
v 15.838 -1.160 11.816
v 15.170 0.514 11.816
v 15.334 0.514 13.019
v 15.838 -0.571 13.019
v 15.838 0.514 14.175
v 15.451 2.571 7.003
v 15.838 2.571 7.527
v 15.838 0.693 8.206
v 14.550 2.571 11.816
v 15.492 2.571 13.019
v 15.838 2.571 13.520
v 15.838 3.792 -0.217
v 15.838 4.628 -0.811
v 15.838 3.919 0.986
v 15.838 4.628 1.594
v 14.380 4.628 5.799
v 15.409 4.628 7.003
v 15.838 4.628 7.598
v 15.838 4.601 13.019
v 15.838 4.628 13.013
v 15.838 6.686 -0.963
v 15.838 6.686 1.613
v 15.484 6.686 7.003
v 15.838 6.686 7.365
v 15.838 4.633 13.019
v 14.513 6.686 14.223
v 15.838 5.150 14.223
v 14.820 6.686 15.426
v 15.838 5.443 15.426
v 15.037 6.686 16.629
v 15.838 5.723 16.629
v 15.351 6.686 17.833
v 15.838 6.179 17.833
v 15.838 6.686 18.962
v 15.838 8.743 -1.305
v 15.838 8.510 2.189
v 15.547 8.743 2.189
v 15.838 8.743 2.369
v 15.149 8.743 5.799
v 15.838 8.743 5.993
v 15.838 7.432 7.003
v 15.838 6.714 19.036
v 15.838 6.912 20.239
v 15.838 7.716 21.442
v 15.218 8.743 22.646
v 15.838 8.743 21.764
v 14.712 8.743 23.849
v 14.361 8.743 25.052
v 15.838 10.800 -1.308
v 15.838 9.362 3.393
v 15.838 9.310 4.596
v 15.838 8.894 5.799
v 15.838 9.246 22.646
v 15.838 9.661 23.849
v 15.838 9.860 25.052
v 15.838 9.922 26.256
v 15.838 9.901 27.459
v 15.838 9.805 28.662
v 15.838 9.661 29.866
v 15.838 12.857 -0.846
v 15.838 14.914 -0.689
v 14.529 14.914 3.393
v 14.432 14.914 4.596
v 14.881 14.914 5.799
v 15.750 14.914 7.003
v 15.838 14.914 7.276
v 15.838 14.635 8.206
v 15.838 14.805 9.409
v 15.109 14.914 10.613
v 15.838 14.914 9.808
v 15.838 15.919 -1.421
v 15.838 16.971 -2.356
v 15.369 16.971 7.003
v 15.838 16.971 7.745
v 14.580 16.971 10.613
v 15.838 16.410 10.613
v 15.838 16.971 10.743
v 15.838 17.758 -15.860
v 15.838 17.787 -17.064
v 15.838 17.735 -14.657
v 15.838 17.714 -13.454
v 15.838 17.689 -12.250
v 15.838 17.659 -11.047
v 15.838 17.624 -9.844
v 15.838 17.605 -8.640
v 15.838 17.612 -7.437
v 15.838 17.690 -6.234
v 15.838 17.797 -5.030
v 15.838 17.712 -3.827
v 15.838 17.187 -2.624
v 15.838 19.028 8.070
v 15.838 17.247 10.613
v 15.838 19.028 9.892
v 15.838 19.178 8.206
v 15.838 19.318 9.409
v 15.410 29.314 9.409
v 15.838 29.314 8.898
v 15.838 28.942 9.409
v 15.838 28.926 10.613
v 15.342 29.314 10.613
v 15.838 29.314 11.449
v 15.383 31.371 8.206
v 15.838 31.371 8.110
v 15.838 30.876 8.206
v 15.838 31.371 11.707
v 15.838 31.615 8.206
v 15.256 33.428 9.409
v 15.838 33.428 9.010
v 15.078 33.428 10.613
v 15.838 33.428 11.621
v 15.838 33.827 9.409
v 15.838 33.891 10.613
v 15.544 37.542 17.833
v 15.838 37.542 17.252
v 15.838 37.292 17.833
v 15.838 36.848 19.036
v 15.015 37.542 19.036
v 15.838 36.494 20.239
v 14.511 37.542 20.239
v 15.838 36.215 21.442
v 15.838 35.981 22.646
v 15.838 35.803 23.849
v 15.838 35.693 25.052
v 15.838 35.648 26.256
v 15.838 35.674 27.459
v 15.838 35.787 28.662
v 15.838 35.951 29.866
v 15.049 39.599 11.816
v 15.838 39.599 10.619
v 15.838 39.209 11.816
v 15.838 38.869 13.019
v 14.360 39.599 13.019
v 15.838 38.561 14.223
v 15.838 38.240 15.426
v 15.838 37.827 16.629
v 14.872 41.656 8.206
v 15.838 41.656 7.698
v 15.838 41.097 8.206
v 15.838 40.228 9.409
v 15.838 39.604 10.613
v 15.803 41.656 27.459
v 15.838 41.635 27.459
v 15.838 41.656 27.403
v 15.119 41.656 28.662
v 15.838 41.167 28.662
v 14.529 41.656 29.866
v 15.838 40.758 29.866
v 14.879 43.713 8.206
v 15.838 43.713 7.777
v 15.838 43.129 25.052
v 15.838 43.713 24.395
v 15.838 42.270 26.256
v 15.141 45.770 5.799
v 15.838 45.770 4.988
v 15.838 45.280 5.799
v 15.838 44.362 7.003
v 15.782 45.770 20.239
v 15.838 45.741 20.239
v 15.838 45.770 20.216
v 15.838 44.804 21.442
v 15.838 44.252 22.646
v 15.838 43.873 23.849
v 15.838 47.827 2.247
v 15.838 46.771 3.393
v 15.838 45.999 4.596
v 14.927 47.827 15.426
v 15.838 47.256 15.426
v 15.838 47.827 14.336
v 15.838 46.816 16.629
v 15.838 46.416 17.833
v 15.838 46.126 19.036
v 15.838 49.030 -15.860
v 14.310 49.884 -15.860
v 15.838 48.939 -17.064
v 15.838 49.124 -14.657
v 14.451 49.884 -14.657
v 15.838 49.242 -13.454
v 14.708 49.884 -13.454
v 15.838 49.338 -12.250
v 14.872 49.884 -12.250
v 15.838 49.438 -11.047
v 15.069 49.884 -11.047
v 15.838 49.583 -9.844
v 15.309 49.884 -9.844
v 15.838 49.629 -8.640
v 15.410 49.884 -8.640
v 15.838 49.768 -7.437
v 15.638 49.884 -7.437
v 15.838 49.812 -6.234
v 15.718 49.884 -6.234
v 15.838 49.855 -5.030
v 15.790 49.884 -5.030
v 15.838 49.851 -3.827
v 15.784 49.884 -3.827
v 15.838 49.787 -2.624
v 15.686 49.884 -2.624
v 15.838 49.581 -1.421
v 15.382 49.884 -1.421
v 15.838 49.286 -0.217
v 15.005 49.884 -0.217
v 15.838 48.775 0.986
v 14.377 49.884 0.986
v 15.838 47.894 2.189
v 15.626 49.884 8.206
v 15.838 49.771 8.206
v 15.838 49.884 7.958
v 14.803 49.884 9.409
v 15.838 49.309 9.409
v 15.838 48.910 10.613
v 15.838 48.570 11.816
v 15.838 48.212 13.019
v 15.838 47.864 14.223
v 17.391 -19.110 -0.217
v 17.391 -18.000 -0.775
v 17.391 -18.751 0.986
v 17.391 -18.000 1.520
v 17.391 -15.942 -0.651
v 16.166 -15.942 0.986
v 17.391 -15.942 1.267
v 17.391 -14.915 -0.217
v 17.391 -15.436 0.986
v 17.391 -14.707 9.409
v 17.391 -13.885 8.865
v 17.391 -15.167 10.613
v 15.948 -13.885 11.816
v 17.391 -15.053 11.816
v 16.416 -13.885 13.019
v 17.391 -14.814 13.019
v 16.574 -13.885 14.223
v 17.391 -14.718 14.223
v 16.538 -13.885 15.426
v 17.391 -14.664 15.426
v 16.443 -13.885 16.629
v 17.391 -14.485 16.629
v 16.474 -13.885 17.833
v 17.391 -14.102 17.833
v 17.391 -13.885 18.256
v 17.391 -13.030 8.206
v 17.391 -11.828 7.720
v 16.447 -11.828 15.426
v 16.677 -11.828 16.629
v 16.967 -11.828 17.833
v 17.391 -11.828 18.396
v 17.391 -9.771 7.395
v 16.760 -9.771 16.629
v 17.391 -9.771 17.160
v 17.391 -10.777 17.833
v 17.391 -7.714 7.637
v 16.838 -7.714 16.629
v 17.391 -7.744 17.833
v 17.384 -7.714 17.833
v 17.391 -7.714 17.866
v 17.391 -7.264 -0.217
v 17.391 -5.657 -0.839
v 16.082 -5.657 0.986
v 17.391 -6.782 0.986
v 17.391 -5.657 1.519
v 17.391 -6.381 8.206
v 16.524 -5.657 8.206
v 17.391 -5.657 9.003
v 15.993 -5.657 10.613
v 16.423 -5.657 11.816
v 16.609 -5.657 13.019
v 16.820 -5.657 14.223
v 17.104 -5.657 15.426
v 17.259 -5.657 16.629
v 17.247 -5.657 17.833
v 17.391 -6.894 19.036
v 17.157 -5.657 19.036
v 17.038 -5.657 20.239
v 17.391 -6.744 20.239
v 16.987 -5.657 21.442
v 17.391 -6.368 21.442
v 17.340 -5.657 22.646
v 17.391 -5.693 22.646
v 17.391 -5.657 22.687
v 17.391 -4.225 -0.217
v 17.391 -4.524 0.986
v 17.391 -4.587 9.409
v 17.325 -3.600 10.613
v 17.391 -3.600 10.505
v 17.284 -3.600 11.816
v 17.391 -3.600 12.576
v 17.391 -3.725 13.019
v 17.391 -4.287 14.223
v 17.391 -4.954 15.426
v 17.391 -5.295 16.629
v 17.391 -5.217 17.833
v 17.391 -4.927 19.036
v 17.391 -4.664 20.239
v 17.391 -4.712 21.442
v 17.391 -5.573 22.646
v 15.874 -1.543 9.409
v 17.391 -2.980 9.409
v 17.391 -1.543 8.353
v 16.106 -1.543 11.816
v 17.391 -3.081 13.019
v 16.965 -1.543 13.019
v 17.391 -1.543 13.357
v 16.194 0.514 8.206
v 17.391 -0.896 8.206
v 17.391 0.514 7.963
v 17.391 0.514 13.898
v 17.391 1.119 8.206
v 16.716 2.571 8.206
v 17.391 2.571 8.577
v 17.391 1.883 14.223
v 16.810 2.571 14.223
v 17.391 2.571 14.532
v 16.720 4.628 -0.217
v 16.470 4.628 0.986
v 16.452 4.628 8.206
v 17.391 4.628 8.888
v 15.841 4.628 13.019
v 16.269 4.628 14.223
v 17.391 3.898 15.426
v 16.828 4.628 15.426
v 17.391 4.628 16.197
v 17.391 6.451 -0.217
v 17.391 6.686 -0.308
v 17.003 6.686 0.986
v 17.391 6.686 0.148
v 17.054 6.686 8.206
v 17.391 6.686 8.392
v 17.391 4.914 16.629
v 17.391 5.361 17.833
v 15.884 6.686 19.036
v 17.391 5.855 19.036
v 17.391 6.686 19.671
v 17.391 8.743 -0.967
v 17.391 7.288 0.986
v 17.336 8.743 2.189
v 17.391 8.743 2.183
v 17.391 8.489 7.003
v 17.391 8.743 6.505
v 17.391 6.986 8.206
v 17.391 8.743 19.431
v 16.658 8.743 20.239
v 15.990 8.743 21.442
v 17.391 10.800 -1.017
v 17.391 8.748 2.189
v 17.391 9.157 3.393
v 17.391 9.181 4.596
v 17.391 9.067 5.799
v 17.391 9.483 20.239
v 17.391 9.948 21.442
v 17.391 10.127 22.646
v 17.391 10.195 23.849
v 17.391 10.192 25.052
v 17.391 10.140 26.256
v 17.391 10.048 27.459
v 17.391 9.922 28.662
v 17.391 9.744 29.866
v 17.391 12.857 -0.402
v 17.131 12.857 14.223
v 17.391 12.857 13.636
v 17.391 12.489 14.223
v 17.391 12.309 15.426
v 17.023 12.857 15.426
v 17.391 12.857 15.898
v 17.391 14.914 -0.621
v 16.246 14.914 8.206
v 16.170 14.914 9.409
v 17.391 13.187 14.223
v 17.391 13.065 15.426
v 17.391 15.665 -1.421
v 17.391 16.971 -2.530
v 16.242 16.971 8.206
v 16.550 16.971 9.409
v 15.934 16.971 10.613
v 17.391 17.704 -15.860
v 17.391 17.780 -17.064
v 17.391 17.630 -14.657
v 17.391 17.577 -13.454
v 17.391 17.548 -12.250
v 17.391 17.551 -11.047
v 17.391 17.593 -9.844
v 17.391 17.692 -8.640
v 17.391 17.858 -7.437
v 17.391 18.083 -6.234
v 17.391 18.220 -5.030
v 17.391 17.996 -3.827
v 17.391 17.067 -2.624
v 15.975 19.028 8.206
v 16.095 19.028 9.409
v 17.391 29.314 9.119
v 17.391 28.913 9.409
v 17.391 28.649 10.613
v 17.391 29.314 11.430
v 16.044 31.371 8.206
v 17.391 31.371 8.842
v 17.391 30.121 11.816
v 16.092 31.371 11.816
v 17.391 31.371 12.144
v 17.391 33.428 8.969
v 17.391 32.343 11.816
v 17.391 33.428 11.497
v 17.391 33.957 9.409
v 17.391 33.938 10.613
v 17.278 35.485 20.239
v 17.391 35.485 19.733
v 17.391 35.393 20.239
v 17.391 35.281 21.442
v 17.074 35.485 21.442
v 17.391 35.242 22.646
v 16.884 35.485 22.646
v 17.391 35.257 23.849
v 16.722 35.485 23.849
v 17.391 35.328 25.052
v 16.685 35.485 25.052
v 17.391 35.434 26.256
v 16.974 35.485 26.256
v 17.391 35.485 26.706
v 16.758 37.542 15.426
v 17.391 37.542 14.394
v 17.391 36.912 15.426
v 17.391 36.358 16.629
v 16.165 37.542 16.629
v 17.391 35.950 17.833
v 17.391 35.627 19.036
v 17.391 35.656 27.459
v 17.391 35.986 28.662
v 17.391 36.305 29.866
v 17.164 39.599 8.206
v 17.391 39.599 7.599
v 17.391 39.470 8.206
v 17.391 39.152 9.409
v 16.445 39.599 9.409
v 17.391 38.843 10.613
v 15.842 39.599 10.613
v 17.391 38.493 11.816
v 17.391 38.115 13.019
v 17.391 37.625 14.223
v 17.391 41.656 7.422
v 16.722 41.656 26.256
v 17.391 41.214 26.256
v 17.391 41.656 25.452
v 17.391 40.649 27.459
v 17.391 40.206 28.662
v 17.391 39.874 29.866
v 17.172 43.713 7.003
v 17.391 43.713 6.890
v 17.391 43.376 7.003
v 17.391 42.050 25.052
v 17.391 43.713 23.900
v 17.177 45.770 3.393
v 17.391 45.770 3.187
v 17.391 45.652 3.393
v 17.391 44.956 4.596
v 16.095 45.770 4.596
v 17.391 44.378 5.799
v 16.893 45.770 19.036
v 17.391 45.462 19.036
v 17.391 45.770 18.510
v 17.391 44.882 20.239
v 17.391 44.461 21.442
v 17.391 44.080 22.646
v 17.391 43.727 23.849
v 15.924 47.827 2.189
v 17.391 47.827 1.301
v 17.391 46.714 2.189
v 16.584 47.827 13.019
v 17.391 47.330 13.019
v 17.391 47.827 12.008
v 15.897 47.827 14.223
v 17.391 46.876 14.223
v 17.391 46.544 15.426
v 17.391 46.233 16.629
v 17.391 45.927 17.833
v 17.391 48.157 -15.860
v 17.391 48.032 -17.064
v 17.391 48.332 -14.657
v 17.391 48.455 -13.454
v 17.391 48.613 -12.250
v 17.391 48.707 -11.047
v 17.391 48.828 -9.844
v 17.391 48.912 -8.640
v 17.391 48.986 -7.437
v 17.391 49.025 -6.234
v 17.391 49.048 -5.030
v 17.391 49.014 -3.827
v 17.391 48.909 -2.624
v 17.391 48.776 -1.421
v 17.391 48.484 -0.217
v 17.391 48.019 0.986
v 17.176 49.884 7.003
v 17.391 49.815 7.003
v 17.391 49.884 6.873
v 17.391 49.240 8.206
v 17.391 48.791 9.409
v 17.391 48.376 10.613
v 17.391 47.903 11.816
v 18.744 -18.000 -0.217
v 18.321 -18.000 0.986
v 18.944 -17.359 -0.217
v 18.944 -15.942 -0.439
v 18.944 -16.036 0.986
v 18.944 -15.942 1.006
v 18.572 -15.942 11.816
v 18.944 -16.058 11.816
v 18.944 -15.942 10.930
v 18.944 -15.942 12.643
v 18.944 -14.888 -0.217
v 18.944 -15.875 0.986
v 18.944 -14.519 9.409
v 18.944 -13.885 9.139
v 18.944 -15.870 10.613
v 18.944 -15.870 13.019
v 18.944 -15.443 14.223
v 18.944 -14.874 15.426
v 18.944 -14.090 16.629
v 17.700 -13.885 17.833
v 18.944 -13.885 16.898
v 18.265 -11.828 8.206
v 18.944 -11.828 8.711
v 18.944 -12.128 17.833
v 18.944 -11.828 18.048
v 18.944 -10.037 8.206
v 18.944 -9.771 8.136
v 18.155 -9.771 17.833
v 18.944 -9.771 18.203
v 18.022 -7.714 -0.217
v 18.944 -8.172 -0.217
v 18.944 -7.714 -0.544
v 18.653 -7.714 0.986
v 18.944 -7.864 0.986
v 18.944 -7.714 1.117
v 18.944 -7.714 7.999
v 17.702 -7.714 19.036
v 18.944 -8.677 19.036
v 18.944 -7.714 19.894
v 18.833 -5.657 -1.421
v 18.944 -5.783 -1.421
v 18.944 -5.657 -1.446
v 18.944 -5.657 2.144
v 18.775 -5.657 8.206
v 18.944 -5.657 8.113
v 18.944 -7.181 20.239
v 18.769 -5.657 21.442
v 18.944 -5.657 21.382
v 17.424 -5.657 22.646
v 18.944 -5.559 -1.421
v 18.944 -3.624 -0.217
v 18.944 -3.794 0.986
v 18.944 -5.345 8.206
v 18.234 -3.600 9.409
v 18.944 -3.600 8.969
v 17.464 -3.600 13.019
v 17.695 -3.600 14.223
v 17.847 -3.600 15.426
v 17.914 -3.600 16.629
v 17.929 -3.600 17.833
v 17.937 -3.600 19.036
v 18.093 -3.600 20.239
v 18.944 -3.600 21.193
v 18.944 -1.543 8.473
v 18.140 -1.543 14.223
v 18.437 -1.543 15.426
v 18.449 -1.543 16.629
v 18.398 -1.543 17.833
v 18.386 -1.543 19.036
v 18.511 -1.543 20.239
v 18.944 -1.543 21.212
v 17.968 0.514 8.206
v 18.944 0.514 8.557
v 18.169 0.514 14.223
v 18.816 0.514 15.426
v 18.773 0.514 16.629
v 18.690 0.514 17.833
v 18.704 0.514 19.036
v 18.944 0.514 19.988
v 18.944 0.175 20.239
v 18.944 2.571 9.189
v 18.169 2.571 15.426
v 18.944 2.571 16.398
v 18.944 1.839 16.629
v 18.944 1.237 17.833
v 18.944 0.917 19.036
v 18.944 4.628 9.298
v 17.908 4.628 16.629
v 18.944 3.140 16.629
v 18.944 4.628 16.955
v 17.490 6.686 -0.217
v 18.944 6.686 8.938
v 18.944 6.686 17.702
v 18.646 6.686 17.833
v 17.656 6.686 19.036
v 18.496 8.743 -0.217
v 18.401 8.743 0.986
v 17.867 8.743 7.003
v 18.944 8.743 7.693
v 18.944 8.205 8.206
v 18.330 8.743 17.833
v 18.944 8.743 17.282
v 17.591 8.743 19.036
v 18.380 10.800 -0.217
v 18.742 10.800 0.986
v 18.944 9.989 2.189
v 18.944 10.800 1.260
v 18.944 9.635 3.393
v 18.944 9.617 4.596
v 18.944 9.698 5.799
v 18.944 9.437 7.003
v 18.944 9.408 17.833
v 18.944 9.989 19.036
v 18.944 10.214 20.239
v 18.944 10.305 21.442
v 18.944 10.331 22.646
v 18.944 10.314 23.849
v 18.944 10.269 25.052
v 18.944 10.177 26.256
v 18.944 10.041 27.459
v 18.944 9.857 28.662
v 18.944 9.633 29.866
v 17.668 12.857 -0.217
v 18.132 12.857 0.986
v 18.944 12.857 1.659
v 18.401 12.857 11.816
v 18.944 12.857 10.722
v 18.944 12.286 11.816
v 18.944 12.334 13.019
v 18.120 12.857 13.019
v 17.825 12.857 14.223
v 18.944 12.857 13.399
v 17.575 12.857 15.426
v 18.939 14.914 -0.217
v 18.944 14.914 -0.211
v 18.944 14.288 0.986
v 18.944 13.399 11.816
v 18.944 13.060 13.019
v 18.944 15.676 -1.421
v 18.944 16.971 -2.615
v 18.944 14.915 -0.217
v 18.944 17.910 -15.860
v 18.944 18.018 -17.064
v 18.944 17.794 -14.657
v 18.944 17.700 -13.454
v 18.944 17.643 -12.250
v 18.944 17.639 -11.047
v 18.944 17.697 -9.844
v 18.944 17.823 -8.640
v 18.944 18.003 -7.437
v 18.944 18.193 -6.234
v 18.944 18.235 -5.030
v 18.944 17.941 -3.827
v 18.944 16.980 -2.624
v 18.875 27.256 -8.640
v 18.944 27.256 -9.040
v 18.944 27.102 -8.640
v 18.944 26.552 -7.437
v 18.641 27.256 -7.437
v 18.944 26.125 -6.234
v 18.479 27.256 -6.234
v 18.944 26.529 -5.030
v 18.650 27.256 -5.030
v 18.944 27.256 -4.578
v 18.944 29.068 -8.640
v 18.603 29.314 -7.437
v 18.944 29.314 -8.615
v 18.320 29.314 -6.234
v 18.423 29.314 -5.030
v 18.944 29.314 -4.471
v 17.722 29.314 9.409
v 18.495 29.314 10.613
v 18.944 30.289 -7.437
v 18.924 31.371 -6.234
v 18.944 31.371 -6.297
v 18.944 31.371 -5.993
v 18.944 31.095 -5.030
v 18.243 31.371 9.409
v 18.944 31.371 10.084
v 18.944 29.842 10.613
v 18.944 30.833 11.816
v 18.944 31.371 12.012
v 18.944 31.401 -6.234
v 18.062 33.428 9.409
v 18.944 32.768 10.613
v 18.638 33.428 10.613
v 18.944 31.908 11.816
v 18.909 35.485 15.426
v 18.944 35.485 15.333
v 18.944 35.430 15.426
v 18.944 35.073 16.629
v 18.537 35.485 16.629
v 18.944 34.930 17.833
v 18.159 35.485 17.833
v 18.944 34.889 19.036
v 17.702 35.485 19.036
v 18.944 34.906 20.239
v 18.944 34.982 21.442
v 18.944 35.100 22.646
v 18.944 35.256 23.849
v 18.944 35.437 25.052
v 17.865 35.485 26.256
v 18.944 35.485 25.361
v 18.836 37.542 4.596
v 18.944 37.542 4.434
v 18.944 37.484 4.596
v 18.944 37.282 5.799
v 18.495 37.542 5.799
v 18.944 37.397 7.003
v 18.729 37.542 7.003
v 18.944 37.542 7.333
v 18.179 37.542 13.019
v 18.944 37.542 11.945
v 18.944 36.577 13.019
v 18.944 35.915 14.223
v 17.492 37.542 14.223
v 18.944 35.807 26.256
v 18.944 36.202 27.459
v 18.944 36.537 28.662
v 18.944 36.783 29.866
v 18.944 38.088 4.596
v 18.645 39.599 5.799
v 18.944 39.599 5.567
v 17.782 39.599 7.003
v 18.944 38.422 8.206
v 18.944 38.397 9.409
v 18.944 38.082 10.613
v 18.944 37.600 11.816
v 18.944 39.734 5.799
v 18.944 40.456 7.003
v 18.944 41.656 7.546
v 18.840 41.656 25.052
v 18.944 41.628 25.052
v 18.944 41.656 25.021
v 18.944 40.852 26.256
v 18.944 40.308 27.459
v 18.944 39.897 28.662
v 18.944 39.637 29.866
v 18.758 43.713 5.799
v 18.944 43.713 5.618
v 18.944 43.594 5.799
v 18.944 42.510 7.003
v 17.967 43.713 23.849
v 18.944 43.498 23.849
v 18.944 43.713 23.745
v 18.565 45.770 2.189
v 18.944 45.770 1.981
v 18.944 45.565 2.189
v 18.944 44.763 3.393
v 18.944 44.147 4.596
v 18.416 45.770 16.629
v 18.944 45.424 16.629
v 18.944 45.770 15.857
v 17.711 45.770 17.833
v 18.944 45.000 17.833
v 18.944 44.691 19.036
v 18.944 44.391 20.239
v 18.944 44.126 21.442
v 18.944 43.898 22.646
v 17.684 47.827 -17.064
v 18.944 47.255 -15.860
v 17.864 47.827 -15.860
v 18.944 47.153 -17.064
v 18.944 47.404 -14.657
v 18.161 47.827 -14.657
v 18.944 47.501 -13.454
v 18.349 47.827 -13.454
v 18.944 47.687 -12.250
v 18.690 47.827 -12.250
v 18.944 47.827 -11.079
v 18.797 47.827 -0.217
v 18.944 47.827 -0.392
v 18.944 47.712 -0.217
v 18.944 46.792 0.986
v 17.720 47.827 0.986
v 18.431 47.827 10.613
v 18.944 47.528 10.613
v 18.944 47.827 10.085
v 17.501 47.827 11.816
v 18.944 46.922 11.816
v 18.944 46.513 13.019
v 18.944 46.177 14.223
v 18.944 45.875 15.426
v 18.944 47.832 -11.047
v 18.944 48.004 -9.844
v 18.944 48.203 -8.640
v 18.944 48.302 -7.437
v 18.944 48.406 -6.234
v 18.944 48.414 -5.030
v 18.944 48.400 -3.827
v 18.944 48.295 -2.624
v 18.944 48.105 -1.421
v 18.944 49.565 7.003
v 18.944 49.884 6.508
v 18.944 48.875 8.206
v 18.944 48.218 9.409
v 19.555 -15.942 -0.217
v 18.985 -15.942 0.986
v 20.497 -16.122 11.816
v 20.497 -15.942 11.016
v 20.497 -15.942 12.538
v 20.497 -14.308 9.409
v 20.497 -13.885 9.206
v 20.497 -15.833 10.613
v 20.497 -15.816 13.019
v 20.497 -15.063 14.223
v 20.497 -14.026 15.426
v 19.194 -13.885 16.629
v 20.497 -13.885 15.579
v 20.330 -11.828 -0.217
v 20.497 -12.383 -0.217
v 20.497 -11.828 -0.323
v 20.497 -11.828 0.251
v 20.497 -11.828 9.106
v 20.497 -12.292 16.629
v 19.204 -11.828 17.833
v 20.497 -11.828 17.037
v 20.297 -9.771 -0.217
v 20.497 -9.771 -0.406
v 20.497 -9.771 0.748
v 19.086 -9.771 8.206
v 20.497 -9.771 8.952
v 19.963 -9.771 17.833
v 20.497 -9.771 17.710
v 20.497 -7.714 -0.922
v 20.497 -9.584 0.986
v 20.497 -7.714 1.621
v 19.354 -7.714 8.206
v 20.497 -7.714 8.876
v 20.497 -9.513 17.833
v 19.838 -7.714 19.036
v 20.497 -7.714 18.692
v 19.344 -5.657 -1.421
v 20.497 -5.657 -1.235
v 20.497 -5.899 2.189
v 19.693 -5.657 2.189
v 20.497 -5.657 2.362
v 19.281 -5.657 8.206
v 20.497 -5.657 8.710
v 20.497 -6.933 19.036
v 19.889 -5.657 20.239
v 20.497 -5.657 19.781
v 20.497 -4.477 -0.217
v 20.497 -4.595 0.986
v 20.497 -5.542 2.189
v 20.497 -3.600 9.232
v 20.497 -4.160 20.239
v 20.497 -3.600 20.452
v 20.497 -3.288 9.409
v 19.744 -1.543 9.409
v 20.497 -1.543 9.910
v 20.497 -1.543 20.885
v 19.667 0.514 9.409
v 20.497 0.514 10.134
v 20.497 0.514 20.169
v 20.497 0.346 20.239
v 19.425 2.571 9.409
v 20.497 2.571 9.890
v 19.184 2.571 16.629
v 20.497 2.571 17.259
v 20.497 2.058 17.833
v 20.497 1.198 19.036
v 19.436 4.628 9.409
v 20.497 4.628 9.687
v 20.497 3.431 16.629
v 19.340 4.628 16.629
v 20.497 4.628 16.159
v 20.497 6.100 9.409
v 20.497 6.686 9.304
v 19.587 6.686 16.629
v 20.497 6.686 15.856
v 19.637 8.743 8.206
v 20.497 8.743 8.767
v 19.389 8.743 16.629
v 20.497 8.743 15.490
v 19.564 10.800 2.189
v 20.302 10.800 3.393
v 20.497 10.800 4.213
v 20.497 10.721 4.596
v 20.473 10.800 5.799
v 20.497 10.800 5.537
v 20.434 10.800 7.003
v 20.497 10.800 7.310
v 20.497 10.373 8.206
v 20.497 9.672 16.629
v 20.497 10.023 17.833
v 20.497 10.176 19.036
v 20.497 10.246 20.239
v 20.497 10.274 21.442
v 20.497 10.260 22.646
v 20.497 10.202 23.849
v 20.497 10.089 25.052
v 20.497 9.901 26.256
v 20.497 9.653 27.459
v 20.497 9.472 28.662
v 20.497 9.518 29.866
v 19.611 12.857 2.189
v 20.497 12.857 2.770
v 20.497 11.400 3.393
v 20.497 10.836 5.799
v 20.497 10.907 7.003
v 20.285 12.857 9.409
v 20.497 12.857 9.156
v 20.497 12.425 9.409
v 20.497 12.835 10.613
v 20.282 12.857 10.613
v 19.414 12.857 11.816
v 20.497 12.857 10.621
v 19.089 12.857 13.019
v 19.792 14.914 0.986
v 20.497 14.914 1.284
v 20.497 13.858 2.189
v 20.497 12.971 9.409
v 20.497 12.862 10.613
v 19.076 16.971 -2.624
v 20.497 16.886 -2.624
v 20.497 16.971 -2.712
v 20.497 15.844 -1.421
v 20.497 15.327 -0.217
v 20.497 15.092 0.986
v 20.497 18.490 -15.860
v 20.497 18.538 -17.064
v 20.497 18.442 -14.657
v 20.497 18.427 -13.454
v 20.497 18.445 -12.250
v 20.497 18.487 -11.047
v 20.497 18.553 -9.844
v 20.497 18.630 -8.640
v 20.497 18.704 -7.437
v 20.497 18.733 -6.234
v 20.497 18.560 -5.030
v 20.497 17.996 -3.827
v 20.419 25.199 -13.454
v 20.497 25.199 -14.118
v 20.497 25.062 -13.454
v 20.497 24.744 -12.250
v 20.270 25.199 -12.250
v 20.497 24.363 -11.047
v 20.110 25.199 -11.047
v 20.497 23.936 -9.844
v 19.913 25.199 -9.844
v 20.497 23.573 -8.640
v 19.694 25.199 -8.640
v 20.497 23.325 -7.437
v 19.478 25.199 -7.437
v 20.497 23.307 -6.234
v 19.324 25.199 -6.234
v 20.497 23.961 -5.030
v 19.569 25.199 -5.030
v 20.497 25.199 -4.177
v 19.430 27.256 -17.064
v 20.497 25.439 -15.860
v 19.443 27.256 -15.860
v 20.497 25.526 -17.064
v 20.497 25.314 -14.657
v 19.442 27.256 -14.657
v 19.402 27.256 -13.454
v 19.320 27.256 -12.250
v 19.207 27.256 -11.047
v 19.072 27.256 -9.844
v 20.497 26.059 -3.827
v 19.747 27.256 -3.827
v 20.497 27.256 -3.478
v 20.101 29.314 -15.860
v 20.219 29.314 -17.064
v 19.957 29.314 -14.657
v 19.792 29.314 -13.454
v 19.614 29.314 -12.250
v 19.416 29.314 -11.047
v 19.206 29.314 -9.844
v 18.952 29.314 -8.640
v 19.849 29.314 -3.827
v 20.497 29.314 -3.592
v 20.497 30.114 -17.064
v 20.497 30.423 -15.860
v 20.497 30.784 -14.657
v 20.497 31.159 -13.454
v 20.436 31.371 -12.250
v 20.497 31.371 -12.766
v 20.269 31.371 -11.047
v 20.026 31.371 -9.844
v 19.722 31.371 -8.640
v 19.337 31.371 -7.437
v 19.044 31.371 -5.030
v 20.497 31.371 -4.044
v 20.497 30.597 -3.827
v 19.492 31.371 10.613
v 19.558 31.371 11.816
v 20.497 31.472 -12.250
v 20.497 31.690 -11.047
v 20.497 31.948 -9.844
v 20.497 32.204 -8.640
v 20.497 32.460 -7.437
v 20.497 32.660 -6.234
v 20.497 32.472 -5.030
v 19.971 35.485 13.019
v 20.497 35.485 12.023
v 20.497 33.599 13.019
v 20.497 33.889 14.223
v 19.470 35.485 14.223
v 20.497 34.077 15.426
v 20.497 34.231 16.629
v 20.497 34.396 17.833
v 20.497 34.587 19.036
v 20.497 34.813 20.239
v 20.497 35.067 21.442
v 20.497 35.330 22.646
v 20.146 35.485 23.849
v 20.497 35.485 23.429
v 19.202 35.485 25.052
v 20.320 37.542 3.393
v 20.497 37.542 3.315
v 20.497 37.457 3.393
v 20.497 36.579 4.596
v 20.497 36.271 5.799
v 20.497 36.432 7.003
v 20.497 36.954 8.206
v 19.690 37.542 8.206
v 20.497 37.148 9.409
v 20.149 37.542 9.409
v 20.497 36.440 10.613
v 19.718 37.542 10.613
v 20.497 35.589 11.816
v 19.023 37.542 11.816
v 20.497 35.664 23.849
v 20.497 36.127 25.052
v 20.497 36.484 26.256
v 20.497 36.733 27.459
v 20.497 36.882 28.662
v 20.497 36.970 29.866
v 20.497 37.661 3.393
v 20.497 39.003 4.596
v 19.277 39.599 5.799
v 20.497 39.368 5.799
v 19.999 39.599 7.003
v 20.497 39.418 7.003
v 20.497 39.599 7.260
v 20.497 41.656 7.902
v 18.983 41.656 25.052
v 19.851 41.656 26.256
v 20.289 41.656 27.459
v 20.449 41.656 28.662
v 20.384 41.656 29.866
v 19.697 43.713 4.596
v 20.497 43.713 3.565
v 20.497 43.336 4.596
v 20.497 42.936 5.799
v 20.497 42.406 7.003
v 19.460 43.713 23.849
v 20.497 43.713 24.595
v 20.497 43.460 25.052
v 20.497 42.921 26.256
v 20.497 42.288 27.459
v 20.497 41.907 28.662
v 20.497 43.134 29.866
v 20.497 45.770 1.058
v 20.497 44.434 2.189
v 20.497 43.795 3.393
v 20.319 45.770 13.019
v 20.497 45.650 13.019
v 20.497 45.770 12.805
v 19.607 45.770 14.223
v 20.497 45.161 14.223
v 19.112 45.770 15.426
v 20.497 44.866 15.426
v 20.497 44.607 16.629
v 20.497 44.388 17.833
v 20.497 44.206 19.036
v 20.497 44.052 20.239
v 20.497 43.935 21.442
v 20.497 43.831 22.646
v 20.497 43.749 23.849
v 20.497 46.452 -15.860
v 20.497 46.341 -17.064
v 20.497 46.602 -14.657
v 20.497 46.772 -13.454
v 20.497 46.923 -12.250
v 20.497 47.061 -11.047
v 18.951 47.827 -11.047
v 20.497 47.210 -9.844
v 19.199 47.827 -9.844
v 20.497 47.365 -8.640
v 19.522 47.827 -8.640
v 20.497 47.452 -7.437
v 19.696 47.827 -7.437
v 20.497 47.567 -6.234
v 19.935 47.827 -6.234
v 20.497 47.597 -5.030
v 20.003 47.827 -5.030
v 20.497 47.580 -3.827
v 20.011 47.827 -3.827
v 20.497 47.447 -2.624
v 19.811 47.827 -2.624
v 20.497 47.114 -1.421
v 19.413 47.827 -1.421
v 20.497 46.653 -0.217
v 20.497 45.829 0.986
v 19.707 47.827 9.409
v 20.497 47.476 9.409
v 20.497 47.827 8.888
v 20.497 46.749 10.613
v 20.497 46.170 11.816
v 20.497 49.441 7.003
v 20.497 49.884 6.456
v 20.497 48.503 8.206
v 20.841 -15.942 11.816
v 21.015 -13.885 9.409
v 22.050 -13.885 9.918
v 22.050 -14.731 10.613
v 22.050 -15.224 11.816
v 22.050 -14.849 13.019
v 22.050 -13.917 14.223
v 20.668 -13.885 15.426
v 22.050 -13.885 14.258
v 22.050 -12.512 -0.217
v 22.050 -11.828 -0.609
v 21.654 -11.828 0.986
v 22.050 -11.954 0.986
v 22.050 -11.828 1.052
v 21.576 -11.828 9.409
v 22.050 -11.828 9.562
v 22.050 -12.356 15.426
v 21.016 -11.828 16.629
v 22.050 -11.828 15.923
v 22.050 -9.771 -1.305
v 20.591 -9.771 0.986
v 22.050 -9.771 1.714
v 21.593 -9.771 9.409
v 22.050 -9.771 9.608
v 22.050 -9.826 16.629
v 22.050 -9.771 16.653
v 22.050 -7.714 -0.937
v 22.050 -7.714 1.532
v 21.363 -7.714 9.409
v 22.050 -7.714 9.734
v 21.294 -7.714 17.833
v 22.050 -7.714 17.209
v 22.050 -6.412 -0.217
v 21.664 -5.657 -0.217
v 22.050 -6.712 0.986
v 21.542 -5.657 0.986
v 20.605 -5.657 2.189
v 21.021 -5.657 9.409
v 22.050 -5.657 9.935
v 22.050 -6.250 17.833
v 21.143 -5.657 19.036
v 22.050 -5.657 18.188
v 20.686 -3.600 9.409
v 22.050 -3.600 9.890
v 22.050 -3.875 19.036
v 20.712 -3.600 20.239
v 22.050 -3.600 19.194
v 22.050 -1.543 10.135
v 21.116 -1.543 20.239
v 22.050 -1.543 19.622
v 22.050 0.514 10.362
v 22.050 0.514 19.157
v 22.050 2.571 10.334
v 22.050 2.571 17.084
v 22.050 1.835 17.833
v 22.050 0.662 19.036
v 22.050 4.628 10.095
v 21.471 4.628 15.426
v 22.050 4.628 15.087
v 22.050 4.132 15.426
v 22.050 2.921 16.629
v 20.978 6.686 9.409
v 22.050 6.686 9.697
v 21.755 6.686 14.223
v 22.050 6.686 13.926
v 22.050 6.009 14.223
v 20.832 6.686 15.426
v 21.489 8.743 9.409
v 22.050 8.743 9.847
v 21.508 8.743 14.223
v 22.050 8.743 13.613
v 20.550 8.743 15.426
v 21.814 8.743 26.256
v 22.050 8.486 26.256
v 22.050 8.743 25.254
v 21.761 8.743 27.459
v 22.050 8.483 27.459
v 22.050 8.743 28.620
v 20.660 10.800 4.596
v 20.869 10.800 8.206
v 21.781 10.800 9.409
v 22.050 10.800 9.555
v 22.050 9.203 14.223
v 22.050 9.693 15.426
v 22.050 9.908 16.629
v 22.050 10.003 17.833
v 22.050 10.028 19.036
v 22.050 9.991 20.239
v 22.050 9.885 21.442
v 22.050 9.673 22.646
v 22.050 9.316 23.849
v 22.050 8.806 25.052
v 22.050 8.758 28.662
v 22.050 8.944 29.866
v 21.925 12.857 3.393
v 22.050 12.857 3.435
v 22.050 11.639 4.596
v 22.050 11.364 5.799
v 22.050 11.360 7.003
v 22.050 11.367 8.206
v 20.606 12.857 9.409
v 22.050 10.916 9.409
v 20.502 12.857 10.613
v 22.050 14.225 2.189
v 22.050 14.914 1.324
v 22.050 12.902 3.393
v 22.050 16.792 -2.624
v 22.050 16.971 -2.777
v 22.050 15.770 -1.421
v 22.050 15.361 -0.217
v 22.050 15.128 0.986
v 22.050 18.730 -15.860
v 22.050 18.602 -17.064
v 22.050 18.907 -14.657
v 21.863 19.028 -13.454
v 22.050 19.028 -13.978
v 21.568 19.028 -12.250
v 21.369 19.028 -11.047
v 21.197 19.028 -9.844
v 21.057 19.028 -8.640
v 20.946 19.028 -7.437
v 20.952 19.028 -6.234
v 21.435 19.028 -5.030
v 22.050 19.028 -4.591
v 22.050 18.313 -3.827
v 22.050 19.388 -13.454
v 22.050 20.160 -12.250
v 22.050 20.923 -11.047
v 21.885 21.085 -9.844
v 22.050 21.085 -10.806
v 21.740 21.085 -8.640
v 21.646 21.085 -7.437
v 21.721 21.085 -6.234
v 22.050 21.085 -5.488
v 22.050 20.276 -5.030
v 21.852 23.142 -12.250
v 22.050 23.142 -12.796
v 22.050 22.608 -12.250
v 22.050 21.309 -11.047
v 21.378 23.142 -11.047
v 20.990 23.142 -9.844
v 20.736 23.142 -8.640
v 20.591 23.142 -7.437
v 20.587 23.142 -6.234
v 22.050 21.493 -5.030
v 21.032 23.142 -5.030
v 22.050 23.142 -4.277
v 20.661 25.199 -17.064
v 22.050 23.689 -15.860
v 20.611 25.199 -15.860
v 22.050 23.833 -17.064
v 22.050 23.508 -14.657
v 20.549 25.199 -14.657
v 22.050 23.288 -13.454
v 22.050 24.234 -3.827
v 21.090 25.199 -3.827
v 22.050 25.199 -3.406
v 22.050 27.256 -2.767
v 22.050 29.314 -3.019
v 20.830 31.371 -15.860
v 20.907 31.371 -17.064
v 20.718 31.371 -14.657
v 20.586 31.371 -13.454
v 21.053 31.371 -3.827
v 22.050 31.371 -3.509
v 22.050 33.428 -16.623
v 22.050 33.364 -15.860
v 22.016 33.428 -17.064
v 22.050 33.329 -14.657
v 22.050 33.291 -13.454
v 22.050 33.262 -12.250
v 22.050 33.295 -11.047
v 22.050 33.376 -9.844
v 21.995 33.428 -8.640
v 22.050 33.428 -9.207
v 21.815 33.428 -7.437
v 21.786 33.428 -6.234
v 22.050 33.428 -5.723
v 22.050 33.207 -5.030
v 22.050 31.977 -3.827
v 21.283 33.428 11.816
v 22.050 33.428 11.707
v 22.050 33.138 11.816
v 22.050 32.004 13.019
v 20.607 33.428 13.019
v 22.050 32.305 14.223
v 20.958 33.428 14.223
v 22.050 32.985 15.426
v 21.486 33.428 15.426
v 22.050 33.428 16.289
v 22.050 33.453 -17.064
v 22.050 33.465 -8.640
v 22.050 33.573 -7.437
v 22.050 33.563 -6.234
v 20.647 35.485 11.816
v 22.050 35.485 10.672
v 22.050 33.581 16.629
v 22.050 34.098 17.833
v 22.050 34.593 19.036
v 22.050 35.044 20.239
v 22.050 35.408 21.442
v 21.209 35.485 22.646
v 22.050 35.485 21.775
v 20.760 37.542 3.393
v 22.050 37.542 3.800
v 22.050 36.680 4.596
v 22.050 36.502 5.799
v 22.050 36.944 7.003
v 22.050 37.329 8.206
v 22.050 36.753 9.409
v 22.050 35.544 10.613
v 22.050 35.862 22.646
v 22.050 36.264 23.849
v 22.050 36.540 25.052
v 22.050 36.721 26.256
v 22.050 36.848 27.459
v 22.050 36.916 28.662
v 22.050 37.014 29.866
v 22.050 38.241 4.596
v 22.050 38.408 5.799
v 22.050 38.113 7.003
v 21.259 39.599 8.206
v 22.050 38.030 8.206
v 22.050 39.599 8.593
v 22.050 41.656 8.010
v 22.050 41.160 8.206
v 21.280 43.713 2.189
v 22.050 43.713 1.165
v 22.050 43.333 2.189
v 22.050 42.960 3.393
v 20.598 43.713 3.393
v 22.050 42.639 4.596
v 22.050 42.434 5.799
v 22.050 42.130 7.003
v 21.901 43.713 21.442
v 22.050 43.625 21.442
v 22.050 43.713 21.089
v 21.379 43.713 22.646
v 22.050 43.374 22.646
v 20.830 43.713 23.849
v 22.050 43.201 23.849
v 22.050 43.122 25.052
v 22.050 43.190 26.256
v 22.050 43.654 27.459
v 21.024 43.713 28.662
v 22.050 43.713 27.543
v 20.540 43.713 29.866
v 21.365 45.770 -17.064
v 22.050 45.470 -15.860
v 21.545 45.770 -15.860
v 22.050 45.359 -17.064
v 22.050 45.661 -14.657
v 21.862 45.770 -14.657
v 22.050 45.770 -13.950
v 20.594 45.770 0.986
v 22.050 45.770 0.003
v 22.050 43.895 0.986
v 21.118 45.770 11.816
v 22.050 45.150 11.816
v 22.050 45.770 11.031
v 22.050 44.639 13.019
v 22.050 44.360 14.223
v 22.050 44.187 15.426
v 22.050 44.043 16.629
v 22.050 43.929 17.833
v 22.050 43.839 19.036
v 22.050 43.762 20.239
v 22.050 43.920 28.662
v 22.050 44.265 29.866
v 22.050 45.855 -13.454
v 22.050 46.074 -12.250
v 22.050 46.288 -11.047
v 22.050 46.496 -9.844
v 22.050 46.679 -8.640
v 22.050 46.842 -7.437
v 22.050 46.957 -6.234
v 22.050 46.972 -5.030
v 22.050 46.926 -3.827
v 22.050 46.735 -2.624
v 22.050 46.374 -1.421
v 22.050 45.891 -0.217
v 22.050 47.037 9.409
v 22.050 47.827 8.382
v 22.050 46.104 10.613
v 22.050 49.510 7.003
v 22.050 49.884 6.573
v 22.050 48.140 8.206
v 22.674 -13.885 10.613
v 23.132 -13.885 11.816
v 23.015 -13.885 13.019
v 22.095 -13.885 14.223
v 23.459 -11.828 -1.421
v 23.603 -11.948 -1.421
v 23.603 -11.828 -1.466
v 23.603 -13.493 -0.217
v 23.603 -13.061 0.986
v 23.603 -11.828 1.741
v 23.332 -11.828 10.613
v 23.603 -11.828 11.011
v 23.603 -12.816 11.816
v 23.603 -12.977 13.019
v 23.603 -12.359 14.223
v 22.828 -11.828 15.426
v 23.603 -11.828 14.832
v 22.173 -9.771 -1.421
v 23.603 -9.771 -2.085
v 23.603 -10.859 2.189
v 22.779 -9.771 2.189
v 23.603 -9.771 2.595
v 23.603 -10.251 10.613
v 23.603 -9.771 10.529
v 23.603 -10.067 15.426
v 22.082 -9.771 16.629
v 23.603 -9.771 15.526
v 22.652 -7.714 -1.421
v 23.603 -7.714 -1.777
v 23.151 -7.714 2.189
v 23.603 -7.714 2.378
v 23.603 -7.714 10.189
v 22.720 -7.714 16.629
v 23.603 -7.714 15.819
v 23.603 -7.065 -1.421
v 23.603 -6.213 -0.217
v 23.603 -6.361 0.986
v 23.603 -7.425 2.189
v 23.603 -5.657 10.188
v 23.603 -6.208 16.629
v 22.501 -5.657 17.833
v 23.603 -5.657 17.004
v 23.603 -3.600 10.204
v 23.603 -4.309 17.833
v 22.287 -3.600 19.036
v 23.603 -3.600 18.297
v 23.603 -1.543 10.264
v 22.850 -1.543 19.036
v 23.603 -1.543 18.598
v 23.603 0.514 10.499
v 22.207 0.514 19.036
v 23.603 0.514 18.190
v 23.603 1.123 10.613
v 22.850 2.571 10.613
v 23.603 2.571 10.926
v 23.603 2.571 16.900
v 23.603 1.216 17.833
v 22.821 4.628 10.613
v 23.603 4.628 11.711
v 23.239 4.628 14.223
v 23.603 4.628 13.548
v 23.603 4.364 14.223
v 23.603 3.667 15.426
v 23.603 2.785 16.629
v 22.823 6.686 10.613
v 23.603 4.747 11.816
v 23.024 6.686 11.816
v 23.603 4.839 13.019
v 22.697 6.686 13.019
v 23.399 6.686 29.866
v 23.603 6.445 29.866
v 23.603 6.686 29.011
v 22.536 8.743 10.613
v 22.789 8.743 11.816
v 22.496 8.743 13.019
v 23.301 8.743 21.442
v 23.603 8.327 21.442
v 23.603 8.743 20.738
v 22.905 8.743 22.646
v 23.603 7.765 22.646
v 22.567 8.743 23.849
v 23.603 7.431 23.849
v 22.121 8.743 25.052
v 23.603 7.321 25.052
v 23.603 7.323 26.256
v 23.603 7.206 27.459
v 22.063 8.743 28.662
v 23.603 6.814 28.662
v 22.165 8.743 29.866
v 23.603 10.365 10.613
v 23.603 10.800 10.033
v 23.603 9.713 11.816
v 23.603 9.525 13.019
v 23.603 9.525 14.223
v 23.603 9.571 15.426
v 23.603 9.595 16.629
v 23.603 9.539 17.833
v 23.603 9.356 19.036
v 23.603 8.980 20.239
v 22.133 12.857 3.393
v 23.603 11.980 3.393
v 23.603 12.857 2.442
v 23.603 11.489 4.596
v 23.603 11.352 5.799
v 23.603 11.409 7.003
v 23.603 11.429 8.206
v 23.603 11.106 9.409
v 23.480 14.914 -1.421
v 23.603 14.808 -1.421
v 23.603 14.914 -1.487
v 22.704 14.914 -0.217
v 23.603 14.036 -0.217
v 22.352 14.914 0.986
v 23.603 13.759 0.986
v 23.603 13.098 2.189
v 23.603 16.337 -2.624
v 23.603 16.971 -3.016
v 23.603 18.511 -15.860
v 23.603 18.084 -17.064
v 23.297 19.028 -14.657
v 23.603 19.028 -14.763
v 23.603 18.690 -3.827
v 23.603 19.028 -4.028
v 23.603 19.493 -14.657
v 23.174 21.085 -13.454
v 23.603 21.085 -14.204
v 22.593 21.085 -12.250
v 22.131 21.085 -11.047
v 22.393 21.085 -5.030
v 23.603 21.085 -4.333
v 23.086 23.142 -17.064
v 23.603 22.014 -15.860
v 22.792 23.142 -15.860
v 23.603 22.517 -17.064
v 23.603 21.352 -14.657
v 22.492 23.142 -14.657
v 22.207 23.142 -13.454
v 23.603 22.962 -3.827
v 23.460 23.142 -3.827
v 23.603 23.142 -3.780
v 23.603 24.734 -2.624
v 23.121 25.199 -2.624
v 23.603 25.199 -1.860
v 22.277 27.256 -2.624
v 23.603 26.099 -1.421
v 23.297 27.256 -1.421
v 23.603 27.029 -0.217
v 23.552 27.256 -0.217
v 23.603 27.256 -0.009
v 23.022 29.314 -2.624
v 23.603 29.314 -2.213
v 23.603 27.930 -1.421
v 23.603 27.368 -0.217
v 23.603 30.179 -2.624
v 23.603 31.371 -3.040
v 23.086 31.371 14.223
v 23.603 31.371 13.430
v 23.603 31.092 14.223
v 23.603 31.371 15.255
v 22.129 33.428 -15.860
v 22.180 33.428 -14.657
v 22.232 33.428 -13.454
v 22.266 33.428 -12.250
v 22.217 33.428 -11.047
v 22.114 33.428 -9.844
v 22.450 33.428 -5.030
v 23.603 33.428 -4.250
v 23.603 32.870 -3.827
v 22.609 33.428 11.816
v 23.603 33.428 12.034
v 23.603 31.626 13.019
v 23.603 31.477 15.426
v 23.603 33.009 16.629
v 22.675 33.428 16.629
v 23.603 33.428 16.939
v 23.603 34.400 -15.860
v 23.603 34.376 -17.064
v 23.603 34.462 -14.657
v 23.603 34.525 -13.454
v 23.603 34.612 -12.250
v 23.603 34.710 -11.047
v 23.603 34.796 -9.844
v 23.603 34.837 -8.640
v 23.603 34.827 -7.437
v 23.603 34.640 -6.234
v 23.603 34.120 -5.030
v 23.603 35.485 10.881
v 23.603 33.736 11.816
v 23.603 34.079 17.833
v 23.603 34.771 19.036
v 23.603 35.243 20.239
v 23.158 35.485 21.442
v 23.603 35.485 21.310
v 22.686 37.542 4.596
v 22.855 37.542 5.799
v 22.534 37.542 7.003
v 22.267 37.542 8.206
v 23.312 37.542 9.409
v 23.603 37.542 9.534
v 23.603 35.900 10.613
v 23.603 35.538 21.442
v 23.603 35.851 22.646
v 23.603 36.045 23.849
v 23.603 36.147 25.052
v 23.603 36.287 26.256
v 23.603 36.550 27.459
v 23.603 36.791 28.662
v 23.603 36.838 29.866
v 23.603 37.957 9.409
v 23.603 39.599 8.951
v 23.112 41.656 7.003
v 23.603 41.656 6.120
v 23.603 41.283 7.003
v 23.603 40.445 8.206
v 23.180 43.713 -0.217
v 23.603 43.713 -0.448
v 23.603 43.071 -0.217
v 23.603 42.471 0.986
v 22.182 43.713 0.986
v 23.603 42.277 2.189
v 23.603 42.040 3.393
v 23.603 41.858 4.596
v 23.603 41.717 5.799
v 23.314 43.713 15.426
v 23.603 43.490 15.426
v 23.603 43.713 14.638
v 23.026 43.713 16.629
v 23.603 43.293 16.629
v 22.763 43.713 17.833
v 23.603 43.145 17.833
v 22.509 43.713 19.036
v 23.603 43.030 19.036
v 22.249 43.713 20.239
v 23.603 42.938 20.239
v 23.603 42.896 21.442
v 23.603 42.923 22.646
v 23.603 43.050 23.849
v 23.603 43.344 25.052
v 23.017 43.713 26.256
v 23.603 43.713 25.865
v 22.094 43.713 27.459
v 23.603 44.491 -15.860
v 23.603 44.338 -17.064
v 23.603 44.691 -14.657
v 23.603 44.893 -13.454
v 22.164 45.770 -13.454
v 23.603 45.110 -12.250
v 22.479 45.770 -12.250
v 23.603 45.325 -11.047
v 22.816 45.770 -11.047
v 23.603 45.538 -9.844
v 23.175 45.770 -9.844
v 23.603 45.770 -8.659
v 23.144 45.770 -1.421
v 23.603 45.770 -2.075
v 23.603 45.157 -1.421
v 22.242 45.770 -0.217
v 22.886 45.770 10.613
v 23.603 45.460 10.613
v 23.603 45.770 10.337
v 23.603 44.517 11.816
v 23.603 44.030 13.019
v 23.603 43.763 14.223
v 23.603 43.813 26.256
v 23.603 44.224 27.459
v 23.603 44.730 28.662
v 23.603 45.275 29.866
v 23.603 45.775 -8.640
v 23.603 46.037 -7.437
v 23.603 46.241 -6.234
v 23.603 46.307 -5.030
v 23.603 46.215 -3.827
v 23.603 45.940 -2.624
v 23.603 46.848 9.409
v 23.603 47.827 8.334
v 23.603 49.752 7.003
v 23.603 49.884 6.849
v 23.603 48.155 8.206
v 25.115 -44.742 29.866
v 25.156 -44.862 29.866
v 25.156 -44.742 29.657
v 25.156 -44.392 29.866
v 24.973 -22.114 -0.217
v 25.156 -22.267 -0.217
v 25.156 -22.114 -0.297
v 25.156 -22.114 0.094
v 25.156 -21.929 -0.217
v 24.977 -20.057 15.426
v 25.156 -20.382 15.426
v 25.156 -20.057 15.037
v 24.815 -20.057 16.629
v 25.156 -20.660 16.629
v 24.802 -20.057 17.833
v 25.156 -20.643 17.833
v 24.949 -20.057 19.036
v 25.156 -20.380 19.036
v 25.156 -20.057 19.643
v 24.793 -18.000 15.426
v 25.156 -18.000 14.617
v 24.634 -18.000 16.629
v 24.597 -18.000 17.833
v 24.632 -18.000 19.036
v 25.156 -19.189 20.239
v 24.868 -18.000 20.239
v 25.156 -18.000 20.744
v 25.097 -15.942 -0.217
v 25.156 -16.034 -0.217
v 25.156 -15.942 -0.255
v 25.156 -15.942 -0.096
v 25.156 -16.947 15.426
v 25.156 -16.594 16.629
v 25.156 -16.790 17.833
v 25.156 -17.085 19.036
v 25.156 -17.601 20.239
v 24.951 -13.885 -1.421
v 25.156 -14.215 -1.421
v 25.156 -13.885 -1.527
v 23.866 -13.885 -0.217
v 25.156 -15.448 0.986
v 24.160 -13.885 0.986
v 25.156 -13.885 1.819
v 25.156 -11.828 -2.418
v 24.114 -11.828 2.189
v 25.156 -13.258 2.189
v 25.156 -11.828 2.817
v 24.183 -11.828 11.816
v 24.543 -11.828 13.019
v 24.280 -11.828 14.223
v 24.395 -9.771 -2.624
v 25.156 -11.240 -2.624
v 25.156 -9.771 -3.059
v 25.020 -9.771 3.393
v 25.156 -9.980 3.393
v 25.156 -9.771 3.451
v 23.705 -9.771 10.613
v 24.640 -9.771 11.816
v 24.998 -9.771 13.019
v 24.853 -9.771 14.223
v 23.760 -9.771 15.426
v 24.523 -7.714 -2.624
v 25.156 -7.714 -3.048
v 24.627 -7.714 3.393
v 25.156 -7.714 3.733
v 24.225 -7.714 10.613
v 25.063 -7.714 11.816
v 25.156 -7.714 12.495
v 25.156 -8.410 13.019
v 25.041 -7.714 14.223
v 25.156 -7.714 13.555
v 24.210 -7.714 15.426
v 25.156 -6.674 -2.624
v 24.439 -5.657 -1.421
v 25.156 -5.657 -2.067
v 23.941 -5.657 -0.217
v 24.022 -5.657 0.986
v 24.552 -5.657 2.189
v 25.156 -5.657 2.958
v 25.156 -6.564 3.393
v 24.618 -5.657 10.613
v 25.156 -5.657 10.982
v 25.156 -7.377 11.816
v 25.156 -7.479 14.223
v 25.156 -6.579 15.426
v 24.416 -5.657 16.629
v 25.156 -5.657 16.207
v 25.156 -4.980 -1.421
v 25.156 -4.499 -0.217
v 25.156 -4.582 0.986
v 25.156 -5.091 2.189
v 25.104 -3.600 10.613
v 25.156 -3.600 10.630
v 25.156 -5.094 16.629
v 24.625 -3.600 17.833
v 25.156 -3.600 17.591
v 25.156 -3.410 10.613
v 25.156 -1.543 10.474
v 25.156 -2.059 17.833
v 25.156 -1.543 17.945
v 25.156 -0.766 10.613
v 24.246 0.514 10.613
v 25.156 0.514 10.800
v 24.548 0.514 17.833
v 25.156 0.514 17.515
v 25.156 -1.157 17.833
v 25.156 2.571 11.799
v 25.156 2.571 16.711
v 25.156 2.592 11.816
v 23.670 4.628 11.816
v 25.156 3.520 13.019
v 23.855 4.628 13.019
v 25.156 3.773 14.223
v 25.156 3.529 15.426
v 25.156 2.647 16.629
v 25.102 6.686 20.239
v 25.156 6.545 20.239
v 25.156 6.686 20.032
v 24.910 6.686 21.442
v 25.156 6.214 21.442
v 24.781 6.686 22.646
v 25.156 6.153 22.646
v 24.691 6.686 23.849
v 25.156 6.208 23.849
v 24.583 6.686 25.052
v 25.156 6.219 25.052
v 24.387 6.686 26.256
v 25.156 6.116 26.256
v 24.123 6.686 27.459
v 25.156 5.966 27.459
v 23.758 6.686 28.662
v 25.156 5.858 28.662
v 25.156 5.833 29.866
v 23.802 8.743 -0.217
v 25.156 8.069 -0.217
v 25.156 8.743 -0.798
v 24.463 8.743 0.986
v 25.156 8.445 0.986
v 25.156 8.743 1.212
v 24.897 8.743 16.629
v 25.156 8.377 16.629
v 25.156 8.743 15.978
v 24.509 8.743 17.833
v 25.156 7.699 17.833
v 24.159 8.743 19.036
v 25.156 7.070 19.036
v 23.798 8.743 20.239
v 24.268 10.800 -0.217
v 25.156 10.800 -1.298
v 24.374 10.800 0.986
v 25.156 10.800 2.051
v 24.629 10.800 10.613
v 25.156 10.800 10.822
v 25.156 10.216 11.816
v 25.156 9.616 13.019
v 25.156 9.206 14.223
v 25.156 8.889 15.426
v 24.682 12.857 -1.421
v 25.156 11.075 -1.421
v 25.156 12.857 -1.827
v 24.193 12.857 -0.217
v 24.112 12.857 0.986
v 25.156 10.936 2.189
v 23.823 12.857 2.189
v 25.156 11.574 3.393
v 25.156 11.809 4.596
v 25.156 12.043 5.799
v 25.156 12.295 7.003
v 25.156 12.238 8.206
v 25.156 11.658 9.409
v 25.156 10.926 10.613
v 24.807 14.914 -2.624
v 25.156 14.421 -2.624
v 25.156 14.914 -2.807
v 25.156 16.845 -17.064
v 25.031 16.971 -17.064
v 25.156 16.971 -16.838
v 25.156 16.971 -3.456
v 25.156 17.849 -15.860
v 25.156 19.028 -14.733
v 25.156 18.784 -3.827
v 25.156 19.028 -3.894
v 25.125 21.085 -15.860
v 25.156 21.085 -15.901
v 25.156 21.040 -15.860
v 24.021 21.085 -14.657
v 25.156 21.085 -3.869
v 25.156 21.500 -17.064
v 25.156 21.173 -3.827
v 25.156 23.091 -2.624
v 25.123 23.142 -2.624
v 25.156 23.142 -2.554
v 25.156 23.571 -1.421
v 23.774 25.199 -1.421
v 25.156 23.669 -0.217
v 23.899 25.199 -0.217
v 25.156 23.906 0.986
v 24.099 25.199 0.986
v 25.156 25.011 2.189
v 25.005 25.199 2.189
v 25.156 25.199 2.289
v 23.991 27.256 0.986
v 25.156 27.256 1.648
v 25.156 25.597 2.189
v 24.988 29.314 -1.421
v 25.156 29.314 -1.034
v 25.156 29.088 -0.217
v 25.156 28.474 0.986
v 25.156 31.117 -2.624
v 25.156 31.371 -2.731
v 25.156 29.477 -1.421
v 25.156 31.371 13.532
v 25.156 30.376 14.223
v 25.156 30.269 15.426
v 23.751 31.371 15.426
v 25.156 31.371 15.997
v 24.633 33.428 -3.827
v 25.156 33.428 -3.628
v 25.156 33.428 12.684
v 25.156 32.379 13.019
v 25.156 33.298 16.629
v 25.156 33.428 16.678
v 24.565 35.485 -15.860
v 24.692 35.485 -17.064
v 24.438 35.485 -14.657
v 24.357 35.485 -13.454
v 24.291 35.485 -12.250
v 24.254 35.485 -11.047
v 24.243 35.485 -9.844
v 24.277 35.485 -8.640
v 24.376 35.485 -7.437
v 24.697 35.485 -6.234
v 25.156 35.485 -5.502
v 25.156 35.181 -5.030
v 25.156 33.736 -3.827
v 25.156 35.485 11.494
v 25.156 34.909 11.816
v 25.156 34.228 17.833
v 25.156 34.742 19.036
v 25.156 35.017 20.239
v 25.156 35.131 21.442
v 23.715 35.485 21.442
v 25.156 35.175 22.646
v 24.195 35.485 22.646
v 25.156 35.223 23.849
v 24.420 35.485 23.849
v 25.156 35.388 25.052
v 24.803 35.485 25.052
v 25.156 35.485 25.489
v 25.156 36.753 -17.064
v 25.156 36.668 -15.860
v 25.156 36.589 -14.657
v 25.156 36.516 -13.454
v 25.156 36.456 -12.250
v 25.156 36.393 -11.047
v 25.156 36.337 -9.844
v 25.156 36.301 -8.640
v 25.156 36.224 -7.437
v 25.156 35.928 -6.234
v 25.156 37.542 10.151
v 25.156 36.899 10.613
v 25.156 35.767 26.256
v 25.156 36.032 27.459
v 25.156 36.027 28.662
v 25.156 35.800 29.866
v 25.156 39.599 8.425
v 25.156 38.560 9.409
v 24.628 41.656 -0.217
v 25.156 41.656 -0.620
v 25.156 41.438 -0.217
v 25.156 41.389 0.986
v 24.514 41.656 0.986
v 25.156 41.356 2.189
v 24.543 41.656 2.189
v 25.156 41.032 3.393
v 24.237 41.656 3.393
v 25.156 40.597 4.596
v 23.935 41.656 4.596
v 25.156 40.306 5.799
v 23.704 41.656 5.799
v 25.156 40.076 7.003
v 25.156 39.711 8.206
v 24.561 43.713 -17.064
v 25.156 43.134 -15.860
v 24.776 43.713 -15.860
v 25.156 42.860 -17.064
v 25.156 43.513 -14.657
v 25.035 43.713 -14.657
v 25.156 43.713 -14.146
v 25.156 43.713 -1.134
v 24.783 43.713 13.019
v 25.156 43.480 13.019
v 25.156 43.713 12.746
v 23.778 43.713 14.223
v 25.156 42.939 14.223
v 25.156 42.692 15.426
v 25.156 42.585 16.629
v 25.156 42.547 17.833
v 25.156 42.550 19.036
v 25.156 42.611 20.239
v 25.156 42.748 21.442
v 25.156 42.996 22.646
v 25.156 43.451 23.849
v 24.251 43.713 25.052
v 25.156 43.713 24.335
v 25.156 43.834 -13.454
v 25.156 44.068 -12.250
v 25.156 44.324 -11.047
v 25.156 44.590 -9.844
v 25.156 44.857 -8.640
v 23.609 45.770 -8.640
v 25.156 45.112 -7.437
v 23.946 45.770 -7.437
v 25.156 45.305 -6.234
v 24.253 45.770 -6.234
v 25.156 45.378 -5.030
v 24.396 45.770 -5.030
v 25.156 45.278 -3.827
v 24.286 45.770 -3.827
v 25.156 44.919 -2.624
v 23.871 45.770 -2.624
v 25.156 43.950 -1.421
v 25.156 45.104 10.613
v 25.156 45.770 10.064
v 25.156 44.155 11.816
v 25.156 44.008 25.052
v 25.156 44.550 26.256
v 25.156 45.132 27.459
v 25.151 45.770 28.662
v 25.156 45.770 28.656
v 24.280 45.770 29.866
v 25.156 46.825 9.409
v 25.156 47.827 8.486
v 25.156 45.774 28.662
v 25.156 46.440 29.866
v 24.116 49.884 7.003
v 25.156 49.884 7.274
v 25.156 48.648 8.206
v 26.475 -46.799 29.866
v 26.709 -46.977 29.866
v 26.709 -46.799 29.247
v 26.557 -44.742 23.849
v 26.709 -44.986 23.849
v 26.709 -44.742 23.183
v 26.278 -44.742 25.052
v 26.709 -45.417 25.052
v 25.984 -44.742 26.256
v 26.709 -45.830 26.256
v 25.695 -44.742 27.459
v 26.709 -46.222 27.459
v 25.397 -44.742 28.662
v 26.709 -46.605 28.662
v 26.506 -42.685 22.646
v 26.709 -44.175 22.646
v 26.709 -42.685 21.671
v 26.281 -42.685 23.849
v 26.069 -42.685 25.052
v 25.866 -42.685 26.256
v 25.669 -42.685 27.459
v 25.490 -42.685 28.662
v 25.313 -42.685 29.866
v 26.709 -41.675 22.646
v 26.709 -40.627 23.476
v 26.629 -40.627 23.849
v 26.380 -40.627 25.052
v 26.146 -40.627 26.256
v 25.932 -40.627 27.459
v 25.728 -40.627 28.662
v 25.541 -40.627 29.866
v 26.709 -40.438 23.849
v 26.709 -39.816 25.052
v 26.709 -39.040 26.256
v 26.709 -38.570 26.819
v 26.528 -38.570 27.459
v 26.235 -38.570 28.662
v 25.962 -38.570 29.866
v 26.709 -38.254 27.459
v 26.709 -37.687 28.662
v 26.709 -37.140 29.866
v 26.226 -28.285 -0.217
v 26.709 -29.312 -0.217
v 26.709 -28.285 -1.190
v 26.433 -28.285 0.986
v 26.709 -28.803 0.986
v 26.709 -28.285 1.344
v 26.709 -26.465 -0.217
v 26.709 -27.063 0.986
v 26.709 -22.298 -0.217
v 26.709 -22.114 -0.284
v 26.709 -22.114 0.025
v 26.481 -22.114 16.629
v 26.709 -22.325 16.629
v 26.709 -22.114 15.893
v 26.553 -22.114 17.833
v 26.709 -22.270 17.833
v 26.700 -22.114 19.036
v 26.709 -22.124 19.036
v 26.696 -22.114 20.239
v 26.709 -22.130 20.239
v 26.516 -22.114 21.442
v 26.709 -22.362 21.442
v 26.300 -22.114 22.646
v 26.709 -22.634 22.646
v 26.105 -22.114 23.849
v 26.709 -22.787 23.849
v 25.948 -22.114 25.052
v 26.709 -22.739 25.052
v 25.958 -22.114 26.256
v 26.709 -22.402 26.256
v 26.709 -22.114 26.801
v 26.709 -21.769 -0.217
v 25.761 -20.057 14.223
v 26.709 -21.005 14.223
v 26.709 -20.057 13.655
v 26.709 -21.983 15.426
v 26.567 -20.057 20.239
v 26.709 -20.057 20.510
v 26.709 -20.706 21.442
v 26.709 -20.057 21.680
v 26.401 -20.057 22.646
v 26.149 -20.057 23.849
v 25.957 -20.057 25.052
v 25.763 -20.057 26.256
v 26.709 -21.117 27.459
v 25.527 -20.057 27.459
v 26.709 -20.057 27.921
v 25.460 -18.000 14.223
v 26.709 -18.000 13.439
v 26.709 -18.000 20.891
v 26.709 -19.395 22.646
v 26.709 -19.008 23.849
v 26.709 -18.926 25.052
v 26.709 -19.150 26.256
v 26.709 -19.742 27.459
v 26.302 -15.942 -1.421
v 26.709 -16.505 -1.421
v 26.709 -15.942 -1.658
v 26.709 -17.838 -0.217
v 25.537 -15.942 0.986
v 26.709 -17.327 0.986
v 26.709 -15.942 1.742
v 26.670 -15.942 14.223
v 26.709 -15.942 14.195
v 25.749 -15.942 15.426
v 25.548 -15.942 16.629
v 25.810 -15.942 17.833
v 26.434 -15.942 19.036
v 26.709 -15.942 19.378
v 26.709 -17.067 20.239
v 26.709 -13.885 -2.399
v 25.741 -13.885 2.189
v 26.709 -15.039 2.189
v 26.709 -13.885 2.633
v 26.709 -15.877 14.223
v 26.709 -14.740 15.426
v 26.709 -14.670 16.629
v 26.709 -15.093 17.833
v 26.709 -15.733 19.036
v 25.514 -11.828 -2.624
v 26.709 -13.408 -2.624
v 26.709 -11.828 -3.245
v 26.634 -11.828 3.393
v 26.709 -11.903 3.393
v 26.709 -11.828 3.417
v 26.565 -9.771 -3.827
v 26.709 -10.030 -3.827
v 26.709 -9.771 -3.911
v 26.709 -9.771 3.947
v 26.441 -7.714 -3.827
v 26.709 -7.714 -4.001
v 26.709 -7.714 4.237
v 25.269 -7.714 13.019
v 26.709 -7.331 -3.827
v 25.943 -5.657 -2.624
v 26.709 -5.657 -3.060
v 25.718 -5.657 3.393
v 26.709 -5.657 3.945
v 25.827 -5.657 11.816
v 26.342 -5.657 13.019
v 26.515 -5.657 14.223
v 26.067 -5.657 15.426
v 26.709 -5.121 -2.624
v 26.709 -4.098 -1.421
v 26.709 -3.723 -0.217
v 26.709 -3.788 0.986
v 26.709 -4.170 2.189
v 26.709 -4.936 3.393
v 26.709 -3.766 11.816
v 26.709 -3.600 11.695
v 26.709 -4.886 13.019
v 26.709 -5.329 14.223
v 26.709 -4.852 15.426
v 26.709 -3.611 16.629
v 26.709 -3.600 16.638
v 26.709 -1.861 10.613
v 26.709 -1.543 10.432
v 25.795 -1.543 17.833
v 26.709 -1.543 17.635
v 26.709 -0.267 10.613
v 26.709 0.514 10.730
v 26.155 0.514 17.833
v 26.709 -0.775 17.833
v 26.709 0.514 18.163
v 26.709 1.403 11.816
v 25.190 2.571 11.816
v 26.709 2.196 13.019
v 26.448 2.571 13.019
v 26.709 2.571 13.585
v 26.709 2.571 17.816
v 26.709 2.517 17.833
v 26.709 3.058 14.223
v 26.709 3.913 15.426
v 26.560 4.628 16.629
v 26.709 4.628 16.185
v 26.709 2.612 17.833
v 26.503 4.628 17.833
v 26.502 4.628 19.036
v 26.709 3.779 19.036
v 26.510 4.628 20.239
v 26.709 4.072 20.239
v 26.522 4.628 21.442
v 26.709 4.192 21.442
v 26.549 4.628 22.646
v 26.709 4.286 22.646
v 26.590 4.628 23.849
v 26.709 4.389 23.849
v 26.642 4.628 25.052
v 26.709 4.509 25.052
v 26.709 4.628 25.838
v 26.654 6.686 15.426
v 26.709 6.119 15.426
v 26.709 6.686 15.352
v 26.115 6.686 16.629
v 25.798 6.686 17.833
v 25.481 6.686 19.036
v 26.709 4.673 26.256
v 26.709 4.873 27.459
v 26.709 5.163 28.662
v 26.709 5.634 29.866
v 26.709 7.823 -0.217
v 26.709 8.743 -1.212
v 26.709 8.197 0.986
v 26.709 8.743 1.414
v 26.038 8.743 14.223
v 26.709 7.940 14.223
v 26.709 8.743 13.654
v 25.333 8.743 15.426
v 25.278 10.800 -1.421
v 26.709 9.058 -1.421
v 26.709 10.800 -2.078
v 26.709 9.998 2.189
v 25.340 10.800 2.189
v 26.709 10.800 2.822
v 26.709 10.234 11.816
v 26.709 10.800 11.156
v 26.709 9.257 13.019
v 26.365 12.857 -2.624
v 26.709 12.302 -2.624
v 26.709 12.857 -2.807
v 26.709 11.418 3.393
v 26.709 12.313 4.596
v 26.463 12.857 5.799
v 26.709 12.857 5.455
v 25.933 12.857 7.003
v 26.033 12.857 8.206
v 26.709 12.857 8.929
v 26.709 12.459 9.409
v 26.709 11.294 10.613
v 26.709 14.914 -3.489
v 26.709 13.214 5.799
v 26.709 14.149 7.003
v 26.709 13.810 8.206
v 25.712 16.971 -15.860
v 26.709 15.920 -15.860
v 26.709 15.109 -17.064
v 26.603 16.971 -14.657
v 26.709 16.865 -14.657
v 26.709 16.971 -14.535
v 26.709 16.971 -3.762
v 25.250 19.028 -14.657
v 26.709 18.950 -13.454
v 26.647 19.028 -13.454
v 26.709 19.028 -13.404
v 26.699 19.028 -3.827
v 26.709 19.028 -3.826
v 25.237 21.085 -15.860
v 26.709 21.085 -15.198
v 26.709 20.582 -14.657
v 26.709 19.108 -13.454
v 25.368 21.085 -3.827
v 26.709 21.085 -3.375
v 26.709 21.412 -15.860
v 26.709 21.902 -17.064
v 26.709 21.784 -2.624
v 26.709 22.207 -1.421
v 25.798 23.142 -1.421
v 26.709 22.272 -0.217
v 25.906 23.142 -0.217
v 26.709 22.624 0.986
v 26.237 23.142 0.986
v 26.709 23.142 1.428
v 26.709 24.986 2.189
v 26.709 25.199 2.230
v 26.709 25.335 2.189
v 26.709 27.256 1.393
v 26.402 29.314 -0.217
v 26.709 29.314 -0.116
v 26.709 28.430 0.986
v 26.709 30.972 -2.624
v 26.709 31.371 -2.785
v 26.709 29.645 -1.421
v 26.709 29.379 -0.217
v 26.091 31.371 14.223
v 25.857 31.371 15.426
v 26.709 33.428 -3.402
v 25.726 33.428 13.019
v 26.709 33.428 14.101
v 26.709 33.049 14.223
v 26.709 33.009 15.426
v 25.320 33.428 16.629
v 26.709 33.428 15.822
v 25.738 35.485 -5.030
v 26.709 35.485 -4.525
v 26.709 34.323 -3.827
v 25.887 35.485 11.816
v 26.709 35.485 12.247
v 26.709 34.373 13.019
v 26.709 33.663 16.629
v 26.709 33.996 17.833
v 26.709 34.153 19.036
v 26.709 34.178 20.239
v 26.709 34.204 21.442
v 26.709 34.366 22.646
v 26.709 34.734 23.849
v 26.709 35.109 25.052
v 26.709 35.231 26.256
v 25.863 35.485 26.256
v 26.709 35.098 27.459
v 25.986 35.485 27.459
v 26.709 34.852 28.662
v 25.808 35.485 28.662
v 26.709 34.601 29.866
v 25.516 35.485 29.866
v 25.626 37.542 -15.860
v 25.430 37.542 -17.064
v 25.915 37.542 -14.657
v 26.230 37.542 -13.454
v 26.578 37.542 -12.250
v 26.709 37.542 -11.794
v 26.709 37.404 -11.047
v 26.709 37.304 -9.844
v 26.709 37.258 -8.640
v 26.709 37.143 -7.437
v 26.709 36.837 -6.234
v 26.709 36.047 -5.030
v 26.576 37.542 10.613
v 26.709 37.542 10.661
v 26.709 36.076 11.816
v 26.709 38.930 -17.064
v 26.709 38.573 -15.860
v 26.709 38.193 -14.657
v 26.709 37.887 -13.454
v 26.709 37.626 -12.250
v 26.652 39.599 5.799
v 26.709 39.599 5.640
v 26.709 39.557 5.799
v 26.709 39.367 7.003
v 26.326 39.599 7.003
v 26.709 39.102 8.206
v 25.520 39.599 8.206
v 26.709 38.562 9.409
v 26.709 37.595 10.613
v 26.709 41.074 -17.064
v 26.709 41.656 -16.309
v 26.588 41.656 -17.064
v 26.308 41.656 -0.217
v 26.709 41.656 0.957
v 26.709 41.653 0.986
v 26.709 41.291 2.189
v 26.709 40.455 3.393
v 26.709 39.833 4.596
v 26.709 41.708 -15.860
v 26.709 41.903 -14.657
v 26.709 42.134 -13.454
v 25.351 43.713 -13.454
v 26.709 42.418 -12.250
v 25.709 43.713 -12.250
v 26.709 42.785 -11.047
v 26.075 43.713 -11.047
v 26.709 43.256 -9.844
v 26.434 43.713 -9.844
v 26.709 43.713 -8.944
v 25.768 43.713 -1.421
v 26.709 43.713 -1.916
v 26.709 42.966 -1.421
v 26.709 41.857 -0.217
v 26.709 42.989 13.019
v 26.709 43.713 12.165
v 26.709 42.512 14.223
v 26.709 42.308 15.426
v 26.709 42.253 16.629
v 26.709 42.307 17.833
v 26.709 42.440 19.036
v 26.709 42.670 20.239
v 26.709 43.049 21.442
v 26.709 43.633 22.646
v 25.581 43.713 23.849
v 26.709 43.713 22.785
v 26.709 43.783 -8.640
v 26.709 44.059 -7.437
v 26.709 44.264 -6.234
v 26.709 44.347 -5.030
v 26.709 44.277 -3.827
v 26.709 43.998 -2.624
v 26.709 45.072 10.613
v 26.709 45.770 10.095
v 26.709 43.935 11.816
v 26.709 44.313 23.849
v 26.709 44.983 25.052
v 26.709 45.619 26.256
v 26.070 45.770 27.459
v 26.709 45.770 26.548
v 26.709 47.041 9.409
v 26.709 47.827 8.758
v 26.709 46.680 27.459
v 26.709 47.664 28.662
v 26.335 47.827 29.866
v 26.709 47.827 28.888
v 26.709 49.349 8.206
v 26.709 49.884 7.781
v 26.672 49.884 28.662
v 26.709 49.884 28.555
v 26.709 49.117 28.662
v 26.365 49.884 29.866
v 28.168 -46.799 25.052
v 28.262 -46.871 25.052
v 28.262 -46.799 24.762
v 27.766 -46.799 26.256
v 28.262 -47.166 26.256
v 27.356 -46.799 27.459
v 28.262 -47.444 27.459
v 26.926 -46.799 28.662
v 28.262 -47.748 28.662
v 28.262 -48.005 29.866
v 28.077 -44.742 17.833
v 28.262 -44.985 17.833
v 28.262 -44.742 17.305
v 27.768 -44.742 19.036
v 28.262 -45.356 19.036
v 27.467 -44.742 20.239
v 28.262 -45.677 20.239
v 27.162 -44.742 21.442
v 28.262 -45.993 21.442
v 26.850 -44.742 22.646
v 28.262 -46.283 22.646
v 28.262 -46.578 23.849
v 28.121 -42.685 16.629
v 28.262 -43.625 16.629
v 28.262 -42.685 16.388
v 27.659 -42.685 17.833
v 27.342 -42.685 19.036
v 27.054 -42.685 20.239
v 26.763 -42.685 21.442
v 28.262 -42.004 16.629
v 28.262 -40.627 17.288
v 28.045 -40.627 17.833
v 27.714 -40.627 19.036
v 27.422 -40.627 20.239
v 27.152 -40.627 21.442
v 26.889 -40.627 22.646
v 28.262 -40.090 17.833
v 28.262 -39.381 19.036
v 28.262 -38.804 20.239
v 28.262 -38.570 20.693
v 28.071 -38.570 21.442
v 27.750 -38.570 22.646
v 27.442 -38.570 23.849
v 27.159 -38.570 25.052
v 26.860 -38.570 26.256
v 28.262 -38.295 21.442
v 28.262 -37.840 22.646
v 28.262 -37.326 23.849
v 28.262 -36.753 25.052
v 28.262 -36.513 25.539
v 28.034 -36.513 26.256
v 27.707 -36.513 27.459
v 27.408 -36.513 28.662
v 27.106 -36.513 29.866
v 28.262 -35.974 26.256
v 28.262 -35.352 27.459
v 28.262 -34.958 28.662
v 28.262 -34.697 29.866
v 28.064 -30.342 -0.217
v 28.262 -31.427 -0.217
v 28.262 -30.342 -0.348
v 28.262 -30.342 0.031
v 26.972 -28.285 -1.421
v 28.262 -29.295 -1.421
v 28.262 -28.285 -1.944
v 28.262 -29.857 0.986
v 28.262 -28.285 1.872
v 27.389 -26.228 -1.421
v 28.262 -26.228 -2.152
v 26.781 -26.228 -0.217
v 26.926 -26.228 0.986
v 28.262 -26.983 2.189
v 27.901 -26.228 2.189
v 28.262 -26.228 2.410
v 28.191 -26.228 26.256
v 28.262 -26.383 26.256
v 28.262 -26.228 25.224
v 28.117 -26.228 27.459
v 28.262 -26.522 27.459
v 28.052 -26.228 28.662
v 28.262 -26.615 28.662
v 28.006 -26.228 29.866
v 28.262 -26.639 29.866
v 28.141 -24.171 -1.421
v 28.262 -24.171 -1.502
v 27.286 -24.171 -0.217
v 27.517 -24.171 0.986
v 28.262 -24.171 1.759
v 28.262 -25.299 2.189
v 28.046 -24.171 16.629
v 28.262 -24.451 16.629
v 28.262 -24.171 16.325
v 27.719 -24.171 17.833
v 28.262 -25.076 17.833
v 27.643 -24.171 19.036
v 28.262 -25.342 19.036
v 27.615 -24.171 20.239
v 28.262 -25.498 20.239
v 27.610 -24.171 21.442
v 28.262 -25.613 21.442
v 27.630 -24.171 22.646
v 28.262 -25.722 22.646
v 27.665 -24.171 23.849
v 28.262 -25.900 23.849
v 27.692 -24.171 25.052
v 28.262 -26.170 25.052
v 27.688 -24.171 26.256
v 27.627 -24.171 27.459
v 27.512 -24.171 28.662
v 27.360 -24.171 29.866
v 28.262 -23.572 -1.421
v 28.262 -22.114 -1.023
v 27.382 -22.114 0.986
v 28.262 -22.114 1.322
v 26.930 -22.114 15.426
v 28.262 -23.100 15.426
v 28.262 -22.114 14.778
v 27.497 -22.114 27.459
v 27.766 -22.114 28.662
v 27.687 -22.114 29.866
v 27.768 -20.057 -0.217
v 28.262 -20.057 -0.405
v 28.262 -20.057 0.282
v 28.262 -20.853 0.986
v 28.262 -21.296 14.223
v 28.262 -20.057 13.498
v 26.760 -20.057 21.442
v 28.262 -21.042 27.459
v 27.553 -20.057 27.459
v 28.262 -20.057 27.042
v 28.262 -21.508 28.662
v 28.262 -21.488 29.866
v 28.262 -18.088 -0.217
v 28.262 -18.000 13.109
v 27.277 -18.000 21.442
v 27.651 -18.000 22.646
v 27.989 -18.000 23.849
v 28.262 -18.000 24.363
v 28.262 -18.374 25.052
v 28.262 -19.377 26.256
v 28.262 -16.908 -1.421
v 28.262 -15.942 -1.915
v 28.262 -17.992 -0.217
v 28.262 -17.482 0.986
v 28.262 -15.942 1.792
v 28.262 -15.942 14.022
v 28.262 -15.942 19.608
v 28.262 -16.589 20.239
v 28.262 -17.172 21.442
v 28.262 -17.491 22.646
v 28.262 -17.821 23.849
v 27.188 -13.885 -2.624
v 28.262 -14.941 -2.624
v 28.262 -13.885 -3.152
v 28.262 -15.447 2.189
v 28.262 -13.885 3.031
v 28.262 -15.574 14.223
v 28.262 -14.542 15.426
v 28.262 -14.453 16.629
v 28.262 -14.876 17.833
v 28.262 -15.600 19.036
v 28.083 -11.828 -3.827
v 28.262 -12.083 -3.827
v 28.262 -11.828 -3.910
v 28.262 -12.994 3.393
v 28.262 -11.828 3.794
v 28.262 -9.771 -4.485
v 28.262 -9.771 4.203
v 28.262 -7.714 -4.506
v 28.262 -7.714 4.351
v 28.262 -6.320 -3.827
v 28.262 -5.657 -3.479
v 28.262 -5.657 4.143
v 28.262 -4.745 -2.624
v 28.262 -3.891 -1.421
v 27.909 -3.600 -0.217
v 28.262 -3.600 -0.354
v 28.262 -3.600 0.548
v 28.262 -3.621 0.986
v 28.262 -3.947 2.189
v 28.262 -4.599 3.393
v 26.815 -3.600 11.816
v 27.415 -3.600 13.019
v 27.673 -3.600 14.223
v 27.590 -3.600 15.426
v 26.721 -3.600 16.629
v 28.262 -3.560 -0.217
v 27.073 -1.543 10.613
v 27.710 -1.543 11.816
v 27.889 -1.543 13.019
v 28.103 -1.543 14.223
v 28.262 -1.543 14.992
v 28.262 -1.878 15.426
v 28.110 -1.543 16.629
v 28.262 -1.543 16.185
v 28.261 0.514 8.206
v 28.262 0.499 8.206
v 28.262 0.514 8.201
v 28.262 0.514 8.222
v 27.516 0.514 11.816
v 27.699 0.514 13.019
v 28.081 0.514 14.223
v 28.262 0.514 14.523
v 28.262 -1.258 16.629
v 28.262 0.400 17.833
v 28.262 0.514 18.045
v 28.261 0.514 20.239
v 28.262 0.511 20.239
v 28.262 0.514 20.227
v 28.210 0.514 21.442
v 28.262 0.405 21.442
v 28.262 0.514 21.637
v 28.262 0.516 8.206
v 27.310 2.571 14.223
v 28.262 2.571 14.868
v 26.716 2.571 17.833
v 28.262 0.749 19.036
v 27.139 2.571 19.036
v 27.399 2.571 20.239
v 27.563 2.571 21.442
v 28.262 1.298 22.646
v 27.738 2.571 22.646
v 27.986 2.571 23.849
v 28.262 2.180 23.849
v 28.252 2.571 25.052
v 28.262 2.560 25.052
v 28.262 2.571 25.125
v 28.262 4.628 14.751
v 27.073 4.628 15.426
v 26.763 4.628 26.256
v 28.262 2.787 26.256
v 27.020 4.628 27.459
v 28.262 2.887 27.459
v 27.352 4.628 28.662
v 28.262 2.964 28.662
v 27.769 4.628 29.866
v 28.262 3.312 29.866
v 27.850 6.686 14.223
v 28.262 5.763 14.223
v 28.262 6.686 13.929
v 27.277 8.743 -1.421
v 28.262 8.499 -1.421
v 28.262 8.743 -1.637
v 28.262 7.802 -0.217
v 28.262 8.076 0.986
v 28.262 8.743 1.728
v 27.717 8.743 13.019
v 28.262 8.215 13.019
v 28.262 8.743 12.712
v 28.210 8.743 28.662
v 28.262 8.743 28.593
v 28.262 8.543 28.662
v 28.262 7.097 29.866
v 27.504 8.743 29.866
v 28.178 10.800 -2.624
v 28.262 10.734 -2.624
v 28.262 10.800 -2.656
v 28.262 9.436 2.189
v 28.262 10.800 3.209
v 28.262 10.298 11.816
v 28.262 10.800 11.498
v 27.687 10.800 28.662
v 28.262 10.800 27.793
v 27.002 10.800 29.866
v 28.262 12.857 -3.183
v 28.262 11.118 3.393
v 28.262 12.708 4.596
v 28.262 12.857 4.718
v 27.183 12.857 9.409
v 28.262 12.857 10.243
v 28.262 12.261 10.613
v 28.262 12.026 28.662
v 28.262 12.430 29.866
v 28.262 14.914 -3.549
v 28.262 14.431 5.799
v 27.474 14.914 7.003
v 28.262 14.914 6.237
v 27.612 14.914 8.206
v 28.262 14.914 8.892
v 28.262 14.311 9.409
v 28.262 15.508 -15.860
v 28.262 15.057 -17.064
v 28.262 16.033 -14.657
v 27.820 16.971 -13.454
v 28.262 16.637 -13.454
v 28.262 16.971 -12.891
v 28.262 16.971 -3.443
v 28.262 15.558 7.003
v 28.262 15.585 8.206
v 27.893 19.028 -12.250
v 28.262 18.234 -12.250
v 28.262 19.028 -11.715
v 28.262 19.028 -3.688
v 26.939 21.085 -14.657
v 27.489 21.085 -13.454
v 28.074 21.085 -12.250
v 28.262 21.085 -11.919
v 28.262 21.085 -3.141
v 27.631 23.142 -15.860
v 27.336 23.142 -17.064
v 28.003 23.142 -14.657
v 28.262 23.142 -13.915
v 28.262 22.633 -13.454
v 28.262 21.397 -12.250
v 28.262 21.425 -2.624
v 28.262 21.599 -1.421
v 28.262 21.533 -0.217
v 28.262 22.180 0.986
v 28.262 23.142 1.391
v 28.262 25.199 -16.840
v 28.262 24.449 -15.860
v 28.188 25.199 -17.064
v 28.262 23.603 -14.657
v 26.856 25.199 2.189
v 28.262 25.199 1.604
v 28.262 25.301 -17.064
v 28.262 27.256 1.247
v 27.150 29.314 -1.421
v 28.262 28.609 -1.421
v 28.262 29.314 -2.561
v 26.813 29.314 -0.217
v 28.262 28.543 -0.217
v 28.262 27.827 0.986
v 28.262 29.399 -2.624
v 28.262 31.371 -3.109
v 28.262 33.428 -3.302
v 26.832 33.428 14.223
v 27.267 33.428 15.426
v 27.479 33.428 16.629
v 28.262 33.428 15.982
v 28.262 33.159 16.629
v 28.262 32.956 17.833
v 27.563 33.428 17.833
v 28.262 32.934 19.036
v 27.603 33.428 19.036
v 28.262 33.034 20.239
v 27.663 33.428 20.239
v 28.262 33.235 21.442
v 27.878 33.428 21.442
v 28.262 33.428 22.343
v 28.262 35.008 -3.827
v 28.262 35.485 -4.022
v 28.262 35.485 12.919
v 28.262 35.376 13.019
v 28.262 34.312 14.223
v 28.262 33.622 15.426
v 28.262 33.554 22.646
v 28.262 33.876 23.849
v 28.262 33.981 25.052
v 28.262 33.943 26.256
v 28.262 33.829 27.459
v 28.262 33.717 28.662
v 28.262 33.588 29.866
v 26.876 37.542 -11.047
v 26.999 37.542 -9.844
v 27.077 37.542 -8.640
v 27.299 37.542 -7.437
v 27.874 37.542 -6.234
v 28.262 37.542 -5.798
v 28.262 36.890 -5.030
v 28.262 37.542 11.066
v 28.262 36.831 11.816
v 27.664 39.599 -15.860
v 27.397 39.599 -17.064
v 27.879 39.599 -14.657
v 28.026 39.599 -13.454
v 28.180 39.599 -12.250
v 28.262 39.599 -11.643
v 28.262 39.421 -11.047
v 28.262 39.102 -9.844
v 28.262 38.758 -8.640
v 28.262 38.348 -7.437
v 28.262 37.827 -6.234
v 27.840 39.599 4.596
v 28.262 39.599 4.374
v 28.262 39.468 4.596
v 28.262 39.084 5.799
v 28.262 38.961 7.003
v 28.262 38.849 8.206
v 28.262 38.559 9.409
v 28.262 37.932 10.613
v 26.792 41.656 -15.860
v 27.059 41.656 -14.657
v 27.318 41.656 -13.454
v 27.581 41.656 -12.250
v 28.262 39.806 -11.047
v 27.865 41.656 -11.047
v 28.262 40.745 -9.844
v 28.156 41.656 -9.844
v 28.262 41.656 -9.457
v 26.718 41.656 0.986
v 28.262 41.656 2.111
v 28.262 41.594 2.189
v 28.262 40.308 3.393
v 28.262 41.883 -8.640
v 26.820 43.713 -8.640
v 28.262 42.249 -7.437
v 27.242 43.713 -7.437
v 28.262 42.557 -6.234
v 27.532 43.713 -6.234
v 28.262 42.731 -5.030
v 27.653 43.713 -5.030
v 28.262 42.781 -3.827
v 27.611 43.713 -3.827
v 28.262 42.719 -2.624
v 27.287 43.713 -2.624
v 28.262 42.614 -1.421
v 28.262 42.547 -0.217
v 28.262 42.317 0.986
v 28.262 42.856 13.019
v 28.262 43.713 12.103
v 28.262 42.391 14.223
v 28.262 42.226 15.426
v 28.262 42.252 16.629
v 28.262 42.443 17.833
v 28.262 42.790 19.036
v 28.262 43.293 20.239
v 27.876 43.713 21.442
v 28.262 43.713 21.038
v 26.829 43.713 22.646
v 28.135 45.770 10.613
v 28.262 45.770 10.675
v 28.262 44.014 11.816
v 28.262 44.035 21.442
v 28.262 44.870 22.646
v 28.262 45.673 23.849
v 27.678 45.770 25.052
v 28.262 45.770 24.023
v 26.912 45.770 26.256
v 27.925 47.827 9.409
v 28.262 47.827 9.609
v 28.262 45.919 10.613
v 28.049 47.827 25.052
v 28.262 47.827 24.517
v 27.621 47.827 26.256
v 27.197 47.827 27.459
v 26.787 47.827 28.662
v 27.816 49.884 8.206
v 28.262 49.884 8.350
v 28.262 48.320 9.409
v 28.187 49.884 25.052
v 28.262 49.884 24.902
v 27.630 49.884 26.256
v 27.134 49.884 27.459
v 29.631 -48.856 29.866
v 29.815 -49.016 29.866
v 29.815 -48.856 29.241
v 29.637 -46.799 20.239
v 29.815 -46.938 20.239
v 29.815 -46.799 19.711
v 29.240 -46.799 21.442
v 29.815 -47.251 21.442
v 28.899 -46.799 22.646
v 29.815 -47.522 22.646
v 28.543 -46.799 23.849
v 29.815 -47.772 23.849
v 29.815 -48.017 25.052
v 29.815 -48.262 26.256
v 29.815 -48.510 27.459
v 29.815 -48.755 28.662
v 29.525 -44.742 15.426
v 29.815 -45.021 15.426
v 29.815 -44.742 15.114
v 28.582 -44.742 16.629
v 29.815 -45.806 16.629
v 29.815 -46.291 17.833
v 29.815 -46.641 19.036
v 28.944 -42.685 15.426
v 29.815 -42.685 14.434
v 29.420 -40.627 15.426
v 29.815 -40.627 15.003
v 28.552 -40.627 16.629
v 29.815 -39.893 15.426
v 29.815 -38.570 16.415
v 29.638 -38.570 16.629
v 28.992 -38.570 17.833
v 28.639 -38.570 19.036
v 28.365 -38.570 20.239
v 29.708 -36.513 -0.217
v 29.815 -36.754 -0.217
v 29.815 -36.513 -0.414
v 29.815 -36.513 0.264
v 29.815 -38.308 16.629
v 29.815 -37.507 17.833
v 29.815 -37.128 19.036
v 29.815 -36.741 20.239
v 29.554 -36.513 21.442
v 29.815 -36.513 20.778
v 29.144 -36.513 22.646
v 28.787 -36.513 23.849
v 28.422 -36.513 25.052
v 29.729 -34.456 -1.421
v 29.815 -34.696 -1.421
v 29.815 -34.456 -1.476
v 28.889 -34.456 -0.217
v 29.815 -36.016 0.986
v 29.260 -34.456 0.986
v 29.815 -34.456 1.425
v 29.815 -35.717 21.442
v 29.815 -34.845 22.646
v 29.815 -34.456 23.455
v 29.712 -34.456 23.849
v 29.433 -34.456 25.052
v 29.180 -34.456 26.256
v 28.931 -34.456 27.459
v 28.703 -34.456 28.662
v 28.508 -34.456 29.866
v 29.223 -32.399 -1.421
v 29.815 -32.399 -1.751
v 28.333 -32.399 -0.217
v 28.761 -32.399 0.986
v 29.815 -32.399 1.650
v 29.668 -32.399 16.629
v 29.815 -33.056 16.629
v 29.815 -32.399 16.507
v 29.208 -32.399 17.833
v 29.815 -33.861 17.833
v 29.349 -32.399 19.036
v 29.815 -33.355 19.036
v 29.651 -32.399 20.239
v 29.815 -32.774 20.239
v 29.815 -32.399 21.124
v 29.815 -33.520 23.849
v 29.815 -32.797 25.052
v 29.815 -32.635 26.256
v 29.815 -32.580 27.459
v 29.815 -32.607 28.662
v 29.815 -32.740 29.866
v 29.492 -30.342 -1.421
v 29.815 -30.342 -1.541
v 28.793 -30.342 0.986
v 29.815 -30.342 1.407
v 29.815 -32.021 16.629
v 29.815 -30.342 17.503
v 29.656 -30.342 17.833
v 29.548 -30.342 19.036
v 29.618 -30.342 20.239
v 29.815 -31.732 21.442
v 29.726 -30.342 21.442
v 29.815 -30.342 22.451
v 29.815 -28.285 -1.720
v 29.815 -28.285 1.595
v 29.560 -28.285 17.833
v 29.815 -28.285 17.362
v 29.348 -28.285 19.036
v 29.290 -28.285 20.239
v 29.279 -28.285 21.442
v 29.815 -30.271 22.646
v 29.282 -28.285 22.646
v 29.296 -28.285 23.849
v 29.815 -29.937 23.849
v 29.340 -28.285 25.052
v 29.815 -29.611 25.052
v 29.430 -28.285 26.256
v 29.815 -29.226 26.256
v 29.627 -28.285 27.459
v 29.815 -28.684 27.459
v 29.815 -28.285 28.062
v 29.815 -26.228 -2.365
v 29.815 -26.697 2.189
v 29.815 -26.228 2.364
v 29.460 -26.228 16.629
v 29.815 -27.061 16.629
v 29.815 -26.228 16.316
v 28.848 -26.228 17.833
v 28.645 -26.228 19.036
v 28.552 -26.228 20.239
v 28.484 -26.228 21.442
v 28.419 -26.228 22.646
v 28.345 -26.228 23.849
v 28.274 -26.228 25.052
v 29.815 -28.107 28.662
v 29.815 -27.669 29.866
v 29.815 -24.171 -2.201
v 29.173 -24.171 2.189
v 29.815 -24.171 2.389
v 29.360 -24.171 15.426
v 29.815 -24.555 15.426
v 29.815 -24.171 15.247
v 28.783 -22.114 -1.421
v 29.815 -22.114 -1.836
v 29.815 -22.114 2.083
v 29.815 -22.689 2.189
v 29.815 -22.114 14.626
v 29.815 -20.094 -1.421
v 29.815 -20.057 -1.404
v 28.713 -20.057 0.986
v 29.815 -20.057 1.504
v 29.483 -20.057 14.223
v 29.815 -20.057 14.459
v 28.719 -20.057 27.459
v 29.367 -20.057 28.662
v 29.763 -20.057 29.866
v 28.276 -18.000 -0.217
v 29.815 -18.000 -1.335
v 29.101 -18.000 0.986
v 29.815 -18.000 1.320
v 29.815 -19.426 14.223
v 29.815 -18.000 13.590
v 29.690 -18.000 25.052
v 29.815 -18.000 25.101
v 29.815 -18.818 26.256
v 29.815 -19.395 27.459
v 29.815 -19.762 28.662
v 29.815 -20.023 29.866
v 29.815 -17.907 -1.421
v 29.815 -15.942 -2.297
v 29.815 -15.942 2.090
v 29.815 -16.766 14.223
v 28.930 -15.942 14.223
v 29.815 -15.942 14.724
v 29.815 -15.942 20.054
v 29.815 -16.020 20.239
v 29.815 -16.451 21.442
v 29.815 -16.883 22.646
v 29.815 -17.389 23.849
v 29.815 -17.976 25.052
v 29.815 -15.537 -2.624
v 29.815 -13.885 -3.528
v 29.815 -15.826 2.189
v 29.815 -13.885 3.283
v 29.815 -15.320 15.426
v 29.815 -15.004 16.629
v 29.815 -15.178 17.833
v 29.815 -15.570 19.036
v 29.815 -13.133 -3.827
v 29.815 -11.828 -4.232
v 29.815 -13.646 3.393
v 29.815 -11.828 4.099
v 29.815 -9.771 -4.620
v 29.815 -9.771 4.467
v 29.815 -7.714 -4.476
v 29.815 -7.714 4.452
v 29.815 -6.383 -3.827
v 29.815 -5.657 -3.411
v 29.815 -5.657 4.108
v 29.815 -4.852 -2.624
v 29.815 -4.074 -1.421
v 29.815 -3.789 -0.217
v 28.499 -3.600 -0.217
v 29.815 -3.840 0.986
v 29.815 -4.140 2.189
v 29.815 -4.767 3.393
v 28.395 -1.543 15.426
v 29.815 -1.547 16.629
v 29.815 -1.543 16.627
v 29.771 -1.543 16.629
v 28.827 -1.543 17.833
v 29.815 -2.534 17.833
v 28.957 -1.543 19.036
v 29.815 -2.556 19.036
v 29.229 -1.543 20.239
v 29.815 -2.165 20.239
v 29.815 -1.543 21.393
v 29.728 -1.543 26.256
v 29.815 -1.731 26.256
v 29.815 -1.543 25.838
v 29.528 -1.543 27.459
v 29.815 -2.115 27.459
v 29.454 -1.543 28.662
v 29.815 -2.173 28.662
v 29.701 -1.543 29.866
v 29.815 -1.703 29.866
v 28.266 0.514 8.206
v 28.832 0.514 15.426
v 29.815 0.514 16.030
v 28.337 0.514 19.036
v 29.815 -1.503 21.442
v 28.784 0.514 22.646
v 29.815 -0.715 22.646
v 29.292 0.514 23.849
v 29.815 -0.541 23.849
v 29.277 0.514 25.052
v 29.815 -1.070 25.052
v 29.132 0.514 26.256
v 28.947 0.514 27.459
v 28.762 0.514 28.662
v 28.619 0.514 29.866
v 29.815 1.996 15.426
v 29.815 2.571 15.233
v 28.367 2.571 26.256
v 28.394 2.571 27.459
v 28.399 2.571 28.662
v 28.489 2.571 29.866
v 29.815 4.628 14.699
v 29.815 5.828 14.223
v 29.815 6.686 13.891
v 29.815 8.095 -1.421
v 29.815 8.743 -2.228
v 29.815 7.629 -0.217
v 29.815 7.830 0.986
v 29.523 8.743 2.189
v 29.815 8.642 2.189
v 29.815 8.743 2.315
v 29.815 8.538 13.019
v 29.815 8.743 12.925
v 29.399 8.743 27.459
v 29.815 8.743 26.900
v 29.815 8.169 27.459
v 29.815 7.790 28.662
v 29.815 7.998 29.866
v 29.815 9.695 -2.624
v 29.815 10.800 -3.043
v 29.763 10.800 3.393
v 29.815 10.787 3.393
v 29.815 10.800 3.400
v 28.780 10.800 11.816
v 29.815 10.800 12.393
v 29.400 10.800 26.256
v 29.815 10.800 25.707
v 29.815 9.505 26.256
v 28.596 10.800 27.459
v 29.815 12.857 -3.392
v 29.815 12.857 4.252
v 28.669 12.857 4.596
v 28.677 12.857 10.613
v 29.815 12.857 11.565
v 29.815 12.257 11.816
v 29.815 11.564 26.256
v 29.815 11.984 27.459
v 29.815 11.711 28.662
v 29.815 10.816 29.866
v 29.815 14.914 -3.515
v 29.815 13.625 4.596
v 29.072 14.914 5.799
v 29.815 14.914 5.383
v 28.761 14.914 9.409
v 29.815 14.914 10.333
v 29.815 14.547 10.613
v 29.815 16.387 -15.860
v 29.815 15.945 -17.064
v 29.815 16.914 -14.657
v 28.986 16.971 -13.454
v 29.815 16.971 -14.510
v 29.815 16.971 -3.200
v 29.815 15.327 5.799
v 29.815 16.109 7.003
v 29.815 16.272 8.206
v 29.815 15.831 9.409
v 29.815 17.308 -13.454
v 29.815 17.709 -12.250
v 28.679 19.028 -11.047
v 29.815 18.151 -11.047
v 29.583 19.028 -9.844
v 29.815 18.796 -9.844
v 29.815 19.028 -9.411
v 29.458 19.028 -5.030
v 29.815 18.423 -5.030
v 29.815 19.028 -5.935
v 28.452 19.028 -3.827
v 29.815 17.494 -3.827
v 28.541 21.085 -11.047
v 29.043 21.085 -9.844
v 29.815 19.998 -8.640
v 29.619 21.085 -8.640
v 29.815 21.085 -7.957
v 29.498 21.085 -5.030
v 29.815 21.085 -5.918
v 28.757 21.085 -3.827
v 28.381 23.142 -13.454
v 28.778 23.142 -12.250
v 29.237 23.142 -11.047
v 29.783 23.142 -9.844
v 29.815 23.142 -9.777
v 29.815 21.561 -8.640
v 29.815 21.718 -5.030
v 29.815 22.796 -3.827
v 29.633 23.142 -2.624
v 29.815 23.142 -3.273
v 29.762 23.142 -1.421
v 29.815 23.142 -1.149
v 29.815 22.763 -0.217
v 29.213 23.142 0.986
v 29.815 23.142 0.084
v 28.561 25.199 -15.860
v 28.992 25.199 -14.657
v 29.444 25.199 -13.454
v 29.815 25.199 -12.608
v 29.815 24.948 -12.250
v 29.815 24.091 -11.047
v 29.815 23.191 -9.844
v 29.815 23.777 -2.624
v 29.815 23.324 -1.421
v 29.732 25.199 0.986
v 29.815 25.199 0.858
v 29.513 27.256 -17.064
v 29.815 27.256 -16.025
v 29.815 27.177 -15.860
v 29.815 26.474 -14.657
v 29.815 25.741 -13.454
v 29.643 27.256 -2.624
v 29.815 26.499 -2.624
v 29.815 27.256 -2.867
v 29.473 27.256 -1.421
v 29.815 26.255 -1.421
v 29.571 27.256 -0.217
v 29.815 26.621 -0.217
v 28.850 27.256 0.986
v 29.815 28.775 -17.064
v 28.299 29.314 -2.624
v 29.815 29.314 -3.567
v 29.815 31.371 -3.278
v 29.815 33.428 -3.045
v 28.888 33.428 15.426
v 29.815 33.428 15.122
v 29.815 33.129 15.426
v 29.815 32.413 16.629
v 29.815 32.169 17.833
v 29.815 32.251 19.036
v 29.815 32.472 20.239
v 29.815 32.694 21.442
v 29.815 32.858 22.646
v 28.431 33.428 22.646
v 29.815 32.939 23.849
v 28.791 33.428 23.849
v 29.815 32.959 25.052
v 28.908 33.428 25.052
v 29.815 32.938 26.256
v 28.889 33.428 26.256
v 29.815 32.900 27.459
v 28.790 33.428 27.459
v 29.815 32.833 28.662
v 28.656 33.428 28.662
v 29.815 32.741 29.866
v 28.483 33.428 29.866
v 28.914 35.485 -3.827
v 29.815 35.485 -3.468
v 28.837 35.485 13.019
v 29.815 35.485 13.194
v 29.815 34.406 14.223
v 29.039 37.542 -5.030
v 29.815 37.542 -4.393
v 29.815 36.294 -3.827
v 29.815 37.542 11.410
v 29.815 37.210 11.816
v 29.815 35.761 13.019
v 28.339 39.599 -11.047
v 28.500 39.599 -9.844
v 28.736 39.599 -8.640
v 29.060 39.599 -7.437
v 29.451 39.599 -6.234
v 29.815 39.599 -5.399
v 29.815 38.935 -5.030
v 29.815 39.599 4.425
v 29.815 39.461 4.596
v 29.815 38.930 5.799
v 29.815 38.759 7.003
v 29.815 38.675 8.206
v 29.815 38.517 9.409
v 29.815 38.109 10.613
v 28.523 41.656 -8.640
v 28.894 41.656 -7.437
v 29.212 41.656 -6.234
v 29.815 40.225 -5.030
v 29.517 41.656 -5.030
v 29.815 41.656 -4.159
v 28.355 41.656 2.189
v 29.815 41.656 2.824
v 29.815 40.739 3.393
v 29.815 41.789 -3.827
v 29.815 42.369 -2.624
v 29.815 43.273 -1.421
v 29.528 43.713 -0.217
v 29.815 43.713 -0.652
v 29.815 43.713 0.895
v 29.815 43.689 0.986
v 29.815 42.482 2.189
v 29.815 43.410 13.019
v 29.815 43.713 12.786
v 29.815 42.721 14.223
v 29.815 42.594 15.426
v 29.815 42.786 16.629
v 29.815 43.255 17.833
v 29.607 43.713 19.036
v 29.815 43.713 18.726
v 28.833 43.713 20.239
v 29.815 43.912 -0.217
v 29.775 45.770 11.816
v 29.815 45.770 11.863
v 29.815 44.021 19.036
v 29.815 45.139 20.239
v 29.540 45.770 21.442
v 29.815 45.770 20.919
v 28.960 45.770 22.646
v 28.344 45.770 23.849
v 29.471 47.827 10.613
v 29.815 47.827 11.019
v 29.815 45.900 11.816
v 29.775 47.827 21.442
v 29.815 47.827 21.373
v 29.157 47.827 22.646
v 28.561 47.827 23.849
v 29.815 49.842 9.409
v 29.815 49.884 9.352
v 29.815 48.485 10.613
v 29.815 48.034 21.442
v 29.520 49.884 22.646
v 29.815 49.884 22.136
v 28.842 49.884 23.849
v 31.041 -48.856 25.052
v 31.368 -49.165 25.052
v 31.368 -48.856 23.862
v 30.678 -48.856 26.256
v 31.368 -49.516 26.256
v 30.310 -48.856 27.459
v 31.368 -49.844 27.459
v 29.963 -48.856 28.662
v 31.368 -50.162 28.662
v 31.368 -50.466 29.866
v 30.690 -46.799 17.833
v 31.368 -47.237 17.833
v 31.368 -46.799 16.890
v 30.071 -46.799 19.036
v 31.368 -47.672 19.036
v 31.368 -48.015 20.239
v 31.368 -48.317 21.442
v 31.368 -48.616 22.646
v 31.368 -48.853 23.849
v 30.815 -44.742 14.223
v 31.368 -45.211 14.223
v 31.368 -44.742 13.560
v 31.368 -46.057 15.426
v 31.368 -46.691 16.629
v 30.986 -42.685 13.019
v 31.368 -43.953 13.019
v 31.368 -42.685 12.311
v 30.025 -42.685 14.223
v 31.368 -41.125 13.019
v 31.368 -40.627 13.165
v 30.528 -40.627 14.223
v 30.934 -38.570 -0.217
v 31.368 -39.317 -0.217
v 31.368 -38.570 -0.812
v 31.204 -38.570 0.986
v 31.368 -38.870 0.986
v 31.368 -38.570 1.175
v 31.368 -39.174 14.223
v 30.626 -38.570 15.426
v 31.368 -38.570 14.648
v 30.558 -36.513 -1.421
v 31.368 -37.852 -1.421
v 31.368 -36.513 -1.888
v 30.017 -36.513 0.986
v 31.368 -36.513 2.167
v 31.368 -37.815 15.426
v 31.368 -36.908 16.629
v 30.881 -36.513 17.833
v 31.368 -36.513 17.271
v 30.323 -36.513 19.036
v 29.982 -36.513 20.239
v 31.368 -34.456 -2.222
v 31.064 -34.456 2.189
v 31.368 -36.337 2.189
v 31.368 -34.456 2.346
v 30.988 -34.456 17.833
v 31.368 -34.456 17.644
v 30.583 -34.456 19.036
v 30.459 -34.456 20.239
v 30.276 -34.456 21.442
v 30.026 -34.456 22.646
v 31.368 -32.399 -2.252
v 31.282 -32.399 2.189
v 31.368 -32.399 2.215
v 31.368 -33.502 16.629
v 31.368 -32.399 16.208
v 29.878 -32.399 21.442
v 29.986 -32.399 22.646
v 30.003 -32.399 23.849
v 29.976 -32.399 25.052
v 29.975 -32.399 26.256
v 30.002 -32.399 27.459
v 30.141 -32.399 28.662
v 30.667 -32.399 29.866
v 31.368 -30.342 -2.275
v 31.368 -30.342 2.162
v 31.368 -31.351 2.189
v 30.678 -30.342 16.629
v 31.368 -30.342 16.323
v 29.838 -30.342 22.646
v 29.964 -30.342 23.849
v 30.122 -30.342 25.052
v 30.365 -30.342 26.256
v 30.781 -30.342 27.459
v 31.368 -30.342 28.357
v 31.368 -30.704 28.662
v 31.368 -31.874 29.866
v 31.368 -28.285 -2.088
v 31.368 -28.285 1.983
v 30.493 -28.285 16.629
v 31.368 -28.285 16.197
v 30.348 -28.285 28.662
v 31.368 -29.703 28.662
v 31.368 -28.285 29.119
v 31.368 -26.228 -2.387
v 31.368 -27.026 2.189
v 31.368 -26.228 2.325
v 31.368 -26.228 15.673
v 31.368 -27.708 29.866
v 31.368 -24.171 -2.535
v 31.368 -24.171 2.578
v 31.368 -25.464 15.426
v 31.368 -24.171 15.022
v 31.368 -22.114 -2.442
v 30.049 -22.114 2.189
v 31.368 -22.114 2.651
v 31.368 -22.114 14.574
v 29.837 -20.057 -1.421
v 31.368 -20.057 -2.031
v 31.005 -20.057 2.189
v 31.368 -20.057 2.387
v 31.368 -20.057 14.682
v 29.931 -18.000 -1.421
v 31.368 -18.000 -1.961
v 31.225 -18.000 2.189
v 31.368 -18.000 2.289
v 30.381 -18.000 14.223
v 31.368 -18.000 15.007
v 31.050 -18.000 26.256
v 31.368 -18.000 26.548
v 31.368 -18.370 27.459
v 31.368 -18.841 28.662
v 31.368 -19.330 29.866
v 30.902 -15.942 -2.624
v 31.368 -16.319 -2.624
v 31.368 -15.942 -2.746
v 30.023 -15.942 2.189
v 31.368 -15.942 2.861
v 31.368 -16.894 15.426
v 30.650 -15.942 15.426
v 31.368 -15.942 16.127
v 30.054 -15.942 20.239
v 31.286 -15.942 21.442
v 31.368 -15.942 21.536
v 31.368 -16.295 22.646
v 31.368 -16.739 23.849
v 31.368 -17.253 25.052
v 31.368 -17.849 26.256
v 31.368 -13.885 -3.630
v 30.352 -13.885 3.393
v 31.368 -14.674 3.393
v 31.368 -13.885 3.646
v 31.368 -15.638 16.629
v 31.368 -15.373 17.833
v 31.368 -15.410 19.036
v 31.368 -15.624 20.239
v 31.368 -15.919 21.442
v 31.368 -13.249 -3.827
v 31.368 -11.828 -4.168
v 31.368 -11.828 4.377
v 31.368 -9.771 -4.386
v 31.368 -10.966 4.596
v 30.394 -9.771 4.596
v 31.368 -9.771 4.939
v 31.368 -7.714 -4.170
v 30.485 -7.714 4.596
v 31.368 -7.714 4.922
v 31.368 -6.994 -3.827
v 31.368 -5.657 -3.050
v 31.368 -5.657 3.973
v 31.368 -6.902 4.596
v 31.368 -5.225 -2.624
v 31.368 -4.439 -1.421
v 31.368 -4.156 -0.217
v 31.368 -4.214 0.986
v 31.368 -4.540 2.189
v 31.368 -5.159 3.393
v 31.331 -3.600 25.052
v 31.368 -3.629 25.052
v 31.368 -3.600 24.268
v 31.368 -3.600 25.802
v 31.368 -2.388 16.629
v 31.368 -1.543 16.235
v 31.368 -3.319 17.833
v 31.368 -3.579 19.036
v 31.368 -3.563 20.239
v 29.833 -1.543 21.442
v 31.368 -3.510 21.442
v 30.060 -1.543 22.646
v 31.368 -3.530 22.646
v 30.069 -1.543 23.849
v 31.368 -3.584 23.849
v 29.948 -1.543 25.052
v 31.368 -3.581 26.256
v 31.368 -3.428 27.459
v 31.368 -2.898 28.662
v 30.190 -1.543 29.866
v 31.368 -1.543 29.509
v 31.368 0.514 15.735
v 31.368 -0.063 29.866
v 31.368 2.370 15.426
v 31.368 2.571 15.392
v 31.368 4.628 14.990
v 30.408 6.686 14.223
v 31.368 6.686 14.653
v 31.368 8.635 -1.421
v 31.368 8.743 -1.579
v 31.368 8.252 -0.217
v 31.368 8.407 0.986
v 30.205 8.743 2.189
v 31.368 8.743 1.633
v 29.901 8.743 13.019
v 31.066 8.743 14.223
v 31.368 8.743 14.430
v 30.328 8.743 27.459
v 30.301 8.743 28.662
v 30.055 8.743 29.866
v 31.368 10.291 -2.624
v 31.368 10.800 -2.895
v 31.368 9.386 2.189
v 29.851 10.800 3.393
v 31.368 10.800 3.082
v 30.488 10.800 13.019
v 31.368 10.800 13.712
v 31.368 9.380 14.223
v 30.801 10.800 25.052
v 31.368 10.800 23.978
v 31.368 9.839 25.052
v 31.368 10.800 25.966
v 31.091 10.800 26.256
v 30.595 10.800 27.459
v 30.262 10.800 28.662
v 29.822 10.800 29.866
v 31.368 12.857 -3.463
v 31.368 11.794 3.393
v 31.368 12.857 3.744
v 30.098 12.857 11.816
v 31.368 12.857 12.854
v 31.368 12.503 13.019
v 31.368 11.206 25.052
v 30.662 14.914 -3.827
v 31.368 14.158 -3.827
v 31.368 14.914 -4.137
v 31.368 14.555 4.596
v 31.368 14.914 4.852
v 30.170 14.914 10.613
v 31.368 14.914 11.524
v 31.368 14.574 11.816
v 31.368 16.232 -15.860
v 31.368 16.129 -17.064
v 31.368 16.355 -14.657
v 30.240 16.971 -13.454
v 31.368 16.506 -13.454
v 30.679 16.971 -12.250
v 31.368 16.701 -12.250
v 31.270 16.971 -11.047
v 31.368 16.938 -11.047
v 31.368 16.971 -10.921
v 30.679 16.971 -5.030
v 31.368 16.227 -5.030
v 31.368 16.971 -5.941
v 30.045 16.971 -3.827
v 31.368 15.621 5.799
v 31.368 16.183 7.003
v 31.368 16.383 8.206
v 31.368 16.255 9.409
v 31.368 15.701 10.613
v 31.368 17.277 -9.844
v 30.000 19.028 -8.640
v 31.368 17.643 -8.640
v 30.149 19.028 -7.437
v 31.368 17.760 -7.437
v 29.934 19.028 -6.234
v 31.368 17.244 -6.234
v 29.923 21.085 -7.437
v 29.886 21.085 -6.234
v 30.252 23.142 -8.640
v 30.517 23.142 -7.437
v 30.491 23.142 -6.234
v 30.253 23.142 -5.030
v 29.920 23.142 -3.827
v 29.950 23.142 -0.217
v 29.940 25.199 -12.250
v 30.404 25.199 -11.047
v 30.957 25.199 -9.844
v 31.368 25.199 -8.879
v 31.368 25.041 -8.640
v 31.368 24.699 -7.437
v 31.368 25.038 -6.234
v 31.368 25.199 -6.003
v 31.023 25.199 -5.030
v 30.509 25.199 -3.827
v 30.139 25.199 -2.624
v 30.244 25.199 -1.421
v 30.478 25.199 -0.217
v 29.857 27.256 -15.860
v 30.241 27.256 -14.657
v 30.714 27.256 -13.454
v 31.315 27.256 -12.250
v 31.368 27.256 -12.162
v 31.368 26.465 -11.047
v 31.368 25.674 -9.844
v 31.368 26.064 -5.030
v 31.368 27.256 -4.418
v 30.678 27.256 -3.827
v 29.949 29.314 -17.064
v 30.480 29.314 -15.860
v 31.075 29.314 -14.657
v 31.368 29.314 -14.138
v 31.368 28.632 -13.454
v 31.368 27.355 -12.250
v 31.275 29.314 -3.827
v 31.368 29.314 -3.845
v 31.368 31.232 -17.064
v 31.368 30.755 -15.860
v 31.368 29.907 -14.657
v 31.368 29.382 -3.827
v 31.368 31.371 -3.004
v 31.368 32.494 -2.624
v 30.741 33.428 -2.624
v 31.368 33.428 -1.603
v 31.368 33.428 14.764
v 31.368 32.887 15.426
v 31.368 32.215 16.629
v 31.368 31.918 17.833
v 31.368 31.906 19.036
v 31.368 32.028 20.239
v 31.368 32.144 21.442
v 31.368 32.203 22.646
v 31.368 32.207 23.849
v 31.368 32.164 25.052
v 31.368 32.095 26.256
v 31.368 31.995 27.459
v 31.368 31.853 28.662
v 31.368 31.676 29.866
v 31.368 34.388 -2.624
v 31.368 35.485 -3.043
v 31.368 35.485 13.336
v 31.368 34.184 14.223
v 31.368 37.426 -3.827
v 31.368 37.542 -3.863
v 31.368 37.542 11.657
v 31.368 37.421 11.816
v 31.368 35.989 13.019
v 30.207 39.599 -5.030
v 31.368 39.599 -4.358
v 30.395 39.599 4.596
v 31.368 39.599 4.847
v 31.368 38.896 5.799
v 31.368 38.576 7.003
v 31.368 38.451 8.206
v 31.368 38.336 9.409
v 31.368 38.071 10.613
v 31.368 41.249 -3.827
v 30.750 41.656 -3.827
v 31.368 41.656 -3.718
v 30.682 41.656 3.393
v 31.368 41.656 3.738
v 31.368 39.907 4.596
v 31.368 43.256 -2.624
v 30.144 43.713 -1.421
v 31.368 43.713 -2.366
v 29.829 43.713 0.986
v 30.638 43.713 2.189
v 31.368 43.713 2.878
v 31.368 42.514 3.393
v 30.075 43.713 13.019
v 30.844 43.713 14.223
v 31.044 43.713 15.426
v 30.840 43.713 16.629
v 30.318 43.713 17.833
v 31.368 45.287 -1.421
v 31.127 45.770 -0.217
v 31.368 45.770 -0.769
v 31.237 45.770 0.986
v 31.368 45.770 1.293
v 31.368 44.920 2.189
v 30.834 45.770 13.019
v 31.368 45.770 14.186
v 31.368 45.691 14.223
v 31.368 44.811 15.426
v 31.368 45.176 16.629
v 31.243 45.770 17.833
v 31.368 45.770 17.365
v 30.752 45.770 19.036
v 30.158 45.770 20.239
v 31.368 46.073 -0.217
v 31.368 45.948 0.986
v 30.569 47.827 11.816
v 31.250 47.827 13.019
v 31.368 47.827 13.382
v 31.368 46.674 17.833
v 31.084 47.827 19.036
v 31.368 47.827 18.312
v 30.500 47.827 20.239
v 29.870 49.884 9.409
v 30.885 49.884 10.613
v 31.368 49.884 11.570
v 31.368 49.666 11.816
v 31.368 48.277 13.019
v 31.368 49.481 19.036
v 30.914 49.884 20.239
v 31.368 49.884 19.219
v 30.245 49.884 21.442
v 32.750 -48.856 20.239
v 32.921 -48.997 20.239
v 32.921 -48.856 19.880
v 32.201 -48.856 21.442
v 32.921 -49.478 21.442
v 31.744 -48.856 22.646
v 32.921 -49.862 22.646
v 31.372 -48.856 23.849
v 32.921 -50.214 23.849
v 32.921 -50.555 25.052
v 32.921 -50.913 26.207
v 32.904 -50.913 26.256
v 32.558 -50.913 27.459
v 32.189 -50.913 28.662
v 31.840 -50.913 29.866
v 32.642 -46.799 15.426
v 32.921 -46.987 15.426
v 32.921 -46.799 15.099
v 31.578 -46.799 16.629
v 32.921 -47.629 16.629
v 32.921 -48.179 17.833
v 32.921 -48.609 19.036
v 32.668 -44.742 9.409
v 32.921 -44.987 9.409
v 32.921 -44.742 8.675
v 32.600 -44.742 10.613
v 32.921 -45.064 10.613
v 32.407 -44.742 11.816
v 32.921 -45.250 11.816
v 31.821 -44.742 13.019
v 32.921 -45.689 13.019
v 32.921 -46.312 14.223
v 32.496 -42.685 8.206
v 32.921 -44.399 8.206
v 32.921 -42.685 7.414
v 32.144 -42.685 9.409
v 31.951 -42.685 10.613
v 31.630 -42.685 11.816
v 32.921 -41.244 8.206
v 32.921 -40.627 8.728
v 32.718 -40.627 9.409
v 32.440 -40.627 10.613
v 32.079 -40.627 11.816
v 31.472 -40.627 13.019
v 32.256 -38.570 -1.421
v 32.921 -39.111 -1.421
v 32.921 -38.570 -1.628
v 32.921 -40.422 -0.217
v 32.921 -40.160 0.986
v 32.862 -38.570 2.189
v 32.921 -38.645 2.189
v 32.921 -38.570 2.236
v 32.921 -40.221 9.409
v 32.921 -39.604 10.613
v 32.921 -38.866 11.816
v 32.921 -38.570 12.139
v 32.486 -38.570 13.019
v 31.692 -38.570 14.223
v 32.921 -36.513 -2.440
v 31.404 -36.513 2.189
v 32.921 -36.513 3.127
v 32.921 -38.035 13.019
v 32.921 -37.224 14.223
v 32.732 -36.513 15.426
v 32.921 -36.513 15.210
v 31.745 -36.513 16.629
v 32.370 -34.456 -2.624
v 32.921 -35.623 -2.624
v 32.921 -34.456 -2.819
v 32.921 -34.456 3.197
v 32.921 -36.186 15.426
v 32.921 -34.456 16.381
v 32.393 -34.456 16.629
v 32.921 -33.007 -2.624
v 32.921 -32.399 -2.539
v 32.921 -32.399 2.639
v 32.921 -32.399 16.148
v 32.394 -32.399 29.866
v 32.921 -32.399 29.599
v 32.921 -32.506 29.866
v 32.921 -30.342 -2.398
v 31.581 -30.342 2.189
v 32.921 -30.342 2.352
v 32.921 -30.342 16.100
v 32.921 -30.342 27.684
v 32.921 -31.578 28.662
v 32.921 -28.285 -2.288
v 32.670 -28.285 2.189
v 32.921 -28.285 2.224
v 32.921 -28.285 15.899
v 31.999 -28.285 28.662
v 32.921 -28.285 28.190
v 32.921 -26.228 -2.391
v 32.921 -26.228 2.331
v 32.921 -26.228 15.473
v 32.921 -27.766 28.662
v 32.781 -26.228 29.866
v 32.921 -26.228 29.760
v 32.410 -24.171 -2.624
v 32.921 -24.463 -2.624
v 32.921 -24.171 -2.664
v 32.921 -24.171 2.636
v 32.921 -26.017 15.426
v 32.921 -24.171 15.004
v 32.921 -26.078 29.866
v 31.877 -22.114 -2.624
v 32.921 -22.114 -2.940
v 32.921 -22.114 3.038
v 32.921 -22.114 14.660
v 32.317 -20.057 -2.624
v 32.921 -20.057 -2.915
v 32.921 -20.057 3.319
v 32.921 -20.057 14.688
v 32.869 -18.000 -2.624
v 32.921 -18.000 -2.643
v 32.921 -18.000 3.234
v 32.921 -18.000 15.281
v 32.860 -18.000 27.459
v 32.921 -18.000 27.489
v 32.921 -18.541 28.662
v 32.921 -19.214 29.866
v 32.921 -15.942 -3.016
v 32.921 -16.787 3.393
v 32.705 -15.942 3.393
v 32.921 -15.942 3.484
v 32.921 -17.660 15.426
v 32.921 -16.072 16.629
v 32.487 -15.942 16.629
v 32.921 -15.942 16.826
v 32.300 -15.942 22.646
v 32.921 -15.942 23.259
v 32.921 -16.172 23.849
v 32.921 -16.715 25.052
v 32.921 -17.328 26.256
v 32.921 -17.984 27.459
v 32.921 -13.885 -3.545
v 32.921 -13.885 3.897
v 32.921 -15.446 17.833
v 32.921 -15.203 19.036
v 32.921 -15.176 20.239
v 32.921 -15.334 21.442
v 32.921 -15.670 22.646
v 32.921 -12.189 -3.827
v 32.921 -11.828 -3.875
v 32.921 -11.828 4.444
v 32.921 -9.771 -3.862
v 32.921 -11.162 4.596
v 32.921 -9.771 4.977
v 32.921 -9.545 -3.827
v 32.250 -7.714 -3.827
v 32.921 -7.714 -3.522
v 32.921 -7.714 4.887
v 32.921 -5.856 -2.624
v 32.625 -5.657 -2.624
v 32.921 -5.657 -2.488
v 32.921 -5.657 3.421
v 32.921 -7.229 4.596
v 32.921 -4.822 -1.421
v 32.921 -4.467 -0.217
v 32.921 -4.548 0.986
v 32.921 -4.966 2.189
v 32.921 -5.639 3.393
v 32.121 -3.600 17.833
v 32.921 -3.820 17.833
v 32.921 -3.600 17.526
v 31.398 -3.600 19.036
v 32.921 -4.286 19.036
v 31.402 -3.600 20.239
v 32.921 -4.505 20.239
v 31.441 -3.600 21.442
v 32.921 -4.608 21.442
v 31.429 -3.600 22.646
v 32.921 -4.661 22.646
v 31.385 -3.600 23.849
v 32.921 -4.673 23.849
v 32.921 -4.619 25.052
v 31.401 -3.600 26.256
v 32.921 -4.477 26.256
v 31.677 -3.600 27.459
v 32.921 -4.232 27.459
v 32.234 -3.600 28.662
v 32.921 -3.947 28.662
v 32.767 -3.600 29.866
v 32.921 -3.689 29.866
v 32.921 -2.290 16.629
v 32.921 -1.543 16.332
v 31.790 -1.543 29.866
v 32.921 0.514 15.872
v 31.789 2.571 15.426
v 32.921 2.571 15.510
v 32.921 3.233 15.426
v 32.921 4.628 15.252
v 32.921 6.686 15.044
v 31.788 8.743 -1.421
v 32.921 8.743 -0.623
v 32.921 8.602 -0.217
v 32.840 8.743 0.986
v 32.921 8.743 0.852
v 32.921 8.743 14.712
v 32.124 10.800 -2.624
v 32.921 10.800 -2.260
v 32.921 9.440 -1.421
v 32.921 8.790 0.986
v 32.921 10.521 2.189
v 32.921 10.800 2.334
v 32.475 10.800 14.223
v 32.921 10.800 14.388
v 31.560 10.800 25.052
v 32.921 11.581 -2.624
v 32.921 12.857 -3.282
v 32.426 12.857 3.393
v 32.921 12.857 3.207
v 31.598 12.857 13.019
v 32.921 12.857 13.900
v 32.921 11.629 14.223
v 32.921 13.713 -3.827
v 32.921 14.914 -4.821
v 32.921 13.166 3.393
v 32.921 14.739 4.596
v 32.921 14.914 4.763
v 31.806 14.914 11.816
v 32.921 14.914 12.544
v 32.921 14.372 13.019
v 32.921 16.233 -15.860
v 32.921 16.220 -17.064
v 32.921 16.262 -14.657
v 32.921 16.312 -13.454
v 32.921 16.390 -12.250
v 32.921 16.512 -11.047
v 31.977 16.971 -9.844
v 32.921 16.668 -9.844
v 32.351 16.971 -8.640
v 32.921 16.749 -8.640
v 32.198 16.971 -7.437
v 32.921 16.612 -7.437
v 31.572 16.971 -6.234
v 32.921 16.105 -6.234
v 32.921 15.132 -5.030
v 32.921 15.609 5.799
v 32.921 16.145 7.003
v 32.921 16.434 8.206
v 32.921 16.455 9.409
v 32.921 16.162 10.613
v 32.921 15.515 11.816
v 31.456 25.199 -8.640
v 31.629 25.199 -7.437
v 31.444 25.199 -6.234
v 32.065 27.256 -11.047
v 32.796 27.256 -9.844
v 32.921 27.256 -9.500
v 32.921 26.948 -8.640
v 32.921 26.910 -7.437
v 32.921 27.256 -6.486
v 32.837 27.256 -6.234
v 32.042 27.256 -5.030
v 31.952 29.314 -13.454
v 32.921 29.314 -12.301
v 32.921 29.280 -12.250
v 32.921 28.346 -11.047
v 32.921 27.425 -9.844
v 32.921 27.393 -6.234
v 32.921 28.453 -5.030
v 32.921 29.314 -4.232
v 32.921 31.371 -16.534
v 31.932 31.371 -17.064
v 32.921 31.159 -15.860
v 32.921 30.665 -14.657
v 32.921 30.075 -13.454
v 32.921 29.913 -3.827
v 32.921 30.802 -2.624
v 32.185 31.371 -2.624
v 32.921 30.981 -1.421
v 32.631 31.371 -1.421
v 32.921 30.962 -0.217
v 32.662 31.371 -0.217
v 32.921 31.327 0.986
v 32.893 31.371 0.986
v 32.921 31.371 1.028
v 32.867 31.371 26.256
v 32.921 31.371 26.088
v 32.921 31.348 26.256
v 32.921 31.150 27.459
v 32.481 31.371 27.459
v 32.921 30.892 28.662
v 32.113 31.371 28.662
v 32.921 30.587 29.866
v 31.786 31.371 29.866
v 32.921 31.549 -17.064
v 32.093 33.428 -1.421
v 32.869 33.428 -0.217
v 32.921 33.428 -0.180
v 32.921 31.660 0.986
v 32.921 33.428 15.041
v 32.921 33.075 15.426
v 32.921 32.286 16.629
v 32.921 31.878 17.833
v 32.921 31.756 19.036
v 32.921 31.746 20.239
v 32.921 31.755 21.442
v 32.921 31.725 22.646
v 32.921 31.646 23.849
v 32.921 31.518 25.052
v 32.921 34.166 -2.624
v 32.921 35.485 -3.185
v 32.921 33.512 -1.421
v 32.921 33.434 -0.217
v 32.921 35.485 14.001
v 32.921 35.001 14.223
v 32.921 36.990 -3.827
v 32.921 37.542 -4.010
v 32.921 37.542 11.512
v 32.921 37.387 11.816
v 32.921 36.458 13.019
v 32.921 39.599 -4.698
v 32.921 39.599 5.312
v 32.921 38.987 5.799
v 32.921 38.364 7.003
v 32.921 38.150 8.206
v 32.921 38.026 9.409
v 32.921 37.830 10.613
v 31.573 41.656 -3.827
v 32.921 41.656 -4.343
v 32.921 41.656 4.527
v 32.921 41.394 4.596
v 32.921 43.003 -3.827
v 31.629 43.713 -2.624
v 32.921 43.713 -3.590
v 31.914 43.713 3.393
v 32.921 43.713 4.059
v 32.686 45.770 -2.624
v 32.921 45.770 -2.857
v 31.653 45.770 -1.421
v 31.810 45.770 2.189
v 32.830 45.770 3.393
v 32.921 45.770 3.469
v 31.390 45.770 14.223
v 31.656 45.770 15.426
v 31.587 45.770 16.629
v 32.921 46.169 -2.624
v 32.921 47.320 -1.421
v 32.921 47.705 -0.217
v 32.921 47.700 0.986
v 32.921 47.295 2.189
v 32.921 45.935 3.393
v 31.754 47.827 14.223
v 31.966 47.827 15.426
v 31.890 47.827 16.629
v 31.577 47.827 17.833
v 31.512 49.884 11.816
v 32.020 49.884 13.019
v 32.278 49.884 14.223
v 32.352 49.884 15.426
v 32.238 49.884 16.629
v 31.945 49.884 17.833
v 31.461 49.884 19.036
v 34.084 -48.856 17.833
v 34.474 -49.166 17.833
v 34.474 -48.856 17.269
v 33.361 -48.856 19.036
v 34.474 -49.717 19.036
v 34.474 -50.246 20.239
v 34.474 -50.690 21.442
v 34.474 -50.913 22.121
v 34.255 -50.913 22.646
v 33.775 -50.913 23.849
v 33.350 -50.913 25.052
v 34.429 -46.799 13.019
v 34.474 -46.834 13.019
v 34.474 -46.799 12.927
v 33.661 -46.799 14.223
v 34.474 -47.386 14.223
v 34.474 -48.005 15.426
v 34.474 -48.576 16.629
v 33.207 -44.742 8.206
v 34.474 -45.394 8.206
v 34.474 -44.742 7.354
v 34.474 -45.879 9.409
v 34.474 -46.152 10.613
v 34.474 -46.430 11.816
v 33.284 -42.685 7.003
v 34.474 -44.379 7.003
v 34.474 -42.685 6.009
v 33.705 -40.627 7.003
v 34.474 -40.627 5.934
v 33.087 -40.627 8.206
v 34.474 -39.135 -1.421
v 34.474 -38.570 -1.646
v 34.474 -40.361 -0.217
v 34.474 -40.186 0.986
v 34.474 -39.140 2.189
v 34.474 -38.570 2.744
v 34.474 -38.700 7.003
v 34.474 -38.570 7.114
v 34.082 -38.570 8.206
v 33.698 -38.570 9.409
v 33.374 -38.570 10.613
v 33.053 -38.570 11.816
v 34.474 -36.513 -2.509
v 34.474 -37.525 3.393
v 33.728 -36.513 3.393
v 34.474 -36.513 3.813
v 34.474 -38.036 8.206
v 34.474 -37.564 9.409
v 34.474 -37.164 10.613
v 34.474 -36.780 11.816
v 34.223 -36.513 13.019
v 34.474 -36.513 12.439
v 33.551 -36.513 14.223
v 34.474 -36.159 -2.624
v 34.474 -34.456 -3.060
v 33.460 -34.456 3.393
v 34.474 -34.456 3.899
v 34.474 -36.253 13.019
v 34.474 -35.375 14.223
v 34.146 -34.456 15.426
v 34.474 -34.456 15.177
v 33.373 -32.399 -2.624
v 34.474 -32.399 -2.831
v 34.474 -32.399 3.152
v 34.474 -33.211 3.393
v 34.474 -33.915 15.426
v 34.474 -32.399 15.968
v 33.756 -32.399 28.662
v 34.474 -32.399 27.953
v 34.474 -32.706 28.662
v 34.474 -33.115 29.866
v 34.474 -31.364 -2.624
v 34.474 -30.342 -2.389
v 34.474 -30.342 2.476
v 34.474 -30.342 16.120
v 34.394 -30.342 26.256
v 34.474 -30.342 26.199
v 34.474 -30.443 26.256
v 34.474 -32.007 27.459
v 33.107 -30.342 27.459
v 34.474 -28.285 -2.152
v 34.000 -28.285 2.189
v 34.474 -28.285 2.169
v 34.474 -28.396 2.189
v 34.474 -28.285 15.910
v 34.474 -30.128 26.256
v 33.542 -28.285 27.459
v 34.474 -28.285 26.624
v 34.474 -26.228 -2.128
v 34.073 -26.228 2.189
v 34.474 -26.228 2.124
v 34.474 -26.228 15.504
v 34.474 -27.050 27.459
v 33.776 -26.228 28.662
v 34.474 -26.228 27.928
v 33.251 -24.171 -2.624
v 34.474 -24.171 -2.444
v 34.474 -25.792 2.189
v 34.474 -24.171 2.428
v 34.474 -25.837 15.426
v 34.474 -24.171 15.069
v 34.474 -25.093 28.662
v 33.946 -24.171 29.866
v 34.474 -24.171 29.281
v 34.474 -23.620 -2.624
v 34.474 -22.114 -3.066
v 34.474 -22.114 3.042
v 34.474 -22.114 14.759
v 34.474 -22.674 29.866
v 34.474 -20.057 -3.534
v 34.474 -20.951 3.393
v 33.200 -20.057 3.393
v 34.474 -20.057 3.639
v 34.474 -20.057 14.852
v 34.474 -18.000 -3.360
v 33.265 -18.000 3.393
v 34.474 -18.000 3.783
v 34.474 -18.184 15.426
v 34.006 -18.000 15.426
v 34.474 -18.000 15.503
v 34.474 -18.000 27.658
v 34.474 -18.600 28.662
v 34.474 -19.576 29.866
v 34.474 -15.942 -3.250
v 34.474 -15.942 3.756
v 34.474 -16.405 16.629
v 34.474 -15.942 17.186
v 34.474 -15.942 23.423
v 34.474 -16.136 23.849
v 34.474 -16.715 25.052
v 34.474 -17.312 26.256
v 34.474 -17.908 27.459
v 34.474 -13.885 -3.408
v 34.474 -13.885 3.876
v 34.474 -15.489 17.833
v 34.474 -14.938 19.036
v 34.474 -14.687 20.239
v 34.474 -14.796 21.442
v 34.474 -15.367 22.646
v 33.153 -11.828 -3.827
v 34.474 -11.828 -3.517
v 34.474 -11.828 4.127
v 33.069 -9.771 -3.827
v 34.474 -9.771 -3.440
v 34.168 -9.771 4.596
v 34.474 -9.771 4.502
v 34.474 -7.714 -2.997
v 33.620 -7.714 4.596
v 34.474 -7.714 4.224
v 34.474 -6.856 -2.624
v 34.474 -5.657 -1.894
v 32.977 -5.657 3.393
v 34.474 -5.657 2.596
v 34.474 -6.542 3.393
v 34.474 -5.142 -1.421
v 34.474 -4.592 -0.217
v 34.474 -4.729 0.986
v 34.474 -5.381 2.189
v 34.474 -4.337 17.833
v 34.474 -3.600 16.920
v 34.474 -4.904 19.036
v 34.474 -5.215 20.239
v 34.474 -5.371 21.442
v 34.474 -5.418 22.646
v 34.474 -5.385 23.849
v 34.474 -5.269 25.052
v 34.474 -5.086 26.256
v 34.474 -4.864 27.459
v 34.474 -4.646 28.662
v 34.474 -4.426 29.866
v 34.474 -3.172 16.629
v 34.474 -1.543 15.951
v 34.474 0.514 15.668
v 34.250 2.571 15.426
v 34.474 2.459 15.426
v 34.474 2.571 15.411
v 34.474 4.628 15.384
v 34.474 6.193 15.426
v 34.427 6.686 15.426
v 34.474 6.686 15.440
v 33.106 8.743 -0.217
v 34.473 8.743 15.426
v 34.474 8.743 15.427
v 33.869 10.800 -1.421
v 34.453 10.800 -0.217
v 34.190 10.800 0.986
v 33.103 10.800 2.189
v 34.466 10.800 15.426
v 34.474 10.800 15.438
v 34.474 12.526 -2.624
v 34.474 12.857 -2.968
v 34.474 11.448 -1.421
v 34.474 10.825 -0.217
v 34.474 11.130 0.986
v 34.474 12.219 2.189
v 34.474 12.857 2.751
v 33.471 12.857 14.223
v 34.474 12.857 14.960
v 34.474 10.838 15.426
v 33.804 14.914 -5.030
v 34.474 14.804 -5.030
v 34.474 14.914 -5.167
v 34.474 13.747 -3.827
v 34.474 13.593 3.393
v 34.474 14.750 4.596
v 34.474 14.914 4.788
v 33.737 14.914 13.019
v 34.474 14.914 13.479
v 34.474 14.013 14.223
v 34.474 16.359 -15.860
v 34.474 16.380 -17.064
v 34.474 16.351 -14.657
v 34.474 16.377 -13.454
v 34.474 16.444 -12.250
v 34.474 16.559 -11.047
v 34.474 16.662 -9.844
v 34.474 16.610 -8.640
v 34.474 16.284 -7.437
v 34.474 15.667 -6.234
v 34.474 15.586 5.799
v 34.474 16.155 7.003
v 34.474 16.542 8.206
v 34.474 16.672 9.409
v 34.474 16.533 10.613
v 34.474 16.091 11.816
v 34.474 15.340 13.019
v 33.238 27.256 -8.640
v 33.250 27.256 -7.437
v 32.970 29.314 -12.250
v 34.135 29.314 -11.047
v 34.474 29.314 -10.526
v 34.474 29.010 -9.844
v 34.474 28.732 -8.640
v 34.474 28.794 -7.437
v 34.474 29.151 -6.234
v 33.975 29.314 -5.030
v 34.474 29.314 -5.823
v 33.233 31.371 -15.860
v 34.011 31.371 -14.657
v 34.474 31.371 -14.065
v 34.474 31.037 -13.454
v 34.474 30.326 -12.250
v 34.474 29.589 -11.047
v 34.474 29.855 -5.030
v 34.474 30.762 -3.827
v 34.160 31.371 -2.624
v 34.474 31.371 -2.948
v 33.944 31.371 -1.421
v 34.088 31.371 -0.217
v 33.062 31.371 0.986
v 33.884 31.371 23.849
v 34.474 31.371 22.763
v 34.474 31.228 23.849
v 34.474 31.017 25.052
v 33.334 31.371 25.052
v 34.474 30.755 26.256
v 34.474 30.427 27.459
v 34.474 30.035 28.662
v 34.474 29.561 29.866
v 34.182 33.428 -17.064
v 34.474 33.428 -16.231
v 34.474 33.064 -15.860
v 34.474 31.856 -14.657
v 33.486 33.428 -2.624
v 34.474 33.428 -3.353
v 33.000 33.428 -1.421
v 32.928 33.428 -0.217
v 34.474 33.428 15.078
v 34.474 33.034 15.426
v 34.474 32.190 16.629
v 34.474 31.809 17.833
v 34.474 31.652 19.036
v 34.474 31.580 20.239
v 34.474 31.504 21.442
v 34.474 31.386 22.646
v 34.474 34.284 -15.860
v 34.329 35.485 -15.860
v 33.940 35.485 -17.064
v 34.474 35.485 -15.542
v 34.474 35.485 -3.478
v 34.474 35.485 13.648
v 34.474 34.538 14.223
v 33.350 37.542 -15.860
v 32.975 37.542 -17.064
v 34.474 36.317 -14.657
v 33.829 37.542 -14.657
v 34.364 37.542 -13.454
v 34.474 37.356 -13.454
v 34.474 37.542 -13.233
v 34.474 35.978 -3.827
v 34.474 37.542 -4.769
v 34.167 37.542 9.409
v 34.474 37.542 8.859
v 34.474 37.417 9.409
v 34.474 37.112 10.613
v 33.525 37.542 10.613
v 34.474 36.668 11.816
v 34.474 35.966 13.019
v 33.480 39.599 -15.860
v 33.081 39.599 -17.064
v 33.938 39.599 -14.657
v 34.429 39.599 -13.454
v 34.474 39.599 -13.357
v 33.379 39.599 -5.030
v 34.474 38.041 -5.030
v 34.474 39.599 -5.810
v 34.474 39.599 5.617
v 34.474 39.203 5.799
v 34.474 38.042 7.003
v 34.474 37.673 8.206
v 34.474 41.393 -17.064
v 34.474 40.980 -15.860
v 34.474 40.415 -14.657
v 34.474 39.670 -13.454
v 33.893 41.656 -5.030
v 34.474 41.656 -5.436
v 33.066 41.656 4.596
v 34.474 41.656 5.095
v 34.474 43.114 -5.030
v 33.208 43.713 -3.827
v 34.474 43.713 -4.882
v 33.943 43.713 4.596
v 34.474 43.713 4.828
v 33.985 45.770 -3.827
v 34.474 45.770 -4.318
v 34.474 45.770 4.463
v 34.474 45.188 4.596
v 34.474 46.747 -3.827
v 34.307 47.827 -2.624
v 34.474 47.827 -2.855
v 33.567 47.827 -1.421
v 33.112 47.827 -0.217
v 33.114 47.827 0.986
v 33.565 47.827 2.189
v 34.474 47.827 3.365
v 34.474 47.805 3.393
v 34.474 48.038 -2.624
v 34.474 48.717 -1.421
v 34.474 49.028 -0.217
v 34.474 49.052 0.986
v 34.474 48.743 2.189
v 35.855 -48.856 15.426
v 36.027 -48.994 15.426
v 36.027 -48.856 15.182
v 34.950 -48.856 16.629
v 36.027 -49.689 16.629
v 36.027 -50.295 17.833
v 36.027 -50.841 19.036
v 36.027 -50.913 19.194
v 35.394 -50.913 20.239
v 34.770 -50.913 21.442
v 35.760 -46.799 10.613
v 36.027 -46.957 10.613
v 36.027 -46.799 10.250
v 35.097 -46.799 11.816
v 36.027 -47.410 11.816
v 36.027 -47.884 13.019
v 36.027 -48.420 14.223
v 35.331 -44.742 7.003
v 36.027 -44.999 7.003
v 36.027 -44.742 6.765
v 36.027 -45.935 8.206
v 36.027 -46.503 9.409
v 35.076 -42.685 5.799
v 36.027 -43.345 5.799
v 36.027 -42.685 5.452
v 34.661 -40.627 5.799
v 36.027 -40.627 4.915
v 35.271 -38.570 -1.421
v 36.027 -38.570 -0.887
v 36.027 -39.314 -0.217
v 36.027 -39.161 0.986
v 35.484 -38.570 2.189
v 36.027 -38.570 1.803
v 35.322 -38.570 5.799
v 36.027 -38.570 4.961
v 34.533 -38.570 7.003
v 36.027 -38.043 -1.421
v 36.027 -36.513 -2.024
v 36.027 -38.260 2.189
v 36.027 -37.039 3.393
v 36.027 -36.513 3.746
v 36.027 -37.509 5.799
v 36.027 -36.742 7.003
v 35.783 -36.513 8.206
v 36.027 -36.513 7.458
v 35.396 -36.513 9.409
v 35.057 -36.513 10.613
v 34.720 -36.513 11.816
v 36.027 -34.651 -2.624
v 36.027 -34.456 -2.672
v 36.027 -34.456 3.914
v 36.027 -36.300 8.206
v 36.027 -35.995 9.409
v 36.027 -35.741 10.613
v 36.027 -35.463 11.816
v 36.027 -35.021 13.019
v 35.833 -34.456 14.223
v 36.027 -34.456 14.051
v 36.027 -32.954 -2.624
v 35.913 -32.399 -2.624
v 36.027 -32.399 -2.603
v 36.027 -32.399 3.160
v 36.027 -33.237 3.393
v 36.027 -34.323 14.223
v 36.027 -33.036 15.426
v 36.027 -32.399 15.904
v 35.675 -32.399 26.256
v 36.027 -32.399 25.829
v 36.027 -32.645 26.256
v 36.027 -33.184 27.459
v 34.805 -32.399 27.459
v 36.027 -33.621 28.662
v 36.027 -33.991 29.866
v 36.027 -30.342 -2.047
v 36.027 -30.342 2.260
v 36.027 -30.342 16.400
v 35.396 -30.342 25.052
v 36.027 -30.342 24.430
v 36.027 -31.517 25.052
v 36.027 -28.285 -1.571
v 36.027 -28.285 1.592
v 36.027 -30.087 2.189
v 36.027 -28.285 16.222
v 35.807 -28.285 25.052
v 36.027 -28.285 24.847
v 34.749 -28.285 26.256
v 36.027 -26.950 -1.421
v 35.865 -26.228 -1.421
v 36.027 -26.228 -1.225
v 36.027 -26.228 1.269
v 36.027 -26.228 15.787
v 36.027 -27.974 25.052
v 35.806 -26.228 26.256
v 36.027 -26.228 26.031
v 34.814 -26.228 27.459
v 36.027 -25.067 -1.421
v 36.027 -24.171 -1.513
v 35.013 -24.171 2.189
v 36.027 -24.171 1.486
v 36.027 -24.492 15.426
v 36.027 -24.171 15.355
v 36.027 -25.850 26.256
v 35.910 -24.171 27.459
v 36.027 -24.171 27.330
v 34.941 -24.171 28.662
v 35.483 -22.114 -2.624
v 36.027 -22.114 -2.282
v 36.027 -22.403 2.189
v 36.027 -22.114 2.287
v 36.027 -22.114 14.984
v 36.027 -23.810 27.459
v 35.715 -22.114 28.662
v 36.027 -22.114 28.311
v 34.711 -22.114 29.866
v 36.027 -21.446 -2.624
v 36.027 -20.057 -3.177
v 35.345 -20.057 3.393
v 36.027 -20.057 3.156
v 36.027 -20.057 15.080
v 36.027 -20.350 28.662
v 34.929 -20.057 29.866
v 36.027 -20.057 28.764
v 36.027 -18.000 -3.382
v 36.027 -18.993 3.393
v 36.027 -18.000 3.622
v 36.027 -18.932 15.426
v 36.027 -18.000 15.810
v 34.876 -18.000 27.459
v 36.027 -18.000 26.872
v 36.027 -18.447 27.459
v 36.027 -19.878 28.662
v 36.027 -15.942 -3.294
v 36.027 -15.942 3.735
v 36.027 -16.736 16.629
v 36.027 -15.942 17.511
v 35.401 -15.942 22.646
v 36.027 -15.942 22.155
v 36.027 -16.146 22.646
v 36.027 -16.697 23.849
v 36.027 -17.229 25.052
v 36.027 -17.743 26.256
v 36.027 -13.885 -3.249
v 36.027 -13.885 3.690
v 36.027 -15.638 17.833
v 36.027 -14.937 19.036
v 36.027 -14.873 20.239
v 36.027 -15.440 21.442
v 36.027 -11.828 -3.090
v 36.027 -11.828 3.480
v 36.027 -9.771 -2.829
v 35.931 -9.771 3.393
v 36.027 -9.771 3.317
v 36.027 -10.700 3.393
v 36.027 -8.652 -2.624
v 35.585 -7.714 -2.624
v 36.027 -7.714 -2.417
v 35.619 -7.714 3.393
v 36.027 -7.714 3.089
v 36.027 -5.658 -1.421
v 36.026 -5.657 -1.421
v 36.027 -5.657 -1.419
v 35.258 -5.657 2.189
v 36.027 -5.657 1.738
v 36.027 -6.198 2.189
v 35.970 -5.657 20.239
v 36.027 -5.688 20.239
v 36.027 -5.657 20.164
v 35.535 -5.657 21.442
v 36.027 -5.893 21.442
v 35.502 -5.657 22.646
v 36.027 -5.847 22.646
v 35.990 -5.657 23.849
v 36.027 -5.666 23.849
v 36.027 -5.657 23.898
v 36.027 -4.768 -0.217
v 36.027 -5.007 0.986
v 35.025 -3.600 16.629
v 36.027 -4.109 16.629
v 36.027 -3.600 16.027
v 36.027 -4.873 17.833
v 36.027 -5.376 19.036
v 36.027 -5.488 25.052
v 36.027 -5.293 26.256
v 36.027 -5.072 27.459
v 36.027 -4.813 28.662
v 36.027 -4.478 29.866
v 35.263 -1.543 15.426
v 36.027 -2.800 15.426
v 36.027 -1.543 14.855
v 34.883 0.514 15.426
v 36.027 0.514 14.694
v 36.027 2.571 14.860
v 36.027 4.628 15.299
v 36.027 5.161 15.426
v 36.027 6.686 15.793
v 36.027 8.743 16.565
v 36.027 8.994 16.629
v 35.482 10.800 16.629
v 36.027 10.800 17.040
v 36.027 12.495 -2.624
v 36.027 12.857 -2.995
v 36.027 11.426 -1.421
v 36.027 10.844 -0.217
v 36.027 11.135 0.986
v 36.027 12.185 2.189
v 36.027 12.857 2.820
v 35.485 12.857 15.426
v 36.027 12.857 15.691
v 36.027 11.526 16.629
v 36.027 14.856 -5.030
v 36.027 14.914 -5.101
v 36.027 13.773 -3.827
v 36.027 13.538 3.393
v 36.027 14.689 4.596
v 36.027 14.914 4.876
v 36.027 14.774 14.223
v 36.027 14.914 14.086
v 36.027 13.272 15.426
v 36.027 16.730 -15.860
v 36.027 16.783 -17.064
v 36.027 16.703 -14.657
v 36.027 16.714 -13.454
v 36.027 16.768 -12.250
v 36.027 16.853 -11.047
v 36.027 16.864 -9.844
v 36.027 16.716 -8.640
v 36.027 16.316 -7.437
v 36.027 15.701 -6.234
v 36.027 15.557 5.799
v 36.027 16.199 7.003
v 36.027 16.687 8.206
v 36.027 16.934 9.409
v 36.027 16.933 10.613
v 36.027 16.622 11.816
v 36.027 15.970 13.019
v 34.842 29.314 -9.844
v 35.142 29.314 -8.640
v 35.082 29.314 -7.437
v 34.691 29.314 -6.234
v 35.717 29.314 28.662
v 36.027 29.314 28.204
v 36.027 29.117 28.662
v 36.027 28.643 29.866
v 34.933 29.314 29.866
v 34.761 31.371 -13.454
v 35.391 31.371 -12.250
v 36.027 31.371 -11.049
v 36.027 31.369 -11.047
v 36.027 30.666 -9.844
v 36.027 30.334 -8.640
v 36.027 30.413 -7.437
v 36.027 30.819 -6.234
v 35.813 31.371 -5.030
v 36.027 31.371 -5.364
v 34.933 31.371 -3.827
v 35.889 31.371 20.239
v 36.027 31.371 20.028
v 36.027 31.352 20.239
v 36.027 31.206 21.442
v 35.114 31.371 21.442
v 36.027 31.010 22.646
v 34.531 31.371 22.646
v 36.027 30.753 23.849
v 36.027 30.445 25.052
v 36.027 30.077 26.256
v 36.027 29.621 27.459
v 34.590 33.428 -15.860
v 35.057 33.428 -14.657
v 35.545 33.428 -13.454
v 36.027 33.428 -12.407
v 36.027 33.121 -12.250
v 36.027 31.756 -5.030
v 36.027 33.428 -4.383
v 35.170 33.428 -3.827
v 36.027 33.428 14.307
v 36.027 32.430 15.426
v 36.027 31.888 16.629
v 36.027 31.619 17.833
v 36.027 31.468 19.036
v 34.845 35.485 -14.657
v 35.320 35.485 -13.454
v 36.027 33.807 -12.250
v 35.793 35.485 -12.250
v 36.027 35.485 -11.645
v 34.979 35.485 -3.827
v 36.027 35.485 -4.654
v 35.913 35.485 11.816
v 36.027 35.485 11.615
v 36.027 35.338 11.816
v 36.027 34.400 13.019
v 35.066 35.485 13.019
v 36.027 33.486 14.223
v 34.868 37.542 -12.250
v 36.027 36.021 -11.047
v 35.338 37.542 -11.047
v 35.731 37.542 -9.844
v 36.027 36.902 -9.844
v 35.937 37.542 -8.640
v 36.027 37.361 -8.640
v 35.846 37.542 -7.437
v 36.027 37.220 -7.437
v 35.427 37.542 -6.234
v 36.027 36.612 -6.234
v 34.676 37.542 -5.030
v 36.027 35.769 -5.030
v 35.583 37.542 7.003
v 36.027 37.542 6.789
v 36.027 37.295 7.003
v 36.027 36.560 8.206
v 34.676 37.542 8.206
v 36.027 36.169 9.409
v 36.027 35.822 10.613
v 34.902 39.599 -12.250
v 35.436 39.599 -11.047
v 35.884 39.599 -9.844
v 35.977 39.599 -8.640
v 35.577 39.599 -7.437
v 34.819 39.599 -6.234
v 35.879 39.599 5.799
v 36.027 39.599 5.813
v 34.891 41.656 -15.860
v 34.644 41.656 -17.064
v 35.189 41.656 -14.657
v 35.583 41.656 -13.454
v 36.027 41.656 -12.300
v 36.027 41.623 -12.250
v 36.027 40.747 -11.047
v 36.027 39.908 -9.844
v 36.027 39.730 -8.640
v 36.027 40.980 -7.437
v 36.027 41.656 -7.165
v 35.294 41.656 -6.234
v 36.027 41.656 5.549
v 36.027 39.691 5.799
v 36.027 43.702 -17.064
v 36.027 43.435 -15.860
v 36.027 42.991 -14.657
v 36.027 42.423 -13.454
v 35.834 43.713 -6.234
v 36.027 43.713 -6.518
v 34.653 43.713 -5.030
v 36.027 43.713 5.454
v 36.027 44.992 -6.234
v 36.027 45.770 -6.050
v 35.218 45.770 -5.030
v 34.741 45.770 4.596
v 36.027 45.770 5.235
v 36.027 47.819 -5.030
v 35.224 47.827 -3.827
v 36.027 47.827 -5.024
v 34.502 47.827 3.393
v 36.027 47.827 4.585
v 36.027 47.808 4.596
v 36.027 49.000 -3.827
v 36.027 49.664 -2.624
v 35.856 49.884 -1.421
v 36.027 49.884 -1.944
v 35.639 49.884 -0.217
v 35.634 49.884 0.986
v 35.918 49.884 2.189
v 36.027 49.884 2.426
v 36.027 49.412 3.393
v 36.796 -48.856 14.223
v 37.580 -49.437 14.223
v 37.580 -48.856 13.210
v 37.580 -50.125 15.426
v 37.580 -50.758 16.629
v 37.580 -50.913 16.941
v 36.943 -50.913 17.833
v 36.130 -50.913 19.036
v 36.901 -46.799 9.409
v 37.580 -47.094 9.409
v 37.580 -46.799 8.943
v 37.580 -47.702 10.613
v 37.580 -48.273 11.816
v 37.580 -48.772 13.019
v 37.580 -45.397 7.003
v 37.580 -44.742 6.440
v 37.580 -46.376 8.206
v 37.580 -43.783 5.799
v 37.580 -42.685 5.263
v 37.580 -40.627 4.805
v 36.536 -38.570 -0.217
v 36.433 -38.570 0.986
v 37.580 -38.570 4.821
v 37.058 -36.513 -1.421
v 37.580 -36.513 -0.569
v 37.580 -36.906 -0.217
v 37.580 -36.716 0.986
v 37.110 -36.513 2.189
v 37.580 -36.513 1.239
v 36.280 -36.513 3.393
v 37.580 -36.746 5.799
v 36.354 -36.513 7.003
v 37.580 -36.513 5.977
v 36.137 -34.456 -2.624
v 37.580 -34.456 -1.661
v 37.580 -35.284 -1.421
v 37.580 -35.108 2.189
v 36.749 -34.456 3.393
v 37.580 -34.456 2.486
v 37.580 -35.853 7.003
v 37.580 -35.363 8.206
v 37.580 -35.063 9.409
v 37.580 -34.868 10.613
v 37.580 -34.671 11.816
v 37.361 -34.456 13.019
v 37.580 -34.456 12.694
v 37.196 -34.456 28.662
v 37.580 -34.456 27.943
v 37.580 -34.814 28.662
v 37.580 -35.384 29.866
v 36.644 -34.456 29.866
v 37.580 -32.399 -1.614
v 37.441 -32.399 2.189
v 37.580 -32.399 2.030
v 37.580 -33.280 2.189
v 37.580 -34.362 13.019
v 37.580 -33.827 14.223
v 37.580 -33.034 15.426
v 37.580 -32.399 16.219
v 37.517 -32.399 23.849
v 37.580 -32.399 23.773
v 37.580 -32.454 23.849
v 37.580 -33.188 25.052
v 36.584 -32.399 25.052
v 37.580 -33.769 26.256
v 37.580 -34.268 27.459
v 37.580 -31.781 -1.421
v 36.998 -30.342 -1.421
v 37.580 -30.342 -0.421
v 37.460 -30.342 0.986
v 37.580 -30.342 0.361
v 37.580 -30.635 0.986
v 36.151 -30.342 2.189
v 37.580 -31.656 16.629
v 36.589 -30.342 16.629
v 37.580 -30.342 17.262
v 37.473 -30.342 22.646
v 37.580 -30.342 22.502
v 37.580 -30.632 22.646
v 36.464 -30.342 23.849
v 36.222 -28.285 -1.421
v 37.580 -30.075 -0.217
v 36.897 -28.285 -0.217
v 36.634 -28.285 0.986
v 36.943 -28.285 16.629
v 37.580 -28.285 17.037
v 37.580 -29.872 22.646
v 36.793 -28.285 23.849
v 37.580 -28.285 22.948
v 36.518 -26.228 -0.217
v 36.269 -26.228 0.986
v 37.580 -27.133 16.629
v 37.580 -26.228 16.418
v 37.580 -26.769 23.849
v 36.778 -26.228 25.052
v 37.580 -26.228 24.126
v 36.116 -24.171 -1.421
v 36.639 -24.171 -0.217
v 36.421 -24.171 0.986
v 36.209 -24.171 15.426
v 37.580 -24.171 15.938
v 37.580 -24.762 25.052
v 36.902 -24.171 26.256
v 37.580 -24.171 25.476
v 36.737 -22.114 -1.421
v 37.117 -22.114 -0.217
v 36.963 -22.114 0.986
v 36.137 -22.114 2.189
v 36.931 -22.114 15.426
v 37.580 -22.114 15.718
v 37.580 -22.437 26.256
v 36.723 -22.114 27.459
v 37.580 -22.114 26.463
v 36.796 -20.057 -2.624
v 37.580 -20.057 -1.734
v 37.580 -20.469 -1.421
v 37.580 -21.174 -0.217
v 37.580 -20.888 0.986
v 37.304 -20.057 2.189
v 37.580 -20.057 1.790
v 36.949 -20.057 15.426
v 37.580 -20.057 15.691
v 37.152 -20.057 27.459
v 37.580 -20.057 26.984
v 36.111 -20.057 28.662
v 37.580 -18.388 -2.624
v 37.580 -18.000 -2.766
v 37.580 -19.530 2.189
v 36.737 -18.000 3.393
v 37.580 -18.000 3.030
v 37.580 -18.000 16.291
v 36.718 -18.000 26.256
v 37.580 -18.000 25.368
v 37.580 -18.790 26.256
v 37.580 -15.942 -3.049
v 37.580 -16.525 3.393
v 37.580 -15.942 3.528
v 37.580 -17.374 16.629
v 37.580 -16.273 17.833
v 36.765 -15.942 17.833
v 37.580 -16.044 19.036
v 37.390 -15.942 19.036
v 37.580 -16.209 20.239
v 37.112 -15.942 20.239
v 37.580 -16.568 21.442
v 36.498 -15.942 21.442
v 37.580 -16.992 22.646
v 37.580 -17.444 23.849
v 37.580 -17.891 25.052
v 37.580 -13.885 -3.115
v 37.580 -13.885 3.606
v 37.580 -11.828 -2.886
v 36.568 -11.828 3.393
v 37.580 -11.828 3.220
v 37.580 -12.796 3.393
v 37.580 -10.827 -2.624
v 36.720 -9.771 -2.624
v 37.580 -9.771 -2.282
v 37.580 -9.771 2.537
v 37.580 -7.714 -1.841
v 37.580 -7.714 2.216
v 37.580 -6.670 -1.421
v 37.580 -5.657 -0.505
v 37.495 -5.657 0.986
v 37.580 -5.657 0.796
v 37.580 -5.717 0.986
v 37.580 -7.653 2.189
v 37.580 -5.891 20.239
v 37.580 -5.657 19.156
v 37.580 -5.870 21.442
v 37.580 -5.709 22.646
v 36.094 -5.657 23.849
v 37.580 -5.657 22.953
v 37.580 -5.419 -0.217
v 36.743 -3.600 15.426
v 37.580 -4.263 15.426
v 37.580 -3.600 14.236
v 37.580 -4.830 16.629
v 37.580 -5.297 17.833
v 37.580 -5.638 19.036
v 37.580 -5.518 23.849
v 37.580 -5.319 25.052
v 37.580 -5.097 26.256
v 37.580 -4.809 27.459
v 37.580 -4.388 28.662
v 37.580 -3.645 29.866
v 37.190 -1.543 13.019
v 37.580 -2.730 13.019
v 37.580 -1.543 11.887
v 36.555 -1.543 14.223
v 37.580 -3.592 14.223
v 37.196 0.514 13.019
v 37.580 0.514 12.082
v 36.463 0.514 14.223
v 37.580 1.668 13.019
v 37.580 2.571 13.639
v 37.006 2.571 14.223
v 37.580 3.385 14.223
v 37.580 4.628 14.950
v 37.580 5.836 15.426
v 37.580 6.686 15.720
v 37.580 8.743 16.154
v 36.538 10.800 -1.421
v 37.580 9.714 -1.421
v 37.580 10.800 -2.355
v 36.058 10.800 -0.217
v 37.580 9.052 -0.217
v 36.277 10.800 0.986
v 37.580 9.344 0.986
v 37.318 10.800 2.189
v 37.580 10.537 2.189
v 37.580 10.800 2.391
v 36.530 10.800 16.629
v 37.580 10.800 15.944
v 37.580 11.572 -2.624
v 37.580 12.857 -3.121
v 37.580 12.857 3.237
v 36.739 12.857 15.426
v 37.580 12.284 15.426
v 37.580 12.857 15.146
v 36.291 14.914 -5.030
v 37.580 14.914 -4.682
v 37.580 13.932 -3.827
v 37.580 13.101 3.393
v 37.580 14.542 4.596
v 37.580 14.914 5.014
v 37.580 14.783 14.223
v 37.580 14.914 14.128
v 36.590 16.971 -15.860
v 36.479 16.971 -17.064
v 36.639 16.971 -14.657
v 36.606 16.971 -13.454
v 36.489 16.971 -12.250
v 36.321 16.971 -11.047
v 36.357 16.971 -9.844
v 37.104 16.971 -8.640
v 37.580 16.971 -8.325
v 37.580 16.636 -7.437
v 37.580 16.030 -6.234
v 37.580 15.201 -5.030
v 37.580 15.525 5.799
v 37.580 16.301 7.003
v 37.580 16.945 8.206
v 36.198 16.971 9.409
v 37.580 16.971 8.275
v 36.158 16.971 10.613
v 36.878 16.971 11.816
v 37.580 16.971 12.583
v 37.580 16.631 13.019
v 37.580 17.545 -17.064
v 37.580 17.497 -15.860
v 37.580 17.468 -14.657
v 37.580 17.469 -13.454
v 37.580 17.496 -12.250
v 37.580 17.500 -11.047
v 37.580 17.376 -9.844
v 37.580 17.085 -8.640
v 37.580 17.548 9.409
v 37.580 17.882 10.613
v 37.580 17.738 11.816
v 37.570 21.085 11.816
v 37.580 21.085 11.777
v 37.580 21.011 11.816
v 37.580 20.366 13.019
v 37.399 21.085 13.019
v 37.580 20.709 14.223
v 37.426 21.085 14.223
v 37.580 21.085 14.576
v 37.471 23.142 9.409
v 37.580 23.142 9.056
v 37.580 22.789 9.409
v 37.580 21.741 10.613
v 37.122 23.142 10.613
v 36.839 23.142 11.816
v 36.621 23.142 13.019
v 36.486 23.142 14.223
v 37.580 22.595 15.426
v 37.192 23.142 15.426
v 37.580 23.142 15.524
v 37.543 25.199 -1.421
v 37.580 25.199 -1.458
v 37.580 25.167 -1.421
v 37.580 24.626 -0.217
v 36.962 25.199 -0.217
v 37.580 24.823 0.986
v 37.188 25.199 0.986
v 37.580 25.199 1.628
v 37.569 25.199 8.206
v 37.580 25.199 8.157
v 37.580 25.135 8.206
v 37.256 25.199 9.409
v 36.925 25.199 10.613
v 36.671 25.199 11.816
v 36.575 25.199 13.019
v 36.832 25.199 14.223
v 37.580 25.199 14.764
v 37.580 23.503 15.426
v 37.580 26.697 -1.421
v 36.629 27.256 -0.217
v 37.580 27.256 -1.378
v 37.108 27.256 0.986
v 37.580 27.256 1.404
v 37.580 25.259 8.206
v 37.580 26.456 9.409
v 37.580 27.128 10.613
v 37.513 27.256 11.816
v 37.580 27.256 11.299
v 37.580 27.256 12.309
v 37.580 27.118 13.019
v 37.580 26.248 14.223
v 37.580 27.886 -0.217
v 37.580 27.625 0.986
v 37.580 27.392 11.816
v 37.376 29.314 26.256
v 37.580 29.314 25.948
v 37.580 29.196 26.256
v 37.580 28.851 27.459
v 36.662 29.314 27.459
v 37.580 28.555 28.662
v 37.580 28.367 29.866
v 36.028 31.371 -11.047
v 36.418 31.371 -9.844
v 36.641 31.371 -8.640
v 36.601 31.371 -7.437
v 36.338 31.371 -6.234
v 36.550 31.371 19.036
v 37.580 31.371 17.894
v 37.580 31.180 19.036
v 37.580 30.982 20.239
v 37.580 30.748 21.442
v 37.580 30.453 22.646
v 37.580 30.097 23.849
v 37.580 29.678 25.052
v 36.088 33.428 -12.250
v 36.553 33.428 -11.047
v 36.928 33.428 -9.844
v 37.138 33.428 -8.640
v 37.111 33.428 -7.437
v 36.860 33.428 -6.234
v 36.376 33.428 -5.030
v 37.296 33.428 13.019
v 37.580 33.428 12.537
v 37.580 33.109 13.019
v 37.580 32.424 14.223
v 36.139 33.428 14.223
v 37.580 31.941 15.426
v 37.580 31.624 16.629
v 37.580 31.383 17.833
v 36.253 35.485 -11.047
v 36.634 35.485 -9.844
v 36.846 35.485 -8.640
v 36.815 35.485 -7.437
v 36.580 35.485 -6.234
v 36.186 35.485 -5.030
v 37.343 35.485 8.206
v 37.580 35.485 7.857
v 37.580 35.135 8.206
v 37.580 34.441 9.409
v 36.836 35.485 9.409
v 37.580 34.036 10.613
v 36.433 35.485 10.613
v 37.580 33.668 11.816
v 37.580 37.542 6.474
v 37.580 36.293 7.003
v 37.580 39.599 6.063
v 36.046 41.656 -12.250
v 36.469 41.656 -11.047
v 36.736 41.656 -9.844
v 36.671 41.656 -8.640
v 36.224 41.656 -7.437
v 36.861 41.656 5.799
v 37.580 41.656 6.022
v 36.224 43.713 -15.860
v 36.035 43.713 -17.064
v 36.508 43.713 -14.657
v 36.775 43.713 -13.454
v 37.036 43.713 -12.250
v 37.202 43.713 -11.047
v 37.248 43.713 -9.844
v 37.092 43.713 -8.640
v 36.645 43.713 -7.437
v 36.952 43.713 5.799
v 37.580 43.713 6.069
v 37.050 45.770 -15.860
v 36.954 45.770 -17.064
v 37.196 45.770 -14.657
v 37.322 45.770 -13.454
v 37.423 45.770 -12.250
v 37.458 45.770 -11.047
v 37.431 45.770 -9.844
v 37.228 45.770 -8.640
v 36.833 45.770 -7.437
v 36.171 45.770 -6.234
v 37.180 45.770 5.799
v 37.580 45.770 6.023
v 37.319 47.827 -15.860
v 37.195 47.827 -17.064
v 37.449 47.827 -14.657
v 37.580 47.827 -13.591
v 37.580 47.717 -13.454
v 37.580 47.063 -12.250
v 37.580 46.800 -11.047
v 37.580 47.126 -9.844
v 37.580 47.827 -9.259
v 37.485 47.827 -8.640
v 37.192 47.827 -7.437
v 36.717 47.827 -6.234
v 36.031 47.827 -5.030
v 36.043 47.827 4.596
v 37.580 47.827 5.656
v 37.580 47.230 5.799
v 37.580 49.363 -17.064
v 37.580 48.868 -15.860
v 37.580 48.315 -14.657
v 37.580 48.169 -8.640
v 37.580 48.968 -7.437
v 37.580 49.782 -6.234
v 37.580 49.884 -6.069
v 37.234 49.884 -5.030
v 36.767 49.884 -3.827
v 36.274 49.884 -2.624
v 36.609 49.884 3.393
v 37.580 49.884 4.493
v 37.580 49.785 4.596
v 38.894 -48.856 11.816
v 39.133 -48.998 11.816
v 39.133 -48.856 11.596
v 37.751 -48.856 13.019
v 39.133 -49.755 13.019
v 39.133 -50.456 14.223
v 39.133 -50.913 15.004
v 38.773 -50.913 15.426
v 37.817 -50.913 16.629
v 39.133 -47.643 9.409
v 39.133 -46.799 8.229
v 39.133 -48.358 10.613
v 39.133 -45.678 7.003
v 39.133 -44.742 6.277
v 39.133 -46.783 8.206
v 39.133 -43.898 5.799
v 39.133 -42.685 5.291
v 39.133 -40.627 4.973
v 39.133 -38.570 5.122
v 37.764 -36.513 -0.217
v 37.672 -36.513 0.986
v 39.133 -37.027 5.799
v 39.133 -36.513 6.063
v 38.716 -36.513 29.866
v 39.133 -36.513 28.996
v 39.133 -37.012 29.866
v 37.852 -34.456 -1.421
v 38.388 -34.456 -0.217
v 38.285 -34.456 0.986
v 37.738 -34.456 2.189
v 39.133 -35.606 7.003
v 39.133 -34.884 8.206
v 39.133 -34.464 9.409
v 38.655 -34.456 10.613
v 39.133 -34.456 9.451
v 38.219 -34.456 11.816
v 38.488 -34.456 26.256
v 39.133 -34.456 25.217
v 39.133 -35.088 26.256
v 39.133 -35.746 27.459
v 37.823 -34.456 27.459
v 39.133 -36.359 28.662
v 37.780 -32.399 -1.421
v 38.291 -32.399 -0.217
v 38.159 -32.399 0.986
v 39.133 -34.264 10.613
v 39.133 -34.142 11.816
v 39.133 -34.000 13.019
v 39.133 -33.731 14.223
v 39.133 -33.325 15.426
v 39.133 -32.838 16.629
v 38.273 -32.399 16.629
v 39.133 -32.399 17.809
v 39.007 -32.399 21.442
v 39.133 -32.399 20.906
v 39.133 -32.546 21.442
v 39.133 -33.125 22.646
v 38.404 -32.399 22.646
v 39.133 -33.775 23.849
v 39.133 -34.377 25.052
v 37.665 -30.342 -0.217
v 39.133 -32.383 17.833
v 38.089 -30.342 17.833
v 39.133 -31.972 19.036
v 38.529 -30.342 19.036
v 39.133 -32.097 20.239
v 38.519 -30.342 20.239
v 38.169 -30.342 21.442
v 38.316 -28.285 17.833
v 38.777 -28.285 19.036
v 38.778 -28.285 20.239
v 38.442 -28.285 21.442
v 37.787 -28.285 22.646
v 37.902 -26.228 16.629
v 39.078 -26.228 17.833
v 39.133 -26.228 17.955
v 39.133 -27.399 19.036
v 39.133 -27.421 20.239
v 39.133 -26.566 21.442
v 38.626 -26.228 22.646
v 39.133 -26.228 21.673
v 37.786 -26.228 23.849
v 38.737 -24.171 16.629
v 39.133 -24.171 16.980
v 39.133 -26.087 17.833
v 39.133 -25.215 22.646
v 38.906 -24.171 23.849
v 39.133 -24.171 23.532
v 37.927 -24.171 25.052
v 39.112 -22.114 16.629
v 39.133 -22.114 16.646
v 39.133 -23.548 23.849
v 38.832 -22.114 25.052
v 39.133 -22.114 24.717
v 37.758 -22.114 26.256
v 37.846 -20.057 -1.421
v 38.287 -20.057 -0.217
v 38.122 -20.057 0.986
v 39.133 -21.151 16.629
v 39.133 -20.057 16.605
v 39.133 -20.585 25.052
v 38.227 -20.057 26.256
v 39.133 -20.057 25.256
v 37.827 -18.000 -2.624
v 39.133 -18.000 -1.526
v 39.133 -18.133 -1.421
v 39.133 -18.789 -0.217
v 39.133 -18.585 0.986
v 38.761 -18.000 2.189
v 39.133 -18.000 1.732
v 39.133 -19.879 16.629
v 38.386 -18.000 16.629
v 39.133 -18.000 17.203
v 38.892 -18.000 23.849
v 39.133 -18.000 23.491
v 39.133 -18.204 23.849
v 39.133 -19.579 25.052
v 37.877 -18.000 25.052
v 38.926 -15.942 -2.624
v 39.133 -15.942 -2.537
v 39.133 -17.473 2.189
v 38.158 -15.942 3.393
v 39.133 -15.942 3.105
v 39.133 -17.361 17.833
v 39.133 -17.110 19.036
v 39.133 -17.239 20.239
v 39.133 -17.467 21.442
v 39.133 -17.764 22.646
v 39.133 -15.654 -2.624
v 39.133 -13.885 -2.989
v 39.133 -15.051 3.393
v 39.133 -13.885 3.719
v 38.879 -13.885 29.866
v 39.133 -15.708 29.866
v 39.133 -13.885 29.430
v 39.133 -11.828 -3.208
v 37.992 -11.828 3.393
v 39.133 -11.828 3.922
v 39.133 -12.762 29.866
v 38.445 -9.771 -2.624
v 39.133 -9.771 -2.827
v 39.071 -9.771 3.393
v 39.133 -9.771 3.432
v 39.133 -9.190 -2.624
v 39.133 -7.714 -1.939
v 39.133 -7.714 2.465
v 39.133 -9.670 3.393
v 39.133 -6.756 -1.421
v 39.133 -5.835 -0.217
v 38.430 -5.657 -0.217
v 39.133 -6.070 0.986
v 39.133 -7.308 2.189
v 38.899 -5.657 19.036
v 39.133 -5.662 19.036
v 39.133 -5.657 18.966
v 38.937 -5.657 20.239
v 39.133 -5.657 19.179
v 38.473 -5.657 21.442
v 37.799 -5.657 22.646
v 38.963 -3.600 9.409
v 39.133 -3.897 9.409
v 39.133 -3.600 9.092
v 38.538 -3.600 10.613
v 39.133 -4.570 10.613
v 38.292 -3.600 11.816
v 39.133 -4.866 11.816
v 38.096 -3.600 13.019
v 39.133 -4.960 13.019
v 37.589 -3.600 14.223
v 39.133 -5.079 14.223
v 39.133 -5.249 15.426
v 39.133 -5.428 16.629
v 39.133 -5.582 17.833
v 39.133 -5.630 20.239
v 39.133 -5.529 21.442
v 39.133 -5.386 22.646
v 39.133 -5.196 23.849
v 39.133 -4.955 25.052
v 39.133 -4.589 26.256
v 39.133 -4.000 27.459
v 38.615 -3.600 28.662
v 39.133 -3.600 28.019
v 37.628 -3.600 29.866
v 38.972 -1.543 8.206
v 39.133 -2.187 8.206
v 39.133 -1.543 7.985
v 38.326 -1.543 9.409
v 37.933 -1.543 10.613
v 37.603 -1.543 11.816
v 39.133 -1.843 28.662
v 38.448 -1.543 29.866
v 39.133 -1.543 28.744
v 39.048 0.514 8.206
v 39.133 0.514 8.084
v 38.429 0.514 9.409
v 38.041 0.514 10.613
v 37.682 0.514 11.816
v 39.016 0.514 29.866
v 39.133 0.514 29.677
v 39.133 0.757 8.206
v 39.133 2.233 9.409
v 39.133 2.571 10.039
v 38.951 2.571 10.613
v 38.641 2.571 11.816
v 38.150 2.571 13.019
v 39.133 0.681 29.866
v 39.133 2.834 10.613
v 39.133 3.201 11.816
v 39.133 3.634 13.019
v 39.133 4.457 14.223
v 39.133 4.628 14.387
v 38.730 6.686 15.426
v 39.133 6.686 15.293
v 38.763 8.743 -0.217
v 39.133 8.648 -0.217
v 39.133 8.743 -0.382
v 39.133 8.743 0.252
v 38.904 8.743 15.426
v 39.133 8.743 15.273
v 39.133 9.765 -1.421
v 39.133 10.800 -1.952
v 39.133 9.000 0.986
v 39.133 10.609 2.189
v 39.133 10.800 2.319
v 38.263 10.800 15.426
v 39.133 10.800 14.610
v 38.850 12.857 -2.624
v 39.133 12.857 -2.490
v 39.133 12.857 2.982
v 39.033 12.857 14.223
v 39.133 12.597 14.223
v 39.133 12.857 14.146
v 39.133 14.668 -3.827
v 39.133 14.914 -4.048
v 39.133 13.057 -2.624
v 39.133 13.342 3.393
v 39.133 14.478 4.596
v 39.133 14.914 5.154
v 39.133 14.914 13.749
v 38.440 16.971 -7.437
v 39.133 16.971 -6.836
v 39.133 16.639 -6.234
v 39.133 15.832 -5.030
v 39.133 15.489 5.799
v 39.133 16.503 7.003
v 37.703 16.971 8.206
v 39.133 16.971 7.563
v 38.276 16.971 13.019
v 39.133 16.971 13.388
v 39.133 18.668 -15.860
v 39.133 18.660 -17.064
v 39.133 18.667 -14.657
v 39.133 18.655 -13.454
v 39.133 18.650 -12.250
v 39.133 18.548 -11.047
v 39.133 18.297 -9.844
v 39.133 17.882 -8.640
v 39.133 17.312 -7.437
v 39.133 18.659 8.206
v 38.608 19.028 9.409
v 39.133 19.028 8.333
v 38.233 19.028 10.613
v 38.127 19.028 11.816
v 38.360 19.028 13.019
v 39.133 19.028 14.055
v 39.086 21.085 7.003
v 39.133 21.085 6.861
v 39.133 20.860 7.003
v 39.133 19.158 8.206
v 38.649 21.085 8.206
v 38.238 21.085 9.409
v 37.877 21.085 10.613
v 39.133 19.187 14.223
v 39.133 21.085 15.220
v 39.015 23.142 -2.624
v 39.133 23.142 -2.843
v 39.133 22.956 -2.624
v 39.133 22.156 -1.421
v 38.461 23.142 -1.421
v 39.133 21.810 -0.217
v 38.203 23.142 -0.217
v 39.133 21.903 0.986
v 38.282 23.142 0.986
v 39.133 22.249 2.189
v 38.561 23.142 2.189
v 39.133 22.457 3.393
v 38.742 23.142 3.393
v 39.133 22.326 4.596
v 38.726 23.142 4.596
v 39.133 21.807 5.799
v 38.543 23.142 5.799
v 38.242 23.142 7.003
v 37.874 23.142 8.206
v 38.966 23.142 15.426
v 39.133 23.142 15.414
v 38.520 25.199 -2.624
v 39.133 25.199 -3.267
v 37.837 25.199 2.189
v 38.219 25.199 3.393
v 38.319 25.199 4.596
v 38.221 25.199 5.799
v 37.944 25.199 7.003
v 39.133 25.199 14.759
v 39.133 26.448 -2.624
v 37.683 27.256 -1.421
v 39.133 27.256 -1.769
v 38.777 27.256 2.189
v 39.133 27.256 2.802
v 39.133 27.114 3.393
v 39.133 27.077 4.596
v 39.133 27.250 5.799
v 38.883 27.256 7.003
v 39.133 27.256 5.822
v 38.555 27.256 8.206
v 38.168 27.256 9.409
v 37.734 27.256 10.613
v 38.422 27.256 13.019
v 39.133 27.256 13.151
v 39.133 26.288 14.223
v 39.133 27.454 -1.421
v 39.133 27.732 -0.217
v 39.133 27.668 0.986
v 39.133 27.381 2.189
v 39.133 27.607 7.003
v 39.133 28.013 8.206
v 39.133 28.343 9.409
v 39.133 28.478 10.613
v 39.133 28.319 11.816
v 39.133 27.468 13.019
v 38.883 29.314 23.849
v 39.133 29.314 23.404
v 39.133 29.159 23.849
v 39.133 28.844 25.052
v 38.278 29.314 25.052
v 39.133 28.601 26.256
v 39.133 28.469 27.459
v 39.133 28.495 28.662
v 39.133 28.642 29.866
v 37.651 31.371 17.833
v 39.133 31.371 16.726
v 39.133 31.103 17.833
v 39.133 30.796 19.036
v 39.133 30.453 20.239
v 39.133 30.076 21.442
v 39.133 29.619 22.646
v 38.799 33.428 9.409
v 39.133 33.428 8.854
v 39.133 32.917 9.409
v 39.133 32.395 10.613
v 38.366 33.428 10.613
v 39.133 32.137 11.816
v 37.934 33.428 11.816
v 39.133 31.997 13.019
v 39.133 31.837 14.223
v 39.133 31.637 15.426
v 39.133 31.396 16.629
v 39.133 35.485 7.138
v 39.133 33.819 8.206
v 39.133 37.542 6.586
v 39.133 35.794 7.003
v 39.133 39.599 6.461
v 39.133 41.656 6.555
v 39.133 43.713 6.718
v 39.133 45.770 6.791
v 37.597 47.827 -13.454
v 37.688 47.827 -12.250
v 37.730 47.827 -11.047
v 37.679 47.827 -9.844
v 37.819 47.827 5.799
v 39.133 47.827 6.614
v 37.890 49.884 -15.860
v 37.736 49.884 -17.064
v 38.093 49.884 -14.657
v 38.253 49.884 -13.454
v 38.353 49.884 -12.250
v 38.393 49.884 -11.047
v 38.350 49.884 -9.844
v 38.208 49.884 -8.640
v 37.982 49.884 -7.437
v 37.638 49.884 -6.234
v 37.686 49.884 4.596
v 39.116 49.884 5.799
v 39.133 49.884 5.813
v 40.422 -48.856 10.613
v 40.686 -48.996 10.613
v 40.686 -48.856 10.440
v 40.686 -49.870 11.816
v 40.686 -50.689 13.019
v 40.686 -50.913 13.383
v 39.886 -50.913 14.223
v 39.213 -46.799 8.206
v 40.686 -47.158 8.206
v 40.686 -46.799 7.848
v 40.686 -48.148 9.409
v 40.686 -45.839 7.003
v 40.686 -44.742 6.278
v 40.686 -43.615 5.799
v 40.686 -42.685 5.497
v 40.686 -40.627 5.329
v 40.686 -38.570 5.634
v 40.517 -38.570 29.866
v 40.686 -38.570 29.504
v 40.686 -38.770 29.866
v 40.686 -38.171 5.799
v 40.686 -36.513 6.521
v 40.516 -36.513 26.256
v 40.686 -36.513 25.921
v 40.686 -36.725 26.256
v 40.686 -37.457 27.459
v 39.910 -36.513 27.459
v 40.686 -38.141 28.662
v 39.292 -36.513 28.662
v 40.686 -35.935 7.003
v 40.686 -34.836 8.206
v 39.176 -34.456 9.409
v 40.686 -34.456 8.812
v 40.513 -34.456 22.646
v 40.686 -34.456 22.158
v 40.686 -34.677 22.646
v 40.686 -35.361 23.849
v 39.908 -34.456 23.849
v 40.686 -36.046 25.052
v 39.228 -34.456 25.052
v 40.686 -34.180 9.409
v 40.686 -33.917 10.613
v 40.686 -33.863 11.816
v 40.686 -33.938 13.019
v 40.686 -33.986 14.223
v 40.686 -33.987 15.426
v 40.686 -33.916 16.629
v 40.686 -33.852 17.833
v 39.144 -32.399 17.833
v 40.686 -33.839 19.036
v 39.358 -32.399 19.036
v 40.686 -33.953 20.239
v 39.296 -32.399 20.239
v 40.686 -34.207 21.442
v 39.504 -26.228 19.036
v 39.527 -26.228 20.239
v 39.244 -26.228 21.442
v 39.806 -24.171 17.833
v 40.243 -24.171 19.036
v 40.331 -24.171 20.239
v 40.162 -24.171 21.442
v 39.699 -24.171 22.646
v 40.212 -22.114 17.833
v 40.686 -22.114 18.955
v 40.686 -22.215 19.036
v 40.686 -22.750 20.239
v 40.686 -22.464 21.442
v 40.501 -22.114 22.646
v 40.686 -22.114 21.990
v 39.837 -22.114 23.849
v 39.169 -20.057 16.629
v 40.352 -20.057 17.833
v 40.686 -20.057 18.526
v 40.686 -20.890 22.646
v 40.298 -20.057 23.849
v 40.686 -20.057 23.105
v 39.318 -20.057 25.052
v 39.243 -18.000 -1.421
v 39.798 -18.000 -0.217
v 39.630 -18.000 0.986
v 39.819 -18.000 17.833
v 40.686 -19.026 19.036
v 40.280 -18.000 19.036
v 40.686 -18.601 20.239
v 40.339 -18.000 20.239
v 40.686 -18.750 21.442
v 40.179 -18.000 21.442
v 40.686 -19.373 22.646
v 39.733 -18.000 22.646
v 40.686 -16.234 -1.421
v 40.686 -15.942 -1.624
v 40.686 -16.944 -0.217
v 40.686 -16.762 0.986
v 40.587 -15.942 2.189
v 40.686 -15.942 2.093
v 40.267 -15.942 28.662
v 40.686 -16.259 28.662
v 40.686 -15.942 28.018
v 39.316 -15.942 29.866
v 40.686 -16.460 29.866
v 40.460 -13.885 -2.624
v 40.686 -13.885 -2.542
v 40.686 -15.839 2.189
v 40.686 -14.036 3.393
v 40.686 -13.885 3.483
v 40.522 -13.885 27.459
v 40.686 -15.091 27.459
v 40.686 -13.885 27.228
v 39.748 -13.885 28.662
v 40.686 -13.676 -2.624
v 40.686 -11.828 -3.115
v 40.686 -11.828 4.431
v 40.686 -13.276 27.459
v 40.686 -11.828 28.047
v 40.283 -11.828 28.662
v 39.444 -11.828 29.866
v 40.686 -9.771 -3.062
v 40.686 -9.771 4.332
v 40.616 -9.771 14.223
v 40.686 -10.330 14.223
v 40.686 -9.771 13.224
v 40.686 -9.771 14.785
v 40.686 -10.727 28.662
v 40.686 -9.771 29.549
v 40.461 -9.771 29.866
v 40.686 -8.602 -2.624
v 40.686 -7.714 -2.162
v 40.686 -7.714 3.046
v 40.686 -8.216 3.393
v 40.605 -7.714 13.019
v 40.686 -9.496 13.019
v 40.686 -7.714 12.254
v 40.578 -7.714 14.223
v 40.686 -7.714 15.359
v 40.686 -9.226 29.866
v 40.686 -6.515 -1.421
v 40.686 -5.753 -0.217
v 40.686 -5.916 0.986
v 40.686 -6.784 2.189
v 40.603 -5.657 9.409
v 40.686 -5.820 9.409
v 40.686 -5.657 9.263
v 40.098 -5.657 10.613
v 40.686 -6.826 10.613
v 39.854 -5.657 11.816
v 40.686 -7.578 11.816
v 39.808 -5.657 13.019
v 39.797 -5.657 14.223
v 40.686 -7.680 15.426
v 39.776 -5.657 15.426
v 39.756 -5.657 16.629
v 40.686 -6.578 16.629
v 39.816 -5.657 17.833
v 40.686 -5.832 17.833
v 39.179 -5.657 19.036
v 40.686 -5.657 18.294
v 39.960 -3.600 8.206
v 40.686 -4.633 8.206
v 40.686 -3.600 7.544
v 40.686 -5.471 19.036
v 40.686 -5.268 20.239
v 40.686 -5.128 21.442
v 40.686 -4.967 22.646
v 40.686 -4.763 23.849
v 40.686 -4.430 25.052
v 40.686 -3.833 26.256
v 39.785 -3.600 27.459
v 40.686 -3.600 26.600
v 40.345 -1.543 7.003
v 40.686 -2.452 7.003
v 40.686 -1.543 6.732
v 40.686 -1.640 27.459
v 39.265 -1.543 28.662
v 40.686 -1.543 27.497
v 40.392 0.514 7.003
v 40.686 0.514 6.755
v 40.686 -0.046 28.662
v 40.686 0.514 29.132
v 40.686 1.088 7.003
v 40.510 2.571 8.206
v 40.686 2.571 8.024
v 39.526 2.571 9.409
v 40.686 0.997 29.866
v 40.686 2.771 8.206
v 40.686 3.562 9.409
v 40.686 3.891 10.613
v 40.686 4.036 11.816
v 40.686 4.243 13.019
v 39.825 4.628 14.223
v 40.686 4.628 13.776
v 40.686 5.246 14.223
v 40.686 6.686 14.736
v 39.274 8.743 -0.217
v 40.686 8.743 14.470
v 39.575 10.800 -1.421
v 39.990 10.800 -0.217
v 39.871 10.800 0.986
v 39.232 10.800 2.189
v 39.972 10.800 14.223
v 40.686 9.384 14.223
v 40.686 10.800 13.578
v 40.584 12.857 -1.421
v 40.686 12.857 -1.238
v 40.686 12.334 -0.217
v 40.686 12.494 0.986
v 40.265 12.857 2.189
v 40.686 12.857 1.661
v 40.686 12.857 13.279
v 40.191 14.914 -3.827
v 40.686 14.914 -3.720
v 40.686 13.930 -2.624
v 40.686 12.934 -1.421
v 40.686 13.101 2.189
v 40.686 13.690 3.393
v 40.686 14.253 4.596
v 40.514 14.914 5.799
v 40.686 14.849 5.799
v 40.686 14.914 5.925
v 40.686 14.914 13.190
v 39.852 16.971 -6.234
v 40.686 16.971 -5.596
v 40.686 16.479 -5.030
v 40.686 15.067 -3.827
v 40.686 16.410 7.003
v 40.686 16.971 7.333
v 40.686 16.971 13.375
v 39.581 19.028 -15.860
v 39.608 19.028 -17.064
v 39.573 19.028 -14.657
v 39.584 19.028 -13.454
v 39.607 19.028 -12.250
v 39.776 19.028 -11.047
v 40.154 19.028 -9.844
v 40.681 19.028 -8.640
v 40.686 19.028 -8.630
v 40.686 18.463 -7.437
v 40.686 17.621 -6.234
v 40.284 19.028 7.003
v 40.686 19.028 6.422
v 40.686 17.675 7.003
v 39.253 19.028 8.206
v 40.686 18.920 14.223
v 40.314 19.028 14.223
v 40.686 19.028 14.257
v 40.686 20.655 -17.064
v 40.686 20.689 -15.860
v 40.686 20.648 -14.657
v 40.686 20.559 -13.454
v 40.686 20.406 -12.250
v 40.686 20.105 -11.047
v 40.686 19.660 -9.844
v 40.686 19.034 -8.640
v 40.684 21.085 -2.624
v 40.686 21.085 -2.629
v 40.686 21.081 -2.624
v 40.686 20.462 -1.421
v 40.178 21.085 -1.421
v 40.686 20.249 -0.217
v 39.903 21.085 -0.217
v 40.686 20.269 0.986
v 39.963 21.085 0.986
v 40.686 20.359 2.189
v 40.153 21.085 2.189
v 40.686 20.295 3.393
v 40.194 21.085 3.393
v 40.686 19.961 4.596
v 40.035 21.085 4.596
v 40.686 19.390 5.799
v 39.668 21.085 5.799
v 40.686 21.085 14.940
v 40.115 23.142 -3.827
v 40.686 23.142 -4.416
v 40.686 22.253 -3.827
v 40.686 23.142 14.801
v 40.551 25.199 -3.827
v 40.686 25.199 -3.900
v 39.904 25.199 14.223
v 40.686 24.194 14.223
v 40.686 25.199 13.544
v 40.686 25.290 -3.827
v 40.686 26.376 -2.624
v 39.635 27.256 -1.421
v 40.686 26.899 -1.421
v 40.224 27.256 -0.217
v 40.686 27.078 -0.217
v 40.153 27.256 0.986
v 40.686 27.070 0.986
v 39.582 27.256 2.189
v 40.686 27.015 2.189
v 40.686 27.045 3.393
v 40.686 27.158 4.596
v 39.300 27.256 5.799
v 40.686 27.256 5.464
v 40.076 27.256 11.816
v 40.686 26.895 11.816
v 40.686 27.256 10.723
v 39.248 27.256 13.019
v 40.686 25.949 13.019
v 40.686 27.310 5.799
v 40.686 27.501 7.003
v 40.686 27.650 8.206
v 40.686 27.709 9.409
v 40.686 27.365 10.613
v 40.532 29.314 21.442
v 40.686 29.314 21.230
v 40.686 29.221 21.442
v 40.686 28.773 22.646
v 39.732 29.314 22.646
v 40.686 28.449 23.849
v 40.686 28.347 25.052
v 40.686 28.517 26.256
v 40.686 28.809 27.459
v 40.686 29.105 28.662
v 40.621 29.314 29.866
v 40.686 29.314 29.704
v 39.352 31.371 16.629
v 40.686 31.371 15.935
v 40.686 31.208 16.629
v 40.686 30.838 17.833
v 40.686 30.388 19.036
v 40.686 29.858 20.239
v 40.686 29.367 29.866
v 40.339 33.428 8.206
v 40.686 33.428 8.106
v 40.686 33.224 8.206
v 40.686 32.005 9.409
v 40.686 31.633 10.613
v 40.686 31.567 11.816
v 40.686 31.626 13.019
v 40.686 31.632 14.223
v 40.686 31.496 15.426
v 40.686 35.485 7.226
v 40.686 37.542 6.981
v 40.686 37.285 7.003
v 40.686 39.599 6.991
v 40.686 39.801 7.003
v 40.364 41.656 7.003
v 40.686 41.656 7.168
v 39.854 43.713 7.003
v 40.686 43.713 7.432
v 39.591 45.770 7.003
v 40.686 45.770 7.603
v 39.831 47.827 7.003
v 40.686 47.827 7.518
v 40.672 49.884 7.003
v 40.686 49.884 7.013
v 42.239 -49.681 10.613
v 42.239 -48.856 9.740
v 42.239 -50.694 11.816
v 42.239 -50.913 12.092
v 41.090 -50.913 13.019
v 42.239 -47.410 8.206
v 42.239 -46.799 7.683
v 42.239 -48.575 9.409
v 42.239 -45.781 7.003
v 42.239 -44.742 6.459
v 41.848 -42.685 5.799
v 42.239 -42.685 5.917
v 41.867 -40.627 5.799
v 42.239 -40.627 5.981
v 41.036 -38.570 5.799
v 42.239 -38.570 6.502
v 42.225 -38.570 26.256
v 42.239 -38.570 26.225
v 42.239 -38.588 26.256
v 42.239 -39.266 27.459
v 41.670 -38.570 27.459
v 42.239 -39.900 28.662
v 41.088 -38.570 28.662
v 42.239 -40.491 29.866
v 42.239 -37.560 7.003
v 41.496 -36.513 7.003
v 42.239 -36.513 7.561
v 42.066 -36.513 22.646
v 42.239 -36.513 21.978
v 42.239 -36.773 22.646
v 42.239 -37.345 23.849
v 41.635 -36.513 23.849
v 42.239 -37.950 25.052
v 41.114 -36.513 25.052
v 42.239 -35.702 8.206
v 42.239 -34.514 9.409
v 42.102 -34.456 9.409
v 42.239 -34.456 9.511
v 42.217 -34.456 13.019
v 42.239 -34.456 12.990
v 42.239 -34.471 13.019
v 42.239 -35.039 14.223
v 41.584 -34.456 14.223
v 42.239 -35.417 15.426
v 41.333 -34.456 15.426
v 42.239 -35.643 16.629
v 41.265 -34.456 16.629
v 42.239 -35.763 17.833
v 41.261 -34.456 17.833
v 42.239 -35.886 19.036
v 41.236 -34.456 19.036
v 42.239 -36.056 20.239
v 41.136 -34.456 20.239
v 42.239 -36.329 21.442
v 40.915 -34.456 21.442
v 42.239 -34.072 10.613
v 42.239 -34.096 11.816
v 40.719 -22.114 19.036
v 40.921 -22.114 20.239
v 40.846 -22.114 21.442
v 40.926 -20.057 19.036
v 41.179 -20.057 20.239
v 41.177 -20.057 21.442
v 40.913 -20.057 22.646
v 41.014 -15.942 -1.421
v 41.839 -15.942 -0.217
v 41.647 -15.942 0.986
v 42.070 -15.942 10.613
v 42.239 -16.164 10.613
v 42.239 -15.942 10.159
v 41.717 -15.942 11.816
v 42.239 -16.574 11.816
v 41.452 -15.942 13.019
v 42.239 -16.802 13.019
v 41.302 -15.942 14.223
v 42.239 -16.860 14.223
v 41.314 -15.942 15.426
v 42.239 -16.780 15.426
v 41.745 -15.942 16.629
v 42.239 -16.383 16.629
v 42.239 -15.942 17.174
v 42.050 -15.942 26.256
v 42.239 -16.125 26.256
v 42.239 -15.942 25.936
v 41.287 -15.942 27.459
v 42.239 -16.332 27.459
v 42.239 -16.288 28.662
v 42.239 -16.129 29.866
v 42.239 -13.975 -1.421
v 42.239 -13.885 -1.453
v 42.239 -15.332 -0.217
v 42.239 -15.051 0.986
v 42.102 -13.885 2.189
v 42.239 -13.885 1.992
v 40.818 -13.885 3.393
v 42.049 -13.885 9.409
v 42.239 -14.692 9.409
v 42.239 -13.885 8.976
v 41.566 -13.885 10.613
v 41.205 -13.885 11.816
v 40.974 -13.885 13.019
v 40.875 -13.885 14.223
v 40.974 -13.885 15.426
v 41.446 -13.885 16.629
v 42.239 -13.885 17.630
v 41.605 -13.885 26.256
v 42.239 -13.885 25.250
v 41.483 -11.828 -2.624
v 42.239 -11.828 -1.921
v 42.239 -13.492 2.189
v 41.908 -11.828 3.393
v 42.239 -11.828 2.948
v 42.154 -11.828 9.409
v 42.239 -11.828 9.212
v 41.630 -11.828 10.613
v 41.188 -11.828 11.816
v 40.913 -11.828 13.019
v 40.864 -11.828 14.223
v 41.120 -11.828 15.426
v 41.787 -11.828 16.629
v 42.239 -11.828 17.136
v 42.239 -12.096 26.256
v 41.401 -11.828 27.459
v 42.239 -11.828 26.418
v 41.769 -9.771 -2.624
v 42.239 -9.771 -2.351
v 42.239 -10.648 3.393
v 42.239 -9.771 3.841
v 41.768 -9.771 9.409
v 42.239 -9.771 8.243
v 41.339 -9.771 10.613
v 40.956 -9.771 11.816
v 40.699 -9.771 13.019
v 40.792 -9.771 15.426
v 41.557 -9.771 16.629
v 42.239 -9.771 17.184
v 42.239 -10.536 27.459
v 41.953 -9.771 28.662
v 42.239 -9.771 28.388
v 42.239 -7.714 -2.071
v 42.239 -7.714 3.311
v 42.239 -8.137 3.393
v 42.145 -7.714 8.206
v 42.239 -9.441 8.206
v 42.239 -7.714 7.985
v 41.565 -7.714 9.409
v 41.076 -7.714 10.613
v 40.735 -7.714 11.816
v 40.696 -7.714 15.426
v 41.255 -7.714 16.629
v 42.239 -7.714 17.521
v 42.239 -9.382 28.662
v 42.239 -8.551 29.866
v 42.239 -6.232 -1.421
v 41.043 -5.657 -0.217
v 42.239 -5.657 -0.793
v 41.556 -5.657 0.986
v 42.239 -5.657 1.420
v 42.239 -6.348 2.189
v 41.661 -5.657 8.206
v 42.239 -5.657 7.528
v 42.239 -6.511 17.833
v 42.239 -5.657 18.308
v 42.239 -5.268 -0.217
v 42.239 -5.411 0.986
v 42.050 -3.600 7.003
v 42.239 -4.012 7.003
v 42.239 -3.600 6.900
v 42.239 -5.015 19.036
v 42.239 -4.606 20.239
v 42.239 -4.418 21.442
v 42.239 -4.303 22.646
v 42.239 -4.174 23.849
v 42.239 -3.931 25.052
v 41.586 -3.600 26.256
v 42.239 -3.600 25.849
v 42.239 -1.543 6.267
v 42.239 -3.347 26.256
v 42.239 -2.340 27.459
v 42.239 -1.543 28.083
v 42.239 0.514 6.260
v 42.239 -0.961 28.662
v 42.239 0.514 29.631
v 42.239 1.703 7.003
v 42.239 2.571 7.812
v 42.239 0.868 29.866
v 42.239 2.998 8.206
v 42.239 3.707 9.409
v 42.239 3.965 10.613
v 42.239 3.867 11.816
v 42.239 3.646 13.019
v 42.239 4.550 14.223
v 42.173 4.628 14.223
v 42.239 4.628 14.244
v 42.239 6.686 14.239
v 41.363 8.743 14.223
v 42.239 6.746 14.223
v 42.239 8.743 13.641
v 42.239 10.800 13.161
v 41.882 12.857 -2.624
v 42.239 12.575 -2.624
v 42.239 12.857 -2.865
v 40.754 12.857 -1.421
v 42.239 11.509 -1.421
v 42.239 11.029 -0.217
v 42.239 11.121 0.986
v 40.895 12.857 2.189
v 42.239 11.547 2.189
v 41.412 12.857 3.393
v 42.239 12.018 3.393
v 41.851 12.857 4.596
v 42.239 12.424 4.596
v 42.155 12.857 5.799
v 42.239 12.745 5.799
v 42.239 12.857 6.412
v 41.498 12.857 13.019
v 42.239 11.404 13.019
v 42.239 12.857 12.576
v 40.930 14.914 -3.827
v 42.239 14.321 -3.827
v 42.239 14.914 -4.218
v 41.318 14.914 7.003
v 42.239 13.104 7.003
v 41.879 14.914 8.206
v 42.239 13.745 8.206
v 42.239 14.914 9.158
v 40.991 14.914 13.019
v 42.239 14.914 11.896
v 42.239 16.875 -5.030
v 42.239 16.971 -5.086
v 42.018 16.971 8.206
v 42.239 16.971 8.432
v 41.484 16.971 13.019
v 42.239 16.971 12.513
v 41.430 19.028 -7.437
v 42.207 19.028 -6.234
v 42.239 19.028 -6.175
v 42.156 19.028 5.799
v 42.239 19.028 5.739
v 42.239 18.989 5.799
v 42.239 18.093 7.003
v 42.239 17.132 8.206
v 42.239 17.677 13.019
v 40.786 19.028 14.223
v 42.239 19.028 13.604
v 41.300 21.085 -15.860
v 41.525 21.085 -17.064
v 41.236 21.085 -14.657
v 41.268 21.085 -13.454
v 41.396 21.085 -12.250
v 41.655 21.085 -11.047
v 41.965 21.085 -9.844
v 42.239 21.085 -8.692
v 42.239 21.066 -8.640
v 42.239 20.545 -7.437
v 42.239 19.191 -6.234
v 41.934 21.085 -3.827
v 42.239 21.085 -4.551
v 42.239 20.715 -3.827
v 42.239 20.389 -2.624
v 42.239 20.238 -1.421
v 42.239 20.189 -0.217
v 42.239 20.160 0.986
v 42.239 20.049 2.189
v 42.239 19.805 3.393
v 42.239 19.446 4.596
v 41.923 21.085 14.223
v 42.239 21.085 13.987
v 42.239 21.416 -17.064
v 42.239 21.752 -15.860
v 42.239 22.216 -14.657
v 42.239 22.760 -13.454
v 42.180 23.142 -12.250
v 42.239 23.142 -12.482
v 42.178 23.142 -11.047
v 42.239 23.142 -10.214
v 42.239 22.963 -9.844
v 41.807 23.142 -5.030
v 42.239 23.142 -5.926
v 42.239 21.798 -5.030
v 41.378 23.142 14.223
v 42.239 23.142 13.126
v 42.239 23.214 -12.250
v 42.239 23.326 -11.047
v 42.239 24.578 -5.030
v 42.239 25.199 -4.128
v 42.136 25.199 9.409
v 42.239 25.011 9.409
v 42.239 25.199 8.778
v 41.958 25.199 10.613
v 42.239 24.688 10.613
v 41.619 25.199 11.816
v 42.239 24.112 11.816
v 41.035 25.199 13.019
v 42.239 23.236 13.019
v 42.239 25.247 -3.827
v 42.239 25.480 -2.624
v 42.239 25.642 -1.421
v 42.239 25.704 -0.217
v 42.239 25.745 0.986
v 42.239 25.851 2.189
v 42.239 25.987 3.393
v 42.239 26.045 4.596
v 40.735 27.256 5.799
v 42.239 25.980 5.799
v 40.853 27.256 7.003
v 42.239 25.807 7.003
v 40.888 27.256 8.206
v 42.239 25.449 8.206
v 40.867 27.256 9.409
v 40.720 27.256 10.613
v 42.239 29.314 20.742
v 42.239 29.005 21.442
v 42.239 28.602 22.646
v 42.239 28.514 23.849
v 42.239 28.817 25.052
v 42.239 29.293 26.256
v 41.544 29.314 27.459
v 42.239 29.314 26.307
v 41.005 29.314 28.662
v 42.239 31.371 16.068
v 42.239 31.248 16.629
v 42.239 30.859 17.833
v 42.239 30.310 19.036
v 42.239 29.597 20.239
v 42.239 29.993 27.459
v 42.239 30.757 28.662
v 42.121 31.371 29.866
v 42.239 31.371 29.596
v 41.954 33.428 8.206
v 42.239 33.428 8.230
v 42.239 32.023 9.409
v 42.239 31.536 10.613
v 42.239 31.452 11.816
v 42.239 31.563 13.019
v 42.239 31.655 14.223
v 42.239 31.547 15.426
v 42.239 31.615 29.866
v 42.239 35.485 7.722
v 42.239 33.486 8.206
v 40.755 37.542 7.003
v 42.239 37.542 7.675
v 40.721 39.599 7.003
v 42.239 39.599 7.790
v 42.239 41.656 7.988
v 42.239 43.652 8.206
v 42.224 43.713 8.206
v 42.239 43.713 8.217
v 41.894 45.770 8.206
v 42.239 45.770 8.417
v 41.964 47.827 8.206
v 42.239 47.827 8.369
v 42.239 49.884 8.007
v 42.239 48.874 8.206
v 43.632 -48.856 9.409
v 43.792 -48.901 9.409
v 43.792 -48.856 9.373
v 43.792 -50.235 10.613
v 43.792 -50.913 11.307
v 42.777 -50.913 11.816
v 43.792 -47.459 8.206
v 43.792 -46.799 7.746
v 43.792 -45.139 7.003
v 43.792 -44.742 6.856
v 43.792 -42.685 6.666
v 43.792 -40.985 7.003
v 43.719 -40.627 7.003
v 43.792 -40.627 7.076
v 43.432 -40.627 27.459
v 43.792 -40.627 26.582
v 43.792 -41.078 27.459
v 43.792 -41.681 28.662
v 42.907 -40.627 28.662
v 43.792 -42.265 29.866
v 42.367 -40.627 29.866
v 42.867 -38.570 7.003
v 43.792 -38.570 8.080
v 43.597 -38.570 22.646
v 43.792 -38.570 21.900
v 43.792 -38.852 22.646
v 43.792 -39.344 23.849
v 43.221 -38.570 23.849
v 43.792 -39.902 25.052
v 42.762 -38.570 25.052
v 43.792 -40.477 26.256
v 43.792 -38.389 8.206
v 42.866 -36.513 8.206
v 43.792 -36.999 9.409
v 43.588 -36.513 9.409
v 43.792 -36.513 10.115
v 43.510 -36.513 14.223
v 43.792 -36.513 13.050
v 43.792 -36.899 14.223
v 43.792 -37.235 15.426
v 43.212 -36.513 15.426
v 43.792 -37.455 16.629
v 43.020 -36.513 16.629
v 43.792 -37.653 17.833
v 42.879 -36.513 17.833
v 43.792 -37.873 19.036
v 42.748 -36.513 19.036
v 43.792 -38.106 20.239
v 42.600 -36.513 20.239
v 43.792 -38.420 21.442
v 42.384 -36.513 21.442
v 43.792 -36.212 10.613
v 42.758 -34.456 10.613
v 43.792 -36.157 11.816
v 42.715 -34.456 11.816
v 43.792 -36.503 13.019
v 43.310 -15.942 8.206
v 43.792 -16.340 8.206
v 43.792 -15.942 7.535
v 42.588 -15.942 9.409
v 43.792 -16.962 9.409
v 43.792 -17.366 10.613
v 43.792 -17.555 11.816
v 43.792 -17.571 13.019
v 43.792 -17.442 14.223
v 43.792 -17.211 15.426
v 43.792 -16.816 16.629
v 43.193 -15.942 17.833
v 43.792 -16.200 17.833
v 43.792 -15.942 18.291
v 43.629 -15.942 23.849
v 43.792 -16.098 23.849
v 43.792 -15.942 23.516
v 42.948 -15.942 25.052
v 43.792 -16.424 25.052
v 43.792 -16.435 26.256
v 43.792 -16.239 27.459
v 43.792 -15.950 28.662
v 42.896 -15.942 29.866
v 43.792 -15.942 28.694
v 42.343 -13.885 -1.421
v 43.792 -13.885 -0.331
v 43.792 -14.049 -0.217
v 43.666 -13.885 0.986
v 43.792 -13.885 0.433
v 43.267 -13.885 7.003
v 43.792 -15.082 7.003
v 43.792 -13.885 6.299
v 42.565 -13.885 8.206
v 42.400 -13.885 17.833
v 43.792 -15.182 19.036
v 43.347 -13.885 19.036
v 43.792 -13.885 20.207
v 43.614 -13.885 22.646
v 43.792 -15.005 22.646
v 43.792 -13.885 21.581
v 43.215 -13.885 23.849
v 42.418 -13.885 25.052
v 43.792 -15.445 29.866
v 43.111 -11.828 -1.421
v 43.792 -11.828 -0.396
v 43.754 -11.828 0.986
v 43.792 -11.828 0.681
v 42.950 -11.828 2.189
v 43.679 -11.828 7.003
v 43.792 -11.828 6.906
v 42.626 -11.828 8.206
v 42.662 -11.828 17.833
v 43.508 -11.828 19.036
v 43.792 -11.828 19.664
v 43.792 -13.167 22.646
v 43.792 -12.016 23.849
v 43.792 -11.828 24.024
v 43.395 -11.828 25.052
v 42.424 -11.828 26.256
v 43.792 -10.714 -1.421
v 43.792 -9.771 -1.768
v 43.792 -11.766 0.986
v 43.792 -10.624 2.189
v 43.215 -9.771 3.393
v 43.792 -9.771 3.109
v 42.973 -9.771 7.003
v 43.792 -9.771 5.956
v 42.259 -9.771 8.206
v 42.780 -9.771 17.833
v 43.792 -9.771 18.984
v 43.792 -9.975 19.036
v 43.792 -11.010 25.052
v 43.792 -10.197 26.256
v 43.468 -9.771 27.459
v 43.792 -9.771 27.049
v 43.792 -7.714 -2.147
v 42.446 -7.714 3.393
v 43.792 -9.237 3.393
v 43.792 -8.254 4.596
v 43.536 -7.714 4.596
v 43.422 -7.714 5.799
v 43.792 -9.235 5.799
v 42.869 -7.714 7.003
v 42.623 -7.714 17.833
v 43.792 -7.714 18.731
v 43.792 -9.389 27.459
v 43.792 -8.972 28.662
v 43.792 -8.981 29.866
v 42.909 -5.657 -1.421
v 43.792 -5.657 -1.804
v 42.900 -5.657 2.189
v 43.691 -5.657 3.393
v 43.792 -5.657 3.812
v 43.792 -6.707 4.596
v 43.792 -5.657 5.671
v 43.765 -5.657 5.799
v 42.900 -5.657 7.003
v 43.792 -5.657 18.382
v 43.792 -4.692 -1.421
v 43.755 -3.600 -0.217
v 43.792 -3.600 -0.290
v 43.792 -3.600 0.355
v 43.792 -3.674 0.986
v 43.792 -4.508 2.189
v 43.792 -5.478 3.393
v 43.792 -5.568 5.799
v 43.792 -3.600 6.681
v 43.508 -3.600 16.629
v 43.792 -3.600 15.980
v 43.792 -3.922 16.629
v 43.792 -4.802 17.833
v 43.250 -3.600 17.833
v 43.166 -3.600 19.036
v 43.156 -3.600 20.239
v 43.216 -3.600 21.442
v 43.371 -3.600 22.646
v 43.636 -3.600 23.849
v 43.716 -3.600 25.052
v 43.792 -3.550 -0.217
v 43.792 -3.094 7.003
v 43.279 -1.543 7.003
v 43.792 -1.543 8.138
v 43.749 -1.543 11.816
v 43.792 -1.543 11.582
v 43.792 -1.645 11.816
v 43.792 -2.336 13.019
v 43.385 -1.543 13.019
v 43.792 -2.900 14.223
v 43.025 -1.543 14.223
v 43.792 -3.383 15.426
v 42.855 -1.543 15.426
v 42.947 -1.543 16.629
v 43.146 -1.543 17.833
v 43.298 -1.543 19.036
v 43.413 -1.543 20.239
v 43.601 -1.543 21.442
v 43.792 -1.543 22.010
v 43.792 -2.734 22.646
v 43.792 -3.490 23.849
v 43.792 -3.581 25.052
v 43.792 -3.311 26.256
v 43.792 -2.407 27.459
v 43.792 -1.543 28.007
v 42.966 0.514 7.003
v 43.792 -1.463 8.206
v 43.412 0.514 8.206
v 43.792 -0.784 9.409
v 43.539 0.514 9.409
v 43.792 -0.865 10.613
v 43.495 0.514 10.613
v 43.249 0.514 11.816
v 42.879 0.514 13.019
v 42.608 0.514 14.223
v 42.639 0.514 15.426
v 42.974 0.514 16.629
v 43.321 0.514 17.833
v 43.531 0.514 19.036
v 43.693 0.514 20.239
v 43.792 0.514 20.672
v 43.792 -0.715 21.442
v 43.792 -0.455 28.662
v 43.792 0.514 29.105
v 42.705 2.571 8.206
v 43.159 2.571 9.409
v 43.154 2.571 10.613
v 42.895 2.571 11.816
v 42.590 2.571 13.019
v 42.499 2.571 14.223
v 42.754 2.571 15.426
v 43.325 2.571 16.629
v 43.792 2.571 17.518
v 43.792 2.206 17.833
v 43.792 1.274 19.036
v 43.792 0.742 20.239
v 43.792 1.919 29.866
v 43.497 4.628 15.426
v 43.792 4.628 15.680
v 43.792 3.552 16.629
v 43.603 6.686 -1.421
v 43.792 6.307 -1.421
v 43.792 6.686 -1.597
v 43.038 6.686 -0.217
v 43.792 5.232 -0.217
v 43.145 6.686 0.986
v 43.792 5.405 0.986
v 43.641 6.686 2.189
v 43.792 6.349 2.189
v 43.792 6.686 2.583
v 42.333 6.686 14.223
v 43.792 6.208 14.223
v 43.792 6.686 13.725
v 43.792 4.932 15.426
v 43.684 8.743 -2.624
v 43.792 8.485 -2.624
v 43.792 8.743 -2.728
v 42.811 8.743 -1.421
v 42.456 8.743 -0.217
v 42.527 8.743 0.986
v 42.864 8.743 2.189
v 43.792 7.290 3.393
v 43.246 8.743 3.393
v 43.564 8.743 4.596
v 43.792 8.071 4.596
v 43.762 8.743 5.799
v 43.792 8.644 5.799
v 43.792 8.743 6.314
v 43.646 8.743 11.816
v 43.792 8.387 11.816
v 43.792 8.743 10.968
v 42.961 8.743 13.019
v 43.792 7.407 13.019
v 43.713 10.800 -3.827
v 43.792 10.612 -3.827
v 43.792 10.800 -3.915
v 42.934 10.800 -2.624
v 42.488 10.800 -1.421
v 42.316 10.800 -0.217
v 42.348 10.800 0.986
v 42.505 10.800 2.189
v 42.698 10.800 3.393
v 42.876 10.800 4.596
v 43.002 10.800 5.799
v 43.792 8.835 7.003
v 43.062 10.800 7.003
v 43.075 10.800 8.206
v 43.792 8.863 8.206
v 43.135 10.800 9.409
v 43.792 8.876 9.409
v 43.283 10.800 10.613
v 43.792 8.946 10.613
v 43.064 10.800 11.816
v 42.362 10.800 13.019
v 42.871 12.857 -3.827
v 43.792 12.857 -4.708
v 42.301 12.857 7.003
v 42.416 12.857 8.206
v 42.618 12.857 9.409
v 42.823 12.857 10.613
v 42.642 12.857 11.816
v 43.792 14.914 -4.896
v 42.319 14.914 9.409
v 42.526 14.914 10.613
v 42.289 14.914 11.816
v 42.775 16.971 -5.030
v 43.792 16.971 -4.925
v 42.705 16.971 9.409
v 42.999 16.971 10.613
v 42.772 16.971 11.816
v 43.244 19.028 -5.030
v 43.792 19.028 -4.446
v 42.316 19.028 5.799
v 43.259 19.028 7.003
v 43.642 19.028 8.206
v 43.792 19.028 8.973
v 43.792 18.892 9.409
v 43.792 18.585 10.613
v 43.792 19.028 11.740
v 43.779 19.028 11.816
v 43.000 19.028 13.019
v 42.263 21.085 -8.640
v 42.621 21.085 -7.437
v 42.697 21.085 -6.234
v 42.483 21.085 -5.030
v 43.792 19.705 -3.827
v 43.792 20.247 -2.624
v 43.792 20.508 -1.421
v 43.792 20.605 -0.217
v 43.792 20.559 0.986
v 43.792 20.378 2.189
v 43.792 20.165 3.393
v 43.792 19.982 4.596
v 43.792 19.842 5.799
v 43.792 19.687 7.003
v 43.792 19.396 8.206
v 43.792 19.243 11.816
v 43.792 21.085 11.987
v 43.272 21.085 13.019
v 43.792 21.352 -15.860
v 43.792 21.140 -17.064
v 43.792 21.605 -14.657
v 43.792 21.850 -13.454
v 42.291 23.142 -12.250
v 43.792 22.060 -12.250
v 42.356 23.142 -11.047
v 43.792 22.268 -11.047
v 43.792 22.591 -9.844
v 43.396 23.142 -8.640
v 43.792 23.142 -8.788
v 42.770 23.142 -7.437
v 42.398 23.142 -6.234
v 43.641 23.142 7.003
v 43.792 22.381 7.003
v 43.792 23.142 6.099
v 43.492 23.142 8.206
v 43.792 21.915 8.206
v 43.396 23.142 9.409
v 43.792 21.732 9.409
v 43.310 23.142 10.613
v 43.792 21.637 10.613
v 43.028 23.142 11.816
v 43.792 21.212 11.816
v 42.333 23.142 13.019
v 43.792 23.203 -8.640
v 43.792 23.771 -7.437
v 43.792 24.532 -6.234
v 43.552 25.199 -5.030
v 43.792 25.199 -5.093
v 43.481 25.199 -1.421
v 43.792 25.000 -1.421
v 43.792 25.199 -2.150
v 43.327 25.199 -0.217
v 43.792 24.813 -0.217
v 43.324 25.199 0.986
v 43.792 24.790 0.986
v 43.263 25.199 2.189
v 43.792 24.673 2.189
v 43.105 25.199 3.393
v 43.792 24.324 3.393
v 42.900 25.199 4.596
v 43.792 23.781 4.596
v 42.709 25.199 5.799
v 43.792 23.253 5.799
v 42.553 25.199 7.003
v 42.354 25.199 8.206
v 43.792 25.214 -5.030
v 43.792 25.306 -3.827
v 43.792 25.253 -2.624
v 42.852 29.314 21.442
v 43.233 29.314 22.646
v 43.195 29.314 23.849
v 42.836 29.314 25.052
v 42.265 29.314 26.256
v 42.538 31.371 16.629
v 43.165 31.371 17.833
v 43.661 31.371 19.036
v 43.792 31.371 19.401
v 43.792 30.926 20.239
v 43.792 30.376 21.442
v 43.792 30.087 22.646
v 43.792 30.168 23.849
v 43.792 30.614 25.052
v 43.792 31.251 26.256
v 43.334 31.371 27.459
v 43.792 31.371 26.449
v 42.710 31.371 28.662
v 43.792 33.428 9.013
v 43.792 32.802 9.409
v 43.792 31.917 10.613
v 43.792 31.756 11.816
v 43.792 32.007 13.019
v 43.792 32.350 14.223
v 43.792 32.500 15.426
v 43.792 32.449 16.629
v 43.792 32.106 17.833
v 43.792 31.563 19.036
v 43.792 32.103 27.459
v 43.792 33.052 28.662
v 43.373 33.428 29.866
v 43.792 33.428 29.136
v 43.270 35.485 8.206
v 43.792 35.485 8.609
v 43.792 34.034 29.866
v 43.269 37.542 8.206
v 43.792 37.542 8.678
v 43.027 39.599 8.206
v 43.792 39.599 8.890
v 42.664 41.656 8.206
v 43.792 41.656 9.105
v 43.792 43.713 9.261
v 43.792 45.770 9.321
v 43.792 47.827 9.257
v 42.561 49.884 8.206
v 43.792 49.884 8.954
v 45.345 -49.044 9.409
v 45.345 -48.856 9.286
v 45.345 -50.622 10.613
v 45.345 -50.913 10.853
v 45.345 -47.016 8.206
v 45.345 -46.799 8.094
v 44.140 -44.742 7.003
v 45.345 -44.742 7.638
v 44.288 -42.685 7.003
v 45.345 -42.685 7.971
v 45.189 -42.685 27.459
v 45.345 -42.685 27.056
v 45.345 -42.879 27.459
v 45.345 -43.469 28.662
v 44.697 -42.685 28.662
v 45.345 -44.021 29.866
v 44.187 -42.685 29.866
v 45.345 -42.247 8.206
v 44.771 -40.627 8.206
v 45.345 -40.627 9.258
v 45.185 -40.627 22.646
v 45.345 -40.627 22.002
v 45.345 -40.855 22.646
v 45.345 -41.309 23.849
v 44.845 -40.627 23.849
v 45.345 -41.846 25.052
v 44.408 -40.627 25.052
v 45.345 -42.335 26.256
v 43.928 -40.627 26.256
v 43.892 -38.570 8.206
v 45.345 -40.481 9.409
v 44.523 -38.570 9.409
v 45.345 -39.672 10.613
v 44.872 -38.570 10.613
v 45.345 -39.229 11.816
v 45.033 -38.570 11.816
v 45.345 -39.139 13.019
v 45.037 -38.570 13.019
v 45.345 -39.191 14.223
v 44.965 -38.570 14.223
v 45.345 -39.326 15.426
v 44.840 -38.570 15.426
v 45.345 -39.484 16.629
v 44.703 -38.570 16.629
v 45.345 -39.641 17.833
v 44.564 -38.570 17.833
v 45.345 -39.875 19.036
v 44.388 -38.570 19.036
v 45.345 -40.151 20.239
v 44.183 -38.570 20.239
v 45.345 -40.453 21.442
v 43.921 -38.570 21.442
v 43.943 -36.513 10.613
v 43.987 -36.513 11.816
v 43.799 -36.513 13.019
v 44.985 -15.942 -0.217
v 45.345 -16.104 -0.217
v 45.345 -15.942 -0.661
v 45.114 -15.942 0.986
v 45.345 -16.048 0.986
v 45.345 -15.942 1.471
v 45.169 -15.942 5.799
v 45.345 -16.043 5.799
v 45.345 -15.942 5.428
v 44.297 -15.942 7.003
v 45.345 -16.497 7.003
v 45.345 -16.946 8.206
v 45.345 -17.303 9.409
v 45.345 -17.525 10.613
v 45.345 -17.591 11.816
v 45.345 -17.479 13.019
v 45.345 -17.188 14.223
v 45.345 -16.772 15.426
v 45.345 -16.230 16.629
v 44.440 -15.942 17.833
v 45.345 -15.942 17.288
v 45.345 -16.027 23.849
v 45.345 -15.942 23.539
v 45.345 -16.246 25.052
v 45.345 -16.282 26.256
v 45.345 -16.130 27.459
v 43.885 -15.942 28.662
v 45.345 -15.942 28.171
v 44.396 -13.885 -1.421
v 45.345 -15.357 -1.421
v 45.345 -13.885 -2.118
v 43.843 -13.885 0.986
v 45.345 -15.619 2.189
v 44.292 -13.885 2.189
v 44.518 -13.885 3.393
v 45.345 -15.352 3.393
v 44.401 -13.885 4.596
v 45.345 -15.570 4.596
v 44.026 -13.885 5.799
v 45.345 -15.631 17.833
v 45.345 -15.110 19.036
v 43.830 -13.885 20.239
v 45.345 -14.904 20.239
v 43.877 -13.885 21.442
v 45.345 -15.084 21.442
v 45.345 -15.552 22.646
v 45.345 -15.696 28.662
v 45.345 -14.941 29.866
v 44.323 -11.828 -1.421
v 45.345 -11.828 -2.231
v 43.822 -11.828 0.986
v 44.288 -11.828 2.189
v 44.558 -11.828 3.393
v 44.488 -11.828 4.596
v 44.177 -11.828 5.799
v 44.362 -11.828 20.239
v 44.662 -11.828 21.442
v 44.514 -11.828 22.646
v 43.927 -11.828 23.849
v 45.345 -9.771 -2.544
v 43.937 -9.771 3.393
v 44.093 -9.771 4.596
v 43.857 -9.771 5.799
v 43.879 -9.771 19.036
v 45.074 -9.771 20.239
v 45.345 -9.771 20.924
v 45.345 -10.195 21.442
v 45.345 -10.281 22.646
v 45.345 -9.965 23.849
v 45.158 -9.771 25.052
v 45.345 -9.771 24.417
v 44.536 -9.771 26.256
v 45.110 -9.771 29.866
v 45.345 -9.771 29.583
v 45.345 -9.973 29.866
v 44.857 -7.714 -2.624
v 45.345 -9.224 -2.624
v 45.345 -7.714 -2.794
v 44.417 -7.714 19.036
v 45.345 -7.714 19.731
v 45.345 -8.820 20.239
v 45.345 -9.447 25.052
v 45.345 -8.991 26.256
v 45.345 -8.926 27.459
v 45.345 -9.279 28.662
v 45.054 -5.657 -2.624
v 45.345 -5.657 -2.767
v 43.964 -5.657 4.596
v 45.345 -5.657 18.425
v 45.345 -6.449 19.036
v 45.345 -4.034 -2.624
v 44.235 -3.600 -1.421
v 45.345 -3.600 -2.570
v 43.823 -3.600 0.986
v 44.142 -3.600 2.189
v 44.439 -3.600 3.393
v 44.634 -3.600 4.596
v 44.631 -3.600 5.799
v 45.224 -3.600 13.019
v 45.345 -3.600 12.631
v 45.345 -3.664 13.019
v 45.345 -3.913 14.223
v 44.687 -3.600 14.223
v 45.345 -4.206 15.426
v 44.063 -3.600 15.426
v 45.345 -4.622 16.629
v 45.345 -5.239 17.833
v 44.771 -1.543 -1.421
v 45.345 -1.543 -2.385
v 44.499 -1.543 -0.217
v 44.528 -1.543 0.986
v 44.703 -1.543 2.189
v 44.897 -1.543 3.393
v 45.148 -1.543 4.596
v 45.345 -1.543 5.165
v 45.345 -2.449 5.799
v 45.345 -3.064 7.003
v 45.345 -3.201 8.206
v 43.831 -1.543 8.206
v 45.345 -3.264 9.409
v 44.064 -1.543 9.409
v 45.345 -3.333 10.613
v 44.009 -1.543 10.613
v 45.345 -3.459 11.816
v 45.345 -2.091 22.646
v 45.345 -1.543 22.318
v 45.345 -2.843 23.849
v 45.345 -2.918 25.052
v 45.345 -2.285 26.256
v 44.581 -1.543 27.459
v 45.345 -1.543 26.799
v 44.965 0.514 -1.421
v 45.345 0.514 -2.192
v 44.742 0.514 -0.217
v 44.766 0.514 0.986
v 44.915 0.514 2.189
v 45.102 0.514 3.393
v 45.345 0.514 4.418
v 45.345 -0.073 4.596
v 45.345 -0.087 21.442
v 45.345 0.514 21.227
v 45.345 -0.618 27.459
v 44.467 0.514 28.662
v 45.345 0.514 28.014
v 44.979 2.571 -1.421
v 45.345 2.571 -1.955
v 44.642 2.571 -0.217
v 44.687 2.571 0.986
v 44.942 2.571 2.189
v 45.261 2.571 3.393
v 45.345 2.571 3.687
v 44.018 2.571 17.833
v 44.974 2.571 19.036
v 45.345 2.571 19.459
v 45.345 1.780 20.239
v 45.345 1.665 28.662
v 44.445 2.571 29.866
v 45.345 2.571 29.243
v 44.596 4.628 -1.421
v 45.345 4.628 -2.179
v 44.092 4.628 -0.217
v 44.172 4.628 0.986
v 44.580 4.628 2.189
v 45.033 4.628 3.393
v 45.345 4.628 4.256
v 44.982 4.628 16.629
v 45.345 4.628 16.924
v 45.345 3.945 17.833
v 45.345 2.954 19.036
v 45.345 3.430 29.866
v 44.976 6.686 -2.624
v 45.345 5.805 -2.624
v 45.345 6.686 -2.861
v 44.162 6.686 3.393
v 45.345 4.945 4.596
v 44.590 6.686 4.596
v 44.891 6.686 5.799
v 45.345 5.745 5.799
v 45.088 6.686 7.003
v 45.345 6.252 7.003
v 45.243 6.686 8.206
v 45.345 6.560 8.206
v 45.345 6.686 8.948
v 45.345 6.326 14.223
v 45.345 6.686 13.276
v 45.345 5.680 15.426
v 45.345 4.864 16.629
v 45.320 8.743 -3.827
v 45.345 8.703 -3.827
v 45.345 8.743 -3.842
v 43.851 8.743 7.003
v 43.859 8.743 8.206
v 45.345 6.742 9.409
v 43.849 8.743 9.409
v 43.854 8.743 10.613
v 45.345 6.903 10.613
v 45.345 6.969 11.816
v 45.345 6.787 13.019
v 45.345 10.800 -4.838
v 44.675 12.857 -5.030
v 45.345 11.751 -5.030
v 45.345 12.857 -5.254
v 44.913 14.914 -5.030
v 45.345 14.914 -5.078
v 45.345 15.275 -5.030
v 45.345 16.971 -4.632
v 45.345 18.707 -3.827
v 44.769 19.028 -3.827
v 45.345 19.028 -3.456
v 43.864 19.028 9.409
v 43.992 19.028 10.613
v 44.149 21.085 -17.064
v 45.254 21.085 -15.860
v 45.345 21.071 -15.860
v 45.345 20.924 -17.064
v 45.345 21.085 -15.758
v 45.345 19.849 -2.624
v 45.345 20.386 -1.421
v 45.345 20.568 -0.217
v 45.345 20.562 0.986
v 45.345 20.540 2.189
v 45.345 20.748 3.393
v 45.089 21.085 4.596
v 45.345 21.085 4.039
v 44.655 21.085 5.799
v 44.393 21.085 7.003
v 44.251 21.085 8.206
v 44.186 21.085 9.409
v 44.154 21.085 10.613
v 43.891 21.085 11.816
v 45.345 21.216 -14.657
v 45.345 21.317 -13.454
v 45.345 21.417 -12.250
v 45.345 21.550 -11.047
v 45.345 21.733 -9.844
v 43.863 23.142 -8.640
v 45.345 22.005 -8.640
v 44.495 23.142 -7.437
v 45.345 22.446 -7.437
v 45.345 23.142 -6.320
v 45.107 23.142 3.393
v 45.345 22.189 3.393
v 45.345 23.142 3.013
v 44.416 23.142 4.596
v 43.900 23.142 5.799
v 45.345 23.179 -6.234
v 43.812 25.199 -5.030
v 45.345 23.598 -5.030
v 43.972 25.199 -3.827
v 45.345 23.948 -3.827
v 43.916 25.199 -2.624
v 45.345 24.181 -2.624
v 45.345 24.302 -1.421
v 45.345 24.337 -0.217
v 45.345 24.184 0.986
v 45.345 23.677 2.189
v 44.085 31.371 20.239
v 44.385 31.371 21.442
v 44.509 31.371 22.646
v 44.458 31.371 23.849
v 44.243 31.371 25.052
v 43.871 31.371 26.256
v 44.283 33.428 9.409
v 45.015 33.428 10.613
v 45.249 33.428 11.816
v 45.101 33.428 13.019
v 44.830 33.428 14.223
v 44.607 33.428 15.426
v 44.571 33.428 16.629
v 44.702 33.428 17.833
v 44.905 33.428 19.036
v 45.136 33.428 20.239
v 45.299 33.428 21.442
v 45.345 33.428 22.122
v 45.345 33.335 22.646
v 45.345 33.405 23.849
v 45.345 33.428 23.938
v 45.215 33.428 25.052
v 44.976 33.428 26.256
v 44.594 33.428 27.459
v 44.040 33.428 28.662
v 44.752 35.485 9.409
v 45.345 35.485 10.410
v 45.345 34.909 10.613
v 45.345 33.760 11.816
v 45.345 34.039 13.019
v 45.345 34.411 14.223
v 45.345 34.703 15.426
v 45.345 34.755 16.629
v 45.345 34.642 17.833
v 45.345 34.335 19.036
v 45.345 33.937 20.239
v 45.345 33.552 21.442
v 45.345 33.783 25.052
v 45.345 34.343 26.256
v 45.345 35.051 27.459
v 45.345 35.485 28.189
v 45.210 35.485 28.662
v 44.780 35.485 29.866
v 44.703 37.542 9.409
v 45.345 37.542 10.372
v 45.345 36.080 28.662
v 45.345 37.542 29.596
v 45.254 37.542 29.866
v 44.478 39.599 9.409
v 45.345 39.599 10.532
v 45.345 37.777 29.866
v 44.235 41.656 9.409
v 45.345 41.650 10.613
v 45.345 41.656 10.613
v 45.345 41.656 10.613
v 44.028 43.713 9.409
v 45.345 43.713 10.586
v 45.345 41.675 10.613
v 43.943 45.770 9.409
v 45.345 45.770 10.451
v 44.053 47.827 9.409
v 45.345 47.827 10.267
v 44.579 49.884 9.409
v 45.345 49.884 9.897
v 46.255 -48.856 9.409
v 46.898 -48.856 9.514
v 46.898 -50.799 10.613
v 46.898 -50.913 10.680
v 45.620 -46.799 8.206
v 46.898 -46.799 8.853
v 46.898 -48.556 9.409
v 46.060 -44.742 8.206
v 46.898 -44.742 9.106
v 46.464 -44.742 28.662
v 46.898 -44.742 27.534
v 46.898 -45.291 28.662
v 46.898 -45.799 29.866
v 46.016 -44.742 29.866
v 45.551 -42.685 8.206
v 46.898 -44.262 9.409
v 46.332 -42.685 9.409
v 46.898 -42.827 10.613
v 46.846 -42.685 10.613
v 46.898 -42.685 10.778
v 46.753 -42.685 22.646
v 46.898 -42.685 21.978
v 46.898 -42.896 22.646
v 46.898 -43.367 23.849
v 46.417 -42.685 23.849
v 46.898 -43.816 25.052
v 46.044 -42.685 25.052
v 46.898 -44.261 26.256
v 45.648 -42.685 26.256
v 46.898 -44.710 27.459
v 45.424 -40.627 9.409
v 45.853 -40.627 10.613
v 46.898 -42.168 11.816
v 46.115 -40.627 11.816
v 46.898 -41.840 13.019
v 46.244 -40.627 13.019
v 46.898 -41.691 14.223
v 46.289 -40.627 14.223
v 46.898 -41.657 15.426
v 46.260 -40.627 15.426
v 46.898 -41.722 16.629
v 46.189 -40.627 16.629
v 46.898 -41.817 17.833
v 46.101 -40.627 17.833
v 46.898 -42.048 19.036
v 45.925 -40.627 19.036
v 46.898 -42.259 20.239
v 45.725 -40.627 20.239
v 46.898 -42.539 21.442
v 45.487 -40.627 21.442
v 45.664 -15.942 -1.421
v 46.898 -16.900 -1.421
v 46.898 -15.942 -2.621
v 46.898 -17.243 -0.217
v 46.898 -17.190 0.986
v 45.537 -15.942 2.189
v 46.898 -16.936 2.189
v 45.744 -15.942 3.393
v 46.898 -16.715 3.393
v 45.693 -15.942 4.596
v 46.898 -16.611 4.596
v 46.898 -16.621 5.799
v 46.898 -16.698 7.003
v 46.898 -16.802 8.206
v 46.898 -16.869 9.409
v 46.898 -16.854 10.613
v 46.898 -16.721 11.816
v 46.898 -16.351 13.019
v 46.745 -15.942 14.223
v 46.898 -15.942 13.889
v 46.191 -15.942 15.426
v 45.623 -15.942 16.629
v 45.515 -15.942 23.849
v 46.226 -15.942 25.052
v 46.898 -15.942 26.142
v 46.898 -15.970 26.256
v 46.750 -15.942 27.459
v 46.898 -15.942 26.939
v 45.781 -13.885 -2.624
v 46.898 -15.938 -2.624
v 46.898 -13.885 -3.476
v 46.898 -15.773 14.223
v 46.898 -15.057 15.426
v 46.898 -14.299 16.629
v 46.739 -13.885 17.833
v 46.898 -13.885 17.454
v 46.428 -13.885 19.036
v 46.364 -13.885 20.239
v 46.637 -13.885 21.442
v 46.898 -13.885 22.002
v 46.898 -14.162 22.646
v 46.898 -14.802 23.849
v 46.898 -15.512 25.052
v 46.898 -15.903 27.459
v 46.898 -15.334 28.662
v 46.898 -14.505 29.866
v 45.646 -11.828 -2.624
v 46.898 -11.828 -3.650
v 46.898 -13.586 17.833
v 46.898 -13.033 19.036
v 46.898 -12.831 20.239
v 46.898 -13.242 21.442
v 45.426 -9.771 -2.624
v 46.898 -9.771 -3.653
v 46.848 -9.771 21.442
v 46.898 -9.771 22.072
v 46.898 -9.793 22.646
v 46.188 -9.771 23.849
v 46.898 -9.771 22.716
v 46.621 -9.771 28.662
v 46.898 -9.771 28.428
v 46.898 -9.898 28.662
v 46.898 -10.947 29.866
v 46.898 -7.714 -3.677
v 46.898 -7.714 19.778
v 46.898 -8.573 20.239
v 46.898 -9.745 21.442
v 46.898 -9.491 23.849
v 46.898 -9.233 25.052
v 46.898 -9.148 26.256
v 46.898 -9.345 27.459
v 46.898 -5.657 -3.664
v 46.898 -5.657 18.010
v 46.898 -6.737 19.036
v 45.403 -3.600 -2.624
v 46.898 -3.600 -3.666
v 46.191 -3.600 9.409
v 46.898 -3.600 8.539
v 46.898 -3.823 9.409
v 46.898 -3.968 10.613
v 45.938 -3.600 10.613
v 46.898 -4.036 11.816
v 45.699 -3.600 11.816
v 46.898 -4.119 13.019
v 46.898 -4.259 14.223
v 46.898 -4.497 15.426
v 46.898 -4.883 16.629
v 46.898 -5.538 17.833
v 45.539 -1.543 -2.624
v 46.898 -1.543 -3.805
v 45.863 -1.543 5.799
v 46.898 -1.543 6.416
v 46.898 -2.557 7.003
v 46.898 -3.479 8.206
v 46.468 -1.543 22.646
v 46.581 -1.543 23.849
v 46.253 -1.543 25.052
v 45.708 -1.543 26.256
v 45.664 0.514 -2.624
v 46.898 0.514 -3.775
v 45.438 0.514 4.596
v 46.618 0.514 5.799
v 46.898 0.514 5.956
v 46.898 -0.871 21.442
v 46.898 0.514 20.490
v 46.898 -1.365 22.646
v 46.898 -1.140 23.849
v 46.898 -0.188 25.052
v 46.572 0.514 26.256
v 46.898 0.514 25.557
v 45.838 0.514 27.459
v 45.991 2.571 -2.624
v 46.898 2.571 -3.316
v 45.877 2.571 4.596
v 46.898 2.571 5.564
v 46.898 1.434 5.799
v 46.898 1.097 20.239
v 46.898 2.571 19.687
v 46.898 1.287 26.256
v 46.897 2.571 27.459
v 46.898 2.571 27.457
v 46.065 2.571 28.662
v 45.985 4.628 -2.624
v 46.898 4.628 -3.120
v 45.590 4.628 4.596
v 46.898 3.764 5.799
v 46.562 4.628 5.799
v 46.898 4.628 6.121
v 46.898 4.464 17.833
v 46.898 4.628 17.633
v 46.898 3.299 19.036
v 46.898 2.574 27.459
v 46.898 3.499 28.662
v 46.898 4.205 29.866
v 46.898 6.686 -3.425
v 46.898 5.323 7.003
v 46.898 5.912 8.206
v 45.520 6.686 9.409
v 46.898 6.280 9.409
v 46.124 6.686 10.613
v 46.898 6.513 10.613
v 46.695 6.686 11.816
v 46.898 6.652 11.816
v 46.287 6.686 13.019
v 46.898 6.630 13.019
v 46.898 6.381 14.223
v 46.898 5.927 15.426
v 46.898 5.299 16.629
v 46.898 7.878 -3.827
v 46.898 8.743 -4.066
v 46.898 10.800 -4.649
v 46.228 12.857 -5.030
v 46.898 12.857 -4.814
v 45.501 14.914 -5.030
v 46.898 14.914 -4.493
v 46.898 16.765 -3.827
v 46.719 16.971 -3.827
v 46.898 16.971 -3.680
v 46.898 18.334 -2.624
v 46.068 19.028 -2.624
v 46.898 18.868 -1.421
v 46.677 19.028 -1.421
v 46.898 19.020 -0.217
v 46.886 19.028 -0.217
v 46.898 19.028 0.359
v 46.898 20.843 -15.860
v 46.898 20.815 -17.064
v 45.935 21.085 -14.657
v 46.898 20.875 -14.657
v 46.236 21.085 -13.454
v 46.898 20.921 -13.454
v 46.591 21.085 -12.250
v 46.898 21.008 -12.250
v 46.898 21.085 -11.472
v 46.898 19.049 0.986
v 46.898 19.175 2.189
v 46.898 19.991 3.393
v 46.898 21.085 3.975
v 46.898 21.128 -11.047
v 46.898 21.268 -9.844
v 46.898 21.471 -8.640
v 46.898 21.741 -7.437
v 45.408 23.142 -6.234
v 46.898 22.073 -6.234
v 46.138 23.142 -5.030
v 46.898 22.535 -5.030
v 46.898 23.142 -3.937
v 46.898 21.903 3.393
v 46.898 23.142 2.634
v 46.898 23.181 -3.827
v 46.898 23.573 -2.624
v 46.898 24.028 -1.421
v 46.898 24.327 -0.217
v 46.898 24.134 0.986
v 46.898 23.460 2.189
v 45.386 33.428 22.646
v 45.355 33.428 23.849
v 45.492 35.485 10.613
v 45.880 35.485 11.816
v 45.947 35.485 13.019
v 45.898 35.485 14.223
v 45.807 35.485 15.426
v 45.785 35.485 16.629
v 45.819 35.485 17.833
v 45.938 35.485 19.036
v 46.028 35.485 20.239
v 46.098 35.485 21.442
v 46.108 35.485 22.646
v 46.067 35.485 23.849
v 45.940 35.485 25.052
v 45.761 35.485 26.256
v 45.516 35.485 27.459
v 45.551 37.542 10.613
v 46.120 37.542 11.816
v 46.415 37.542 13.019
v 46.569 37.542 14.223
v 46.654 37.542 15.426
v 46.711 37.542 16.629
v 46.772 37.542 17.833
v 46.831 37.542 19.036
v 46.857 37.542 20.239
v 46.811 37.542 21.442
v 46.759 37.542 22.646
v 46.639 37.542 23.849
v 46.446 37.542 25.052
v 46.222 37.542 26.256
v 45.934 37.542 27.459
v 45.623 37.542 28.662
v 45.425 39.599 10.613
v 46.178 39.599 11.816
v 46.653 39.599 13.019
v 46.898 39.599 13.919
v 46.898 39.166 14.223
v 46.898 38.406 15.426
v 46.898 38.096 16.629
v 46.898 37.872 17.833
v 46.898 37.716 19.036
v 46.898 37.646 20.239
v 46.898 37.767 21.442
v 46.898 37.893 22.646
v 46.898 38.196 23.849
v 46.898 38.649 25.052
v 46.898 39.208 26.256
v 46.898 39.599 26.943
v 46.766 39.599 27.459
v 46.449 39.599 28.662
v 46.036 39.599 29.866
v 46.267 41.656 11.816
v 46.883 41.656 13.019
v 46.898 41.656 13.060
v 46.898 39.839 27.459
v 46.898 40.364 28.662
v 46.898 40.965 29.866
v 45.377 43.713 10.613
v 46.461 43.713 11.816
v 46.898 43.713 12.492
v 46.898 41.751 13.019
v 45.563 45.770 10.613
v 46.796 45.770 11.816
v 46.898 45.770 11.944
v 45.873 47.827 10.613
v 46.898 47.827 11.428
v 46.898 46.222 11.816
v 46.390 49.884 10.613
v 46.898 49.884 10.979
v 48.451 -50.121 10.613
v 48.451 -48.856 10.263
v 48.451 -50.913 10.847
v 47.560 -46.799 9.409
v 48.451 -46.799 10.409
v 48.197 -46.799 28.662
v 48.451 -46.799 27.822
v 48.451 -47.144 28.662
v 48.451 -47.659 29.866
v 47.779 -46.799 29.866
v 47.124 -44.742 9.409
v 48.451 -46.502 10.613
v 47.799 -44.742 10.613
v 48.451 -45.194 11.816
v 48.277 -44.742 11.816
v 48.451 -44.742 12.483
v 48.260 -44.742 22.646
v 48.451 -44.742 21.630
v 48.451 -45.033 22.646
v 48.451 -45.404 23.849
v 47.988 -44.742 23.849
v 48.451 -45.837 25.052
v 47.648 -44.742 25.052
v 48.451 -46.255 26.256
v 47.309 -44.742 26.256
v 48.451 -46.672 27.459
v 46.926 -44.742 27.459
v 47.217 -42.685 11.816
v 48.451 -44.548 13.019
v 47.423 -42.685 13.019
v 48.451 -44.248 14.223
v 47.540 -42.685 14.223
v 48.451 -44.082 15.426
v 47.601 -42.685 15.426
v 48.451 -44.055 16.629
v 47.590 -42.685 16.629
v 48.451 -44.132 17.833
v 47.528 -42.685 17.833
v 48.451 -44.284 19.036
v 47.375 -42.685 19.036
v 48.451 -44.442 20.239
v 47.227 -42.685 20.239
v 48.451 -44.696 21.442
v 47.014 -42.685 21.442
v 48.363 -18.000 -1.421
v 48.451 -18.055 -1.421
v 48.451 -18.000 -1.530
v 47.941 -18.000 -0.217
v 48.451 -18.314 -0.217
v 48.036 -18.000 0.986
v 48.451 -18.252 0.986
v 48.451 -18.000 2.037
v 48.420 -15.942 -3.827
v 48.451 -15.975 -3.827
v 48.451 -15.942 -3.848
v 46.901 -15.942 -2.624
v 48.451 -17.310 -2.624
v 48.451 -17.957 2.189
v 48.451 -17.571 3.393
v 48.451 -17.179 4.596
v 48.451 -16.778 5.799
v 48.451 -16.359 7.003
v 48.415 -15.942 8.206
v 48.451 -15.942 8.140
v 47.987 -15.942 9.409
v 47.727 -15.942 10.613
v 47.489 -15.942 11.816
v 47.174 -15.942 13.019
v 46.965 -15.942 26.256
v 47.363 -13.885 -3.827
v 48.451 -13.885 -4.574
v 48.451 -15.914 8.206
v 48.451 -15.377 9.409
v 48.451 -14.745 10.613
v 48.451 -14.004 11.816
v 48.198 -13.885 13.019
v 48.451 -13.885 11.982
v 47.851 -13.885 14.223
v 47.478 -13.885 15.426
v 47.110 -13.885 16.629
v 47.115 -13.885 22.646
v 47.723 -13.885 23.849
v 48.451 -13.885 24.944
v 48.451 -13.992 25.052
v 48.451 -14.698 26.256
v 48.451 -14.834 27.459
v 48.451 -14.483 28.662
v 48.280 -13.885 29.866
v 48.451 -13.885 29.721
v 47.133 -11.828 -3.827
v 48.451 -11.828 -4.727
v 48.451 -13.215 13.019
v 48.451 -12.404 14.223
v 48.371 -11.828 15.426
v 48.451 -11.828 15.167
v 48.045 -11.828 16.629
v 47.688 -11.828 17.833
v 47.400 -11.828 19.036
v 47.267 -11.828 20.239
v 47.317 -11.828 21.442
v 47.592 -11.828 22.646
v 48.093 -11.828 23.849
v 48.451 -11.828 24.576
v 48.033 -11.828 29.866
v 48.451 -11.828 29.474
v 47.139 -9.771 -3.827
v 48.451 -9.771 -4.659
v 48.451 -11.527 15.426
v 48.451 -10.473 16.629
v 48.254 -9.771 17.833
v 48.451 -9.771 17.428
v 47.748 -9.771 19.036
v 47.285 -9.771 20.239
v 46.910 -9.771 21.442
v 47.132 -9.771 23.849
v 48.451 -11.196 25.052
v 47.479 -9.771 25.052
v 48.451 -10.514 26.256
v 47.741 -9.771 26.256
v 48.451 -10.534 27.459
v 47.577 -9.771 27.459
v 48.451 -11.148 28.662
v 47.139 -7.714 -3.827
v 48.451 -7.714 -4.557
v 48.318 -7.714 17.833
v 48.451 -7.714 17.655
v 47.457 -7.714 19.036
v 47.194 -5.657 -3.827
v 48.451 -5.657 -4.459
v 48.247 -5.657 16.629
v 48.451 -5.657 16.395
v 48.451 -5.932 16.629
v 47.069 -5.657 17.833
v 47.224 -3.600 -3.827
v 48.451 -3.600 -4.404
v 48.451 -3.600 8.657
v 48.451 -3.922 9.409
v 48.451 -4.190 10.613
v 48.451 -4.317 11.816
v 48.451 -4.411 13.019
v 48.451 -4.589 14.223
v 48.451 -5.006 15.426
v 46.955 -1.543 -3.827
v 48.451 -1.543 -4.430
v 48.451 -1.543 6.370
v 48.451 -2.384 7.003
v 48.451 -3.383 8.206
v 47.075 0.514 -3.827
v 48.451 0.514 -4.290
v 47.479 0.514 5.799
v 48.451 0.514 5.563
v 48.451 -0.173 5.799
v 47.970 0.514 21.442
v 47.849 0.514 22.646
v 47.575 0.514 23.849
v 47.165 0.514 25.052
v 48.451 2.448 -3.827
v 48.451 2.571 -3.794
v 48.451 2.571 5.605
v 48.247 2.571 20.239
v 48.451 2.571 20.782
v 48.451 2.131 21.442
v 48.451 2.571 22.646
v 48.451 2.571 22.642
v 48.258 2.571 23.849
v 48.018 2.571 25.052
v 47.686 2.571 26.256
v 48.451 4.628 -3.463
v 48.451 3.376 5.799
v 48.451 4.628 6.360
v 47.430 4.628 17.833
v 48.451 4.628 18.531
v 48.451 3.987 19.036
v 48.451 2.790 20.239
v 48.451 2.572 22.646
v 48.451 3.066 23.849
v 48.451 3.518 25.052
v 48.451 3.733 26.256
v 48.451 3.914 27.459
v 48.451 4.212 28.662
v 48.276 4.628 29.866
v 48.451 4.628 29.728
v 48.451 6.686 -3.484
v 48.451 5.280 7.003
v 48.451 5.932 8.206
v 48.451 6.267 9.409
v 48.451 6.447 10.613
v 48.451 6.561 11.816
v 48.451 6.610 13.019
v 48.451 6.515 14.223
v 48.451 6.207 15.426
v 48.451 5.722 16.629
v 48.451 5.051 17.833
v 48.451 4.680 29.866
v 48.032 8.743 -3.827
v 48.451 8.743 -3.708
v 48.415 10.800 -3.827
v 48.451 10.800 -3.800
v 48.148 12.857 -3.827
v 48.451 12.857 -3.455
v 47.612 14.914 -3.827
v 48.451 14.698 -2.624
v 48.379 14.914 -2.624
v 48.451 14.914 -2.424
v 47.538 16.971 -2.624
v 48.451 15.823 -1.421
v 47.914 16.971 -1.421
v 48.451 16.138 -0.217
v 48.041 16.971 -0.217
v 48.451 16.148 0.986
v 48.046 16.971 0.986
v 48.451 16.137 2.189
v 48.047 16.971 2.189
v 48.451 16.351 3.393
v 48.152 16.971 3.393
v 48.451 16.937 4.596
v 48.434 16.971 4.596
v 48.451 16.971 4.642
v 46.906 19.028 0.986
v 46.948 19.028 2.189
v 47.155 19.028 3.393
v 47.647 19.028 4.596
v 48.451 19.028 5.680
v 48.451 21.085 -16.382
v 48.152 21.085 -17.064
v 48.451 21.034 -15.860
v 48.451 20.919 -14.657
v 48.451 20.829 -13.454
v 48.451 20.823 -12.250
v 47.193 21.085 -11.047
v 48.451 20.886 -11.047
v 48.055 21.085 -9.844
v 48.451 21.017 -9.844
v 48.451 21.085 -9.446
v 47.625 21.085 4.596
v 48.451 21.085 5.156
v 48.451 21.160 -17.064
v 48.451 21.235 -8.640
v 48.451 21.516 -7.437
v 48.451 21.861 -6.234
v 48.451 22.327 -5.030
v 47.310 23.142 -3.827
v 48.451 22.989 -3.827
v 48.451 23.142 -3.602
v 48.449 23.142 3.393
v 48.451 23.142 3.393
v 48.451 21.737 4.596
v 48.451 23.669 -2.624
v 48.451 24.414 -1.421
v 48.451 24.871 -0.217
v 48.451 24.683 0.986
v 48.451 23.981 2.189
v 48.451 23.143 3.393
v 47.003 39.599 14.223
v 47.280 39.599 15.426
v 47.467 39.599 16.629
v 47.625 39.599 17.833
v 47.720 39.599 19.036
v 47.774 39.599 20.239
v 47.739 39.599 21.442
v 47.704 39.599 22.646
v 47.548 39.599 23.849
v 47.360 39.599 25.052
v 47.086 39.599 26.256
v 47.422 41.656 14.223
v 47.833 41.656 15.426
v 48.137 41.656 16.629
v 48.345 41.656 17.833
v 48.451 41.656 18.802
v 48.451 41.579 19.036
v 48.451 41.317 20.239
v 48.451 41.292 21.442
v 48.451 41.328 22.646
v 48.451 41.527 23.849
v 48.451 41.656 24.498
v 48.399 41.656 25.052
v 48.180 41.656 26.256
v 47.945 41.656 27.459
v 47.674 41.656 28.662
v 47.353 41.656 29.866
v 47.275 43.713 13.019
v 47.912 43.713 14.223
v 48.406 43.713 15.426
v 48.451 43.713 15.575
v 48.451 42.650 16.629
v 48.451 41.967 17.833
v 48.451 41.755 25.052
v 48.451 42.136 26.256
v 48.451 42.515 27.459
v 48.451 42.904 28.662
v 48.451 43.348 29.866
v 47.792 45.770 13.019
v 48.451 45.770 14.088
v 48.451 45.517 14.223
v 48.451 43.851 15.426
v 47.356 47.827 11.816
v 48.451 47.827 13.007
v 48.451 47.799 13.019
v 48.030 49.884 11.816
v 48.451 49.884 12.190
v 48.877 -48.856 10.613
v 50.004 -49.483 11.816
v 50.004 -50.913 11.692
v 49.956 -48.856 11.816
v 50.004 -48.856 11.888
v 49.840 -48.856 28.662
v 50.004 -48.856 28.053
v 50.004 -49.115 28.662
v 50.004 -49.664 29.866
v 49.467 -48.856 29.866
v 48.589 -46.799 10.613
v 49.225 -46.799 11.816
v 50.004 -47.716 13.019
v 49.643 -46.799 13.019
v 50.004 -46.972 14.223
v 49.931 -46.799 14.223
v 50.004 -46.799 14.702
v 49.910 -46.799 21.442
v 50.004 -46.799 20.761
v 50.004 -46.952 21.442
v 50.004 -47.230 22.646
v 49.728 -46.799 22.646
v 50.004 -47.552 23.849
v 49.503 -46.799 23.849
v 50.004 -47.916 25.052
v 49.213 -46.799 25.052
v 50.004 -48.267 26.256
v 48.895 -46.799 26.256
v 50.004 -48.669 27.459
v 48.560 -46.799 27.459
v 48.577 -44.742 13.019
v 48.782 -44.742 14.223
v 50.004 -46.650 15.426
v 48.899 -44.742 15.426
v 50.004 -46.524 16.629
v 48.920 -44.742 16.629
v 50.004 -46.523 17.833
v 48.886 -44.742 17.833
v 50.004 -46.562 19.036
v 48.791 -44.742 19.036
v 50.004 -46.702 20.239
v 48.677 -44.742 20.239
v 48.487 -44.742 21.442
v 49.315 -18.000 -2.624
v 50.004 -18.490 -2.624
v 50.004 -18.000 -3.277
v 50.004 -19.081 -1.421
v 50.004 -19.312 -0.217
v 50.004 -19.235 0.986
v 48.517 -18.000 2.189
v 50.004 -18.889 2.189
v 49.245 -18.000 3.393
v 50.004 -18.390 3.393
v 50.004 -18.000 4.175
v 50.004 -17.491 -3.827
v 50.004 -15.942 -4.973
v 50.004 -17.743 4.596
v 50.004 -16.889 5.799
v 49.657 -15.942 7.003
v 50.004 -15.942 6.860
v 49.086 -13.885 -5.030
v 50.004 -15.809 -5.030
v 50.004 -13.885 -5.700
v 50.004 -15.744 7.003
v 50.004 -14.090 8.206
v 49.399 -13.885 9.409
v 50.004 -13.885 8.359
v 48.901 -13.885 10.613
v 48.504 -13.885 11.816
v 48.554 -13.885 25.052
v 49.234 -13.885 26.256
v 49.450 -13.885 27.459
v 49.195 -13.885 28.662
v 48.889 -11.828 -5.030
v 50.004 -11.828 -5.834
v 50.004 -12.612 9.409
v 49.842 -11.828 10.613
v 50.004 -11.828 10.186
v 49.446 -11.828 11.816
v 49.097 -11.828 13.019
v 48.726 -11.828 14.223
v 48.761 -11.828 25.052
v 49.278 -11.828 26.256
v 49.411 -11.828 27.459
v 49.054 -11.828 28.662
v 49.040 -9.771 -5.030
v 50.004 -9.771 -5.643
v 50.004 -11.258 10.613
v 50.004 -10.026 11.816
v 49.769 -9.771 13.019
v 50.004 -9.771 12.160
v 49.417 -9.771 14.223
v 49.061 -9.771 15.426
v 48.707 -9.771 16.629
v 49.304 -7.714 -5.030
v 50.004 -7.714 -5.420
v 50.004 -7.996 13.019
v 49.699 -7.714 14.223
v 50.004 -7.714 13.217
v 49.313 -7.714 15.426
v 48.880 -7.714 16.629
v 49.641 -5.657 -5.030
v 50.004 -5.657 -5.208
v 49.766 -5.657 13.019
v 50.004 -5.657 12.349
v 50.004 -7.034 13.019
v 49.368 -5.657 14.223
v 48.894 -5.657 15.426
v 50.004 -4.091 -5.030
v 50.004 -3.600 -4.964
v 50.004 -3.600 9.285
v 50.004 -3.703 9.409
v 50.004 -4.461 10.613
v 50.004 -5.235 11.816
v 50.004 -1.543 -4.571
v 50.004 -1.543 6.934
v 50.004 -1.624 7.003
v 50.004 -2.745 8.206
v 50.004 0.514 -4.072
v 50.004 0.514 5.668
v 50.004 0.280 5.799
v 50.004 1.897 -3.827
v 50.004 2.571 -3.691
v 50.004 2.571 5.540
v 48.535 2.571 21.442
v 50.004 4.628 -3.338
v 50.004 4.530 5.799
v 50.004 4.628 5.824
v 48.733 4.628 19.036
v 49.074 4.628 20.239
v 49.200 4.628 21.442
v 49.248 4.628 22.646
v 49.291 4.628 23.849
v 49.381 4.628 25.052
v 49.545 4.628 26.256
v 49.556 4.628 27.459
v 49.169 4.628 28.662
v 50.004 6.686 -3.024
v 50.004 6.512 7.003
v 49.805 6.686 8.206
v 50.004 6.686 7.468
v 49.577 6.686 9.409
v 49.373 6.686 10.613
v 49.088 6.686 11.816
v 48.800 6.686 13.019
v 48.919 6.686 14.223
v 49.212 6.686 15.426
v 49.438 6.686 16.629
v 49.618 6.686 17.833
v 49.752 6.686 19.036
v 49.839 6.686 20.239
v 49.915 6.686 21.442
v 50.004 6.686 22.166
v 50.004 6.506 22.646
v 50.004 5.914 23.849
v 50.004 5.381 25.052
v 50.004 5.031 26.256
v 50.004 4.940 27.459
v 50.004 5.136 28.662
v 50.004 5.514 29.866
v 50.004 8.743 -2.660
v 50.004 6.896 8.206
v 50.004 6.950 9.409
v 50.004 6.944 10.613
v 50.004 6.972 11.816
v 50.004 7.107 13.019
v 50.004 7.345 14.223
v 50.004 7.589 15.426
v 50.004 7.731 16.629
v 50.004 7.728 17.833
v 50.004 7.595 19.036
v 50.004 7.346 20.239
v 50.004 7.016 21.442
v 50.004 8.849 -2.624
v 49.538 10.800 -2.624
v 50.004 10.800 -1.507
v 48.977 12.857 -2.624
v 50.004 10.878 -1.421
v 49.367 12.857 -1.421
v 50.004 11.300 -0.217
v 49.497 12.857 -0.217
v 50.004 11.264 0.986
v 49.492 12.857 0.986
v 50.004 11.030 2.189
v 49.450 12.857 2.189
v 50.004 10.832 3.393
v 49.452 12.857 3.393
v 50.004 10.826 4.596
v 49.532 12.857 4.596
v 50.004 11.284 5.799
v 49.717 12.857 5.799
v 50.004 12.857 6.924
v 48.731 14.914 -1.421
v 48.849 14.914 -0.217
v 48.848 14.914 0.986
v 48.828 14.914 2.189
v 48.871 14.914 3.393
v 49.013 14.914 4.596
v 49.277 14.914 5.799
v 50.004 12.993 7.003
v 49.653 14.914 7.003
v 50.004 14.914 7.956
v 48.814 16.971 5.799
v 49.318 16.971 7.003
v 50.004 16.075 8.206
v 49.898 16.971 8.206
v 50.004 16.971 8.455
v 48.518 19.028 5.799
v 49.251 19.028 7.003
v 50.004 19.028 8.165
v 50.004 18.688 8.206
v 48.582 21.085 -15.860
v 48.961 21.085 -14.657
v 49.329 21.085 -13.454
v 49.508 21.085 -12.250
v 49.404 21.085 -11.047
v 48.833 21.085 -9.844
v 49.004 21.085 5.799
v 50.004 21.085 6.987
v 50.004 21.057 7.003
v 50.004 21.684 -15.860
v 50.004 21.821 -17.064
v 50.004 21.485 -14.657
v 50.004 21.332 -13.454
v 50.004 21.245 -12.250
v 50.004 21.242 -11.047
v 50.004 21.331 -9.844
v 50.004 21.517 -8.640
v 50.004 21.791 -7.437
v 50.004 22.183 -6.234
v 50.004 22.715 -5.030
v 48.878 23.142 -3.827
v 50.004 23.142 -4.319
v 49.807 23.142 4.596
v 50.004 23.142 4.788
v 50.004 22.231 5.799
v 50.004 23.438 -3.827
v 50.004 24.275 -2.624
v 50.004 25.086 -1.421
v 49.153 25.199 -0.217
v 50.004 25.199 -1.110
v 49.556 25.199 0.986
v 50.004 25.199 1.360
v 50.004 24.790 2.189
v 50.004 24.060 3.393
v 50.004 23.265 4.596
v 50.004 25.475 -0.217
v 50.004 25.350 0.986
v 48.482 41.656 19.036
v 48.594 41.656 20.239
v 48.619 41.656 21.442
v 48.603 41.656 22.646
v 48.518 41.656 23.849
v 48.826 43.713 16.629
v 49.141 43.713 17.833
v 49.359 43.713 19.036
v 49.507 43.713 20.239
v 49.583 43.713 21.442
v 49.612 43.713 22.646
v 49.594 43.713 23.849
v 49.478 43.713 25.052
v 49.384 43.713 26.256
v 49.178 43.713 27.459
v 48.987 43.713 28.662
v 48.697 43.713 29.866
v 48.542 45.770 14.223
v 49.173 45.770 15.426
v 49.622 45.770 16.629
v 49.974 45.770 17.833
v 50.004 45.770 17.972
v 50.004 45.206 19.036
v 50.004 44.794 20.239
v 50.004 44.578 21.442
v 50.004 44.465 22.646
v 50.004 44.471 23.849
v 50.004 44.639 25.052
v 50.004 44.762 26.256
v 50.004 44.993 27.459
v 50.004 45.215 28.662
v 50.004 45.556 29.866
v 48.462 47.827 13.019
v 49.360 47.827 14.223
v 50.004 47.827 15.374
v 50.004 47.765 15.426
v 50.004 46.626 16.629
v 50.004 45.835 17.833
v 49.324 49.884 13.019
v 50.004 49.884 13.863
v 50.004 49.328 14.223
v 50.141 -50.913 11.816
v 50.561 -48.856 13.019
v 51.125 -50.913 13.019
v 51.557 -50.429 14.223
v 51.557 -50.913 13.767
v 50.988 -48.856 14.223
v 51.557 -49.632 15.426
v 51.253 -48.856 15.426
v 51.557 -49.227 16.629
v 51.402 -48.856 16.629
v 51.557 -48.979 17.833
v 51.502 -48.856 17.833
v 51.557 -49.009 19.036
v 51.484 -48.856 19.036
v 51.557 -49.089 20.239
v 51.443 -48.856 20.239
v 51.557 -49.311 21.442
v 51.318 -48.856 21.442
v 51.557 -49.550 22.646
v 51.175 -48.856 22.646
v 51.557 -49.874 23.849
v 50.971 -48.856 23.849
v 51.557 -50.200 25.052
v 50.737 -48.856 25.052
v 51.557 -50.565 26.256
v 50.489 -48.856 26.256
v 51.557 -50.913 27.284
v 51.516 -50.913 27.459
v 50.159 -48.856 27.459
v 51.223 -50.913 28.662
v 50.884 -50.913 29.866
v 50.103 -46.799 15.426
v 50.194 -46.799 16.629
v 50.197 -46.799 17.833
v 50.177 -46.799 19.036
v 50.076 -46.799 20.239
v 51.299 -20.057 -0.217
v 51.557 -20.202 -0.217
v 51.557 -20.057 -1.049
v 51.453 -20.057 0.986
v 51.557 -20.114 0.986
v 51.557 -20.057 1.190
v 50.667 -18.000 -3.827
v 51.557 -18.628 -3.827
v 51.557 -18.000 -4.473
v 51.557 -19.462 -2.624
v 51.557 -19.987 -1.421
v 51.557 -19.743 2.189
v 51.557 -19.164 3.393
v 50.641 -18.000 4.596
v 51.557 -18.360 4.596
v 51.557 -18.000 5.037
v 50.097 -15.942 -5.030
v 51.557 -17.329 -5.030
v 51.557 -15.942 -5.904
v 51.557 -17.202 5.799
v 51.557 -15.942 6.746
v 50.930 -13.885 -6.234
v 51.557 -15.054 -6.234
v 51.557 -13.885 -6.610
v 51.557 -15.418 7.003
v 50.270 -13.885 8.206
v 51.557 -13.885 7.729
v 50.712 -11.828 -6.234
v 51.557 -11.828 -6.745
v 51.557 -12.670 8.206
v 50.599 -11.828 9.409
v 51.557 -11.828 8.602
v 51.058 -9.771 -6.234
v 51.557 -9.771 -6.537
v 51.557 -9.981 9.409
v 50.711 -9.771 10.613
v 51.557 -9.771 9.526
v 50.129 -9.771 11.816
v 51.532 -7.714 -6.234
v 51.557 -7.714 -6.248
v 51.121 -7.714 10.613
v 51.557 -7.714 10.092
v 50.483 -7.714 11.816
v 50.064 -7.714 13.019
v 51.557 -7.604 -6.234
v 51.557 -5.657 -5.945
v 50.943 -5.657 10.613
v 51.557 -5.657 10.106
v 50.198 -5.657 11.816
v 50.196 -3.600 -5.030
v 51.557 -3.600 -5.533
v 50.607 -3.600 9.409
v 51.557 -3.600 9.594
v 51.557 -2.123 -5.030
v 51.557 -1.543 -4.790
v 50.099 -1.543 7.003
v 51.208 -1.543 8.206
v 51.557 -1.543 8.795
v 51.557 -2.983 9.409
v 51.557 0.514 -3.905
v 50.261 0.514 5.799
v 51.491 0.514 7.003
v 51.557 0.514 7.140
v 51.557 -0.720 8.206
v 51.557 0.906 -3.827
v 51.557 2.571 -3.435
v 51.557 2.571 5.670
v 51.557 2.367 5.799
v 51.557 0.669 7.003
v 51.557 4.628 -2.814
v 51.466 4.628 4.596
v 51.557 4.628 4.512
v 51.557 4.486 4.596
v 50.034 4.628 5.799
v 51.557 5.077 -2.624
v 50.670 6.686 -2.624
v 51.557 6.686 -1.650
v 51.211 6.686 3.393
v 51.557 6.686 2.461
v 51.557 5.859 3.393
v 50.774 6.686 4.596
v 50.378 6.686 5.799
v 50.070 6.686 7.003
v 50.112 6.686 22.646
v 50.596 6.686 23.849
v 51.134 6.686 25.052
v 51.520 6.686 26.256
v 51.557 6.686 26.552
v 51.557 6.535 27.459
v 51.557 6.654 28.662
v 51.254 6.686 29.866
v 51.557 6.686 28.765
v 50.040 8.743 -2.624
v 51.557 6.929 -1.421
v 50.762 8.743 -1.421
v 51.557 7.457 -0.217
v 51.002 8.743 -0.217
v 51.557 7.350 0.986
v 50.963 8.743 0.986
v 51.557 6.820 2.189
v 50.766 8.743 2.189
v 50.561 8.743 3.393
v 50.415 8.743 4.596
v 50.367 8.743 5.799
v 50.423 8.743 7.003
v 50.581 8.743 8.206
v 50.799 8.743 9.409
v 50.974 8.743 10.613
v 51.041 8.743 11.816
v 50.955 8.743 13.019
v 50.704 8.743 14.223
v 50.453 8.743 15.426
v 50.318 8.743 16.629
v 50.271 8.743 17.833
v 50.285 8.743 19.036
v 50.390 8.743 20.239
v 50.638 8.743 21.442
v 51.110 8.743 22.646
v 51.557 8.743 23.554
v 51.557 8.403 23.849
v 51.557 7.362 25.052
v 51.557 6.741 26.256
v 51.557 7.055 29.866
v 50.036 10.800 -1.421
v 50.210 10.800 -0.217
v 50.192 10.800 0.986
v 50.091 10.800 2.189
v 50.015 10.800 3.393
v 50.011 10.800 4.596
v 50.109 10.800 5.799
v 50.317 10.800 7.003
v 50.614 10.800 8.206
v 50.932 10.800 9.409
v 51.148 10.800 10.613
v 51.235 10.800 11.816
v 51.185 10.800 13.019
v 50.943 10.800 14.223
v 50.669 10.800 15.426
v 50.507 10.800 16.629
v 50.423 10.800 17.833
v 50.444 10.800 19.036
v 50.630 10.800 20.239
v 51.033 10.800 21.442
v 51.557 10.800 22.522
v 51.557 10.511 22.646
v 50.026 12.857 7.003
v 50.399 12.857 8.206
v 50.738 12.857 9.409
v 50.954 12.857 10.613
v 51.034 12.857 11.816
v 50.956 12.857 13.019
v 50.720 12.857 14.223
v 50.437 12.857 15.426
v 50.238 12.857 16.629
v 50.163 12.857 17.833
v 50.248 12.857 19.036
v 50.583 12.857 20.239
v 51.165 12.857 21.442
v 51.557 12.857 22.149
v 50.094 14.914 8.206
v 50.461 14.914 9.409
v 50.711 14.914 10.613
v 50.825 14.914 11.816
v 50.768 14.914 13.019
v 50.504 14.914 14.223
v 50.196 14.914 15.426
v 50.015 14.914 16.629
v 50.030 14.914 17.833
v 50.319 14.914 19.036
v 50.850 14.914 20.239
v 51.514 14.914 21.442
v 51.557 14.914 21.519
v 50.385 16.971 9.409
v 50.769 16.971 10.613
v 51.051 16.971 11.816
v 51.162 16.971 13.019
v 51.024 16.971 14.223
v 50.782 16.971 15.426
v 50.709 16.971 16.629
v 50.880 16.971 17.833
v 51.309 16.971 19.036
v 51.557 16.971 19.539
v 51.557 16.382 20.239
v 51.557 15.014 21.442
v 50.029 19.028 8.206
v 50.693 19.028 9.409
v 51.321 19.028 10.613
v 51.557 19.028 11.149
v 51.557 18.375 11.816
v 51.557 17.836 13.019
v 51.557 17.882 14.223
v 51.557 18.130 15.426
v 51.557 18.186 16.629
v 51.557 17.953 17.833
v 51.557 17.355 19.036
v 50.017 21.085 7.003
v 50.969 21.085 8.206
v 51.557 21.085 9.003
v 51.557 20.653 9.409
v 51.557 19.462 10.613
v 51.557 22.368 -15.860
v 51.557 22.486 -17.064
v 51.557 22.195 -14.657
v 51.557 22.088 -13.454
v 51.557 21.999 -12.250
v 51.557 21.991 -11.047
v 51.557 22.050 -9.844
v 51.557 22.177 -8.640
v 51.557 22.414 -7.437
v 51.557 22.793 -6.234
v 51.048 23.142 -5.030
v 51.557 23.142 -5.441
v 51.201 23.142 5.799
v 51.557 23.142 6.150
v 51.557 22.569 7.003
v 51.557 21.696 8.206
v 51.557 23.345 -5.030
v 51.557 24.074 -3.827
v 51.557 24.816 -2.624
v 50.517 25.199 -1.421
v 51.557 25.199 -1.851
v 51.277 25.199 2.189
v 51.557 25.199 2.393
v 51.557 24.746 3.393
v 51.557 24.088 4.596
v 51.557 23.353 5.799
v 51.557 25.400 -1.421
v 51.557 25.681 -0.217
v 51.557 25.624 0.986
v 51.557 25.282 2.189
v 50.272 45.770 19.036
v 50.498 45.770 20.239
v 50.647 45.770 21.442
v 50.740 45.770 22.646
v 50.733 45.770 23.849
v 50.696 45.770 25.052
v 50.624 45.770 26.256
v 50.512 45.770 27.459
v 50.371 45.770 28.662
v 50.155 45.770 29.866
v 50.034 47.827 15.426
v 50.603 47.827 16.629
v 51.015 47.827 17.833
v 51.346 47.827 19.036
v 51.557 47.827 20.138
v 51.557 47.788 20.239
v 51.557 47.450 21.442
v 51.557 47.241 22.646
v 51.557 47.169 23.849
v 51.557 47.162 25.052
v 51.557 47.176 26.256
v 51.557 47.349 27.459
v 51.557 47.491 28.662
v 51.557 47.654 29.866
v 50.281 49.884 14.223
v 51.055 49.884 15.426
v 51.557 49.884 16.468
v 51.557 49.742 16.629
v 51.557 48.860 17.833
v 51.557 48.228 19.036
v 51.758 -50.913 14.223
v 52.139 -50.913 15.426
v 52.372 -50.913 16.629
v 52.497 -50.913 17.833
v 52.565 -50.913 19.036
v 52.547 -50.913 20.239
v 52.496 -50.913 21.442
v 52.383 -50.913 22.646
v 52.220 -50.913 23.849
v 52.020 -50.913 25.052
v 51.790 -50.913 26.256
v 51.801 -20.057 -1.421
v 53.110 -20.424 -1.421
v 53.110 -20.057 -2.397
v 53.110 -20.623 -0.217
v 53.110 -20.544 0.986
v 52.571 -20.057 2.189
v 53.110 -20.221 2.189
v 53.110 -20.057 2.599
v 52.876 -18.000 -5.030
v 53.110 -18.109 -5.030
v 53.110 -18.000 -5.124
v 53.110 -19.228 -3.827
v 53.110 -19.964 -2.624
v 53.110 -19.693 3.393
v 53.110 -18.920 4.596
v 53.110 -18.000 5.624
v 52.585 -15.942 -6.234
v 53.110 -16.268 -6.234
v 53.110 -15.942 -6.403
v 53.110 -17.782 5.799
v 53.110 -15.942 6.981
v 53.110 -13.885 -7.070
v 53.110 -15.888 7.003
v 53.110 -13.885 7.771
v 53.110 -11.828 -7.291
v 53.110 -12.200 8.206
v 53.110 -11.828 8.315
v 53.110 -9.771 -7.224
v 51.763 -9.771 9.409
v 53.110 -9.771 8.825
v 53.110 -7.714 -6.997
v 52.614 -7.714 9.409
v 53.110 -7.714 9.186
v 52.187 -5.657 -6.234
v 53.110 -5.657 -6.698
v 52.904 -5.657 9.409
v 53.110 -5.657 9.341
v 53.016 -3.600 -6.234
v 53.110 -3.600 -6.284
v 52.467 -3.600 9.409
v 53.110 -3.600 9.333
v 53.110 -3.422 -6.234
v 52.053 -1.543 -5.030
v 53.110 -1.543 -5.594
v 53.110 -1.543 9.253
v 53.110 -0.253 -5.030
v 53.110 0.514 -4.627
v 52.856 0.514 8.206
v 53.110 0.514 8.398
v 53.110 2.106 -3.827
v 53.110 2.571 -3.522
v 53.110 2.571 5.706
v 53.110 2.499 5.799
v 53.110 1.652 7.003
v 53.110 0.683 8.206
v 53.110 3.856 -2.624
v 52.015 4.628 -2.624
v 53.110 4.628 -1.829
v 52.500 4.628 3.393
v 53.110 4.628 2.530
v 53.110 4.126 3.393
v 53.110 3.358 4.596
v 53.110 4.944 -1.421
v 51.729 6.686 -1.421
v 53.110 5.338 -0.217
v 52.089 6.686 -0.217
v 53.110 5.238 0.986
v 52.012 6.686 0.986
v 53.110 4.781 2.189
v 51.647 6.686 2.189
v 51.670 6.686 27.459
v 51.581 6.686 28.662
v 51.725 8.743 23.849
v 52.267 8.743 25.052
v 52.616 8.743 26.256
v 52.764 8.743 27.459
v 52.747 8.743 28.662
v 52.572 8.743 29.866
v 51.636 10.800 22.646
v 52.315 10.800 23.849
v 52.818 10.800 25.052
v 53.110 10.800 26.145
v 53.110 10.668 26.256
v 53.110 10.051 27.459
v 53.110 10.014 28.662
v 53.110 10.413 29.866
v 51.894 12.857 22.646
v 52.568 12.857 23.849
v 53.065 12.857 25.052
v 53.110 12.857 25.215
v 52.293 14.914 22.646
v 52.919 14.914 23.849
v 53.110 14.914 24.329
v 53.110 13.148 25.052
v 51.973 16.971 20.239
v 52.709 16.971 21.442
v 53.110 16.971 22.176
v 53.110 16.540 22.646
v 53.110 15.359 23.849
v 51.965 19.028 11.816
v 52.414 19.028 13.019
v 52.562 19.028 14.223
v 52.543 19.028 15.426
v 52.593 19.028 16.629
v 52.882 19.028 17.833
v 53.110 19.028 18.349
v 53.110 18.812 19.036
v 53.110 18.252 20.239
v 53.110 17.506 21.442
v 51.985 21.085 9.409
v 53.045 21.085 10.613
v 53.110 21.085 10.709
v 53.110 20.367 11.816
v 53.110 19.809 13.019
v 53.110 19.556 14.223
v 53.110 19.485 15.426
v 53.110 19.407 16.629
v 53.110 19.196 17.833
v 53.110 23.018 -15.860
v 53.110 23.114 -17.064
v 53.110 22.905 -14.657
v 53.110 22.808 -13.454
v 53.110 22.721 -12.250
v 53.110 22.679 -11.047
v 53.110 22.681 -9.844
v 53.110 22.788 -8.640
v 53.110 23.040 -7.437
v 52.428 23.142 -6.234
v 53.110 23.142 -7.103
v 52.544 23.142 7.003
v 53.110 23.142 7.553
v 53.110 22.719 8.206
v 53.110 21.930 9.409
v 53.110 21.137 10.613
v 53.110 23.448 -6.234
v 53.110 24.002 -5.030
v 53.110 24.599 -3.827
v 53.110 25.154 -2.624
v 53.110 25.199 -2.493
v 53.009 25.199 3.393
v 53.110 25.199 3.480
v 53.110 24.750 4.596
v 53.110 24.154 5.799
v 53.110 23.463 7.003
v 53.110 25.573 -1.421
v 53.110 25.792 -0.217
v 53.110 25.790 0.986
v 53.110 25.596 2.189
v 53.110 25.232 3.393
v 51.579 47.827 20.239
v 51.765 47.827 21.442
v 51.895 47.827 22.646
v 51.967 47.827 23.849
v 51.988 47.827 25.052
v 51.987 47.827 26.256
v 51.882 47.827 27.459
v 51.793 47.827 28.662
v 51.683 47.827 29.866
v 51.637 49.884 16.629
v 52.136 49.884 17.833
v 52.524 49.884 19.036
v 52.782 49.884 20.239
v 53.007 49.884 21.442
v 53.110 49.884 22.175
v 53.110 49.774 22.646
v 53.110 49.618 23.849
v 53.110 49.505 25.052
v 53.110 49.523 26.256
v 53.110 49.553 27.459
v 53.110 49.646 28.662
v 53.110 49.716 29.866
v 54.006 -20.057 -2.624
v 54.663 -20.130 -2.624
v 54.663 -20.057 -2.771
v 54.663 -20.535 -1.421
v 54.663 -20.705 -0.217
v 54.663 -20.651 0.986
v 54.663 -20.392 2.189
v 54.663 -20.057 3.105
v 54.663 -18.411 -5.030
v 54.663 -18.000 -5.392
v 54.663 -19.454 -3.827
v 54.663 -19.938 3.393
v 54.663 -19.257 4.596
v 53.740 -18.000 5.799
v 54.663 -18.283 5.799
v 54.663 -18.000 6.088
v 54.663 -16.740 -6.234
v 54.663 -15.942 -6.668
v 53.191 -15.942 7.003
v 54.663 -16.727 7.003
v 54.663 -15.942 7.463
v 54.663 -13.885 -7.284
v 54.663 -13.885 8.191
v 54.154 -11.828 -7.437
v 54.663 -12.531 -7.437
v 54.663 -11.828 -7.517
v 54.663 -13.813 8.206
v 54.663 -11.828 8.677
v 54.146 -9.771 -7.437
v 54.663 -9.771 -7.554
v 54.663 -9.771 9.000
v 54.633 -7.714 -7.437
v 54.663 -7.714 -7.446
v 54.663 -7.714 9.189
v 54.663 -7.611 -7.437
v 54.663 -5.657 -7.245
v 54.663 -5.657 9.255
v 54.663 -3.600 -6.935
v 54.663 -3.600 9.227
v 54.291 -1.543 -6.234
v 54.663 -1.543 -6.440
v 54.663 -1.543 9.081
v 54.663 -0.987 -6.234
v 53.818 0.514 -5.030
v 54.663 0.514 -5.540
v 54.226 0.514 8.206
v 54.663 0.514 8.160
v 54.663 0.436 8.206
v 54.663 1.261 -5.030
v 54.652 2.571 -3.827
v 54.663 2.571 -3.829
v 54.663 2.571 5.469
v 54.663 2.375 5.799
v 54.663 1.575 7.003
v 54.663 2.574 -3.827
v 54.663 3.519 -2.624
v 54.663 4.139 -1.421
v 53.646 4.628 -1.421
v 54.663 4.395 -0.217
v 54.220 4.628 -0.217
v 54.663 4.319 0.986
v 54.071 4.628 0.986
v 54.663 3.991 2.189
v 53.363 4.628 2.189
v 54.663 3.546 3.393
v 54.663 3.011 4.596
v 53.146 10.800 26.256
v 53.328 10.800 27.459
v 53.355 10.800 28.662
v 53.240 10.800 29.866
v 53.488 12.857 26.256
v 53.713 12.857 27.459
v 53.772 12.857 28.662
v 53.680 12.857 29.866
v 53.492 14.914 25.052
v 53.926 14.914 26.256
v 54.176 14.914 27.459
v 54.285 14.914 28.662
v 54.258 14.914 29.866
v 53.429 16.971 22.646
v 54.116 16.971 23.849
v 54.622 16.971 25.052
v 54.663 16.971 25.183
v 54.663 16.363 26.256
v 54.663 15.905 27.459
v 54.663 15.657 28.662
v 54.663 15.658 29.866
v 53.465 19.028 19.036
v 54.239 19.028 20.239
v 54.663 19.028 20.915
v 54.663 18.808 21.442
v 54.663 18.234 22.646
v 54.663 17.619 23.849
v 54.663 17.025 25.052
v 53.967 21.085 11.816
v 54.626 21.085 13.019
v 54.663 21.085 13.109
v 54.663 20.747 14.223
v 54.663 20.504 15.426
v 54.663 20.295 16.629
v 54.663 20.053 17.833
v 54.663 19.728 19.036
v 54.663 19.310 20.239
v 53.433 23.142 -15.860
v 53.181 23.142 -17.064
v 53.753 23.142 -14.657
v 54.063 23.142 -13.454
v 54.324 23.142 -12.250
v 54.384 23.142 -11.047
v 54.294 23.142 -9.844
v 53.956 23.142 -8.640
v 53.352 23.142 -7.437
v 53.885 23.142 8.206
v 54.663 23.142 8.965
v 54.663 22.874 9.409
v 54.663 22.202 10.613
v 54.663 21.582 11.816
v 54.663 21.111 13.019
v 54.663 23.774 -17.064
v 54.663 23.654 -15.860
v 54.663 23.506 -14.657
v 54.663 23.376 -13.454
v 54.663 23.278 -12.250
v 54.663 23.260 -11.047
v 54.663 23.313 -9.844
v 54.663 23.493 -8.640
v 54.663 23.784 -7.437
v 54.663 24.168 -6.234
v 54.663 24.610 -5.030
v 54.663 25.075 -3.827
v 53.332 25.199 -2.624
v 54.663 25.199 -3.458
v 54.593 25.199 4.596
v 54.663 25.199 4.654
v 54.663 24.747 5.799
v 54.663 24.183 7.003
v 54.663 23.551 8.206
v 54.663 25.497 -2.624
v 54.663 25.818 -1.421
v 54.663 25.989 -0.217
v 54.663 26.002 0.986
v 54.663 25.873 2.189
v 54.663 25.609 3.393
v 54.663 25.221 4.596
v 53.181 49.884 22.646
v 53.286 49.884 23.849
v 53.361 49.884 25.052
v 53.356 49.884 26.256
v 53.350 49.884 27.459
v 53.286 49.884 28.662
v 53.238 49.884 29.866
v 56.216 -20.113 -2.624
v 56.216 -20.057 -2.752
v 56.216 -20.463 -1.421
v 56.216 -20.614 -0.217
v 56.216 -20.580 0.986
v 56.216 -20.371 2.189
v 56.216 -20.057 3.196
v 56.216 -18.575 -5.030
v 56.216 -18.000 -5.582
v 56.216 -19.510 -3.827
v 56.216 -19.988 3.393
v 56.216 -19.397 4.596
v 56.216 -18.559 5.799
v 56.216 -18.000 6.431
v 56.216 -17.062 -6.234
v 56.216 -15.942 -6.864
v 56.216 -17.304 7.003
v 56.216 -15.942 7.917
v 56.149 -13.885 -7.437
v 56.216 -13.917 -7.437
v 56.216 -13.885 -7.446
v 56.216 -15.243 8.206
v 54.716 -13.885 8.206
v 56.216 -13.885 8.760
v 56.216 -11.828 -7.680
v 56.216 -11.828 9.263
v 56.216 -9.771 -7.766
v 56.216 -10.741 9.409
v 55.848 -9.771 9.409
v 56.216 -9.771 9.577
v 56.216 -7.714 -7.721
v 55.385 -7.714 9.409
v 56.216 -7.714 9.742
v 55.656 -5.657 -7.437
v 56.216 -5.657 -7.561
v 55.216 -5.657 9.409
v 56.216 -5.657 9.769
v 56.216 -4.696 -7.437
v 56.216 -3.600 -7.278
v 55.425 -3.600 9.409
v 56.216 -3.600 9.652
v 56.216 -1.543 -6.823
v 56.216 -1.543 9.353
v 56.216 -1.907 9.409
v 56.216 -0.152 -6.234
v 56.216 0.514 -5.870
v 55.078 0.514 8.206
v 56.216 0.514 8.347
v 56.216 1.512 -5.030
v 56.216 2.571 -3.845
v 56.216 2.571 5.466
v 56.216 2.401 5.799
v 56.216 1.677 7.003
v 56.216 0.650 8.206
v 56.216 2.586 -3.827
v 56.216 3.355 -2.624
v 56.216 3.850 -1.421
v 56.216 4.067 -0.217
v 56.216 4.012 0.986
v 56.216 3.767 2.189
v 56.216 3.408 3.393
v 56.216 2.957 4.596
v 55.062 16.971 26.256
v 55.338 16.971 27.459
v 55.497 16.971 28.662
v 55.539 16.971 29.866
v 55.010 19.028 21.442
v 55.745 19.028 22.646
v 56.216 19.028 23.587
v 56.216 18.933 23.849
v 56.216 18.528 25.052
v 56.216 18.186 26.256
v 56.216 17.922 27.459
v 56.216 17.761 28.662
v 56.216 17.696 29.866
v 55.159 21.085 14.223
v 55.646 21.085 15.426
v 56.215 21.085 16.629
v 56.216 21.085 16.631
v 56.216 20.765 17.833
v 56.216 20.450 19.036
v 56.216 20.108 20.239
v 56.216 19.733 21.442
v 56.216 19.343 22.646
v 55.158 23.142 9.409
v 56.194 23.142 10.613
v 56.216 23.142 10.644
v 56.216 22.624 11.816
v 56.216 22.148 13.019
v 56.216 21.747 14.223
v 56.216 21.402 15.426
v 56.216 21.086 16.629
v 56.216 24.121 -15.860
v 56.216 24.244 -17.064
v 56.216 23.993 -14.657
v 56.216 23.933 -13.454
v 56.216 23.900 -12.250
v 56.216 23.951 -11.047
v 56.216 24.080 -9.844
v 56.216 24.261 -8.640
v 56.216 24.541 -7.437
v 56.216 24.871 -6.234
v 56.158 25.199 -5.030
v 56.216 25.199 -5.112
v 55.077 25.199 -3.827
v 56.216 25.198 5.799
v 56.216 25.199 5.796
v 56.216 24.742 7.003
v 56.216 24.238 8.206
v 56.216 23.694 9.409
v 56.216 23.155 10.613
v 56.216 25.226 -5.030
v 56.216 25.596 -3.827
v 56.216 25.920 -2.624
v 56.216 26.139 -1.421
v 56.216 26.247 -0.217
v 56.216 26.236 0.986
v 56.216 26.127 2.189
v 56.216 25.909 3.393
v 56.216 25.593 4.596
v 56.859 -20.057 -2.624
v 57.769 -20.057 -2.298
v 57.769 -20.286 -1.421
v 57.769 -20.432 -0.217
v 57.769 -20.415 0.986
v 57.769 -20.246 2.189
v 57.769 -20.057 2.909
v 57.769 -18.591 -5.030
v 57.769 -18.000 -5.674
v 57.769 -19.416 -3.827
v 57.769 -19.964 -2.624
v 57.769 -19.916 3.393
v 57.769 -19.403 4.596
v 57.769 -18.677 5.799
v 57.769 -18.000 6.663
v 57.769 -17.299 -6.234
v 57.769 -15.942 -7.086
v 57.769 -17.651 7.003
v 57.302 -15.942 8.206
v 57.769 -16.172 8.206
v 57.769 -15.942 8.375
v 57.769 -14.695 -7.437
v 57.769 -13.885 -7.648
v 57.769 -13.885 9.359
v 57.769 -11.828 -7.838
v 57.769 -13.701 9.409
v 56.625 -11.828 9.409
v 57.769 -11.828 10.001
v 57.769 -9.771 -7.942
v 57.769 -9.771 10.356
v 57.769 -7.714 -7.931
v 57.769 -7.714 10.490
v 57.769 -5.657 -7.787
v 57.769 -5.657 10.461
v 57.350 -3.600 -7.437
v 57.769 -3.600 -7.509
v 57.769 -3.600 10.326
v 57.769 -3.269 -7.437
v 57.769 -1.543 -6.992
v 56.407 -1.543 9.409
v 57.769 -1.543 9.962
v 57.769 -0.140 -6.234
v 57.769 0.514 -5.780
v 57.769 0.514 8.640
v 57.769 -0.584 9.409
v 57.769 1.298 -5.030
v 57.769 2.292 -3.827
v 56.295 2.571 -3.827
v 57.769 2.571 -3.371
v 57.769 2.571 5.296
v 57.769 2.355 5.799
v 57.769 1.720 7.003
v 57.769 0.864 8.206
v 57.769 3.008 -2.624
v 57.769 3.472 -1.421
v 57.769 3.688 -0.217
v 57.769 3.681 0.986
v 57.769 3.509 2.189
v 57.769 3.221 3.393
v 57.769 2.839 4.596
v 56.366 19.028 23.849
v 56.938 19.028 25.052
v 57.345 19.028 26.256
v 57.639 19.028 27.459
v 57.769 19.028 28.332
v 57.769 18.991 28.662
v 57.769 18.912 29.866
v 56.812 21.085 17.833
v 57.470 21.085 19.036
v 57.769 21.085 19.547
v 57.769 20.875 20.239
v 57.769 20.498 21.442
v 57.769 20.144 22.646
v 57.769 19.818 23.849
v 57.769 19.530 25.052
v 57.769 19.295 26.256
v 57.769 19.112 27.459
v 57.079 23.142 11.816
v 57.769 23.142 12.912
v 57.769 23.101 13.019
v 57.769 22.687 14.223
v 57.769 22.301 15.426
v 57.769 21.951 16.629
v 57.769 21.602 17.833
v 57.769 21.241 19.036
v 57.769 24.605 -15.860
v 57.769 24.652 -17.064
v 57.769 24.561 -14.657
v 57.769 24.596 -13.454
v 57.769 24.656 -12.250
v 57.769 24.753 -11.047
v 57.769 24.897 -9.844
v 57.769 25.090 -8.640
v 57.512 25.199 -7.437
v 57.769 25.199 -8.097
v 56.943 25.199 -6.234
v 56.220 25.199 5.799
v 57.561 25.199 7.003
v 57.769 25.199 7.229
v 57.769 24.867 8.206
v 57.769 24.427 9.409
v 57.769 23.976 10.613
v 57.769 23.532 11.816
v 57.769 25.353 -7.437
v 57.769 25.636 -6.234
v 57.769 25.926 -5.030
v 57.769 26.188 -3.827
v 57.769 26.373 -2.624
v 57.769 26.494 -1.421
v 57.769 26.544 -0.217
v 57.769 26.519 0.986
v 57.769 26.414 2.189
v 57.769 26.233 3.393
v 57.769 25.974 4.596
v 57.769 25.653 5.799
v 57.769 25.274 7.003
f 3 2 1
f 5 4 1
f 5 1 2
f 7 6 4
f 7 4 5
f 9 8 6
f 9 6 7
f 11 10 8
f 11 8 9
f 13 12 10
f 13 10 11
f 15 14 12
f 15 12 13
f 17 16 14
f 17 14 15
f 19 18 16
f 19 16 17
f 21 20 18
f 21 18 19
f 23 22 20
f 21 23 20
f 24 23 21
f 23 26 25
f 24 26 23
f 25 28 27
f 26 28 25
f 29 27 28
f 29 28 30
f 33 32 31
f 35 34 31
f 35 31 32
f 37 36 34
f 37 34 35
f 38 36 37
f 41 40 39
f 42 40 41
f 39 44 43
f 40 44 39
f 43 46 45
f 44 46 43
f 45 48 47
f 46 48 45
f 47 50 49
f 48 50 47
f 49 52 51
f 50 52 49
f 1 53 3
f 53 52 3
f 53 51 52
f 53 1 54
f 54 1 4
f 54 4 55
f 55 4 6
f 55 6 56
f 56 6 8
f 56 8 57
f 57 8 10
f 57 10 58
f 58 10 12
f 58 12 59
f 59 12 14
f 59 14 60
f 60 14 16
f 60 16 61
f 61 16 18
f 61 18 62
f 62 18 20
f 62 20 22
f 30 63 29
f 29 63 64
f 64 66 65
f 63 66 64
f 65 68 67
f 66 68 65
f 67 70 69
f 68 70 67
f 69 72 71
f 70 72 69
f 71 74 73
f 72 74 71
f 73 76 75
f 74 76 73
f 75 78 77
f 76 78 75
f 77 80 79
f 78 80 77
f 31 81 33
f 81 80 33
f 81 79 80
f 81 31 82
f 82 31 34
f 82 34 83
f 83 34 36
f 38 84 36
f 84 83 36
f 84 85 83
f 85 87 86
f 84 87 85
f 86 89 88
f 87 89 86
f 88 91 90
f 89 91 88
f 90 93 92
f 91 93 90
f 92 95 94
f 93 95 92
f 94 97 96
f 95 97 94
f 96 99 98
f 97 99 96
f 102 101 100
f 104 103 100
f 100 103 102
f 104 105 103
f 105 106 103
f 108 107 103
f 108 103 106
f 110 109 106
f 106 109 108
f 112 111 110
f 110 111 109
f 114 113 112
f 112 113 111
f 116 115 114
f 114 115 113
f 118 117 116
f 116 117 115
f 120 119 118
f 118 119 117
f 122 121 120
f 120 121 119
f 123 121 122
f 101 124 100
f 100 124 104
f 104 124 125
f 107 108 125
f 108 126 125
f 105 104 125
f 105 125 126
f 126 108 127
f 127 108 109
f 127 109 128
f 128 109 111
f 128 111 129
f 129 111 113
f 129 113 130
f 130 113 115
f 130 115 131
f 131 115 117
f 131 117 132
f 132 117 119
f 132 119 133
f 133 119 121
f 133 121 123
f 136 135 134
f 138 137 134
f 134 137 136
f 140 139 138
f 138 139 137
f 142 141 140
f 140 141 139
f 144 143 142
f 142 143 141
f 147 146 145
f 149 148 145
f 145 148 147
f 151 150 149
f 150 148 149
f 150 152 148
f 154 150 153
f 154 152 150
f 156 153 155
f 156 154 153
f 158 155 157
f 158 156 155
f 160 157 159
f 160 158 157
f 161 134 135
f 160 161 135
f 159 161 160
f 134 161 162
f 134 162 138
f 138 162 163
f 138 163 140
f 140 163 164
f 140 164 142
f 142 164 165
f 142 165 144
f 168 167 166
f 146 169 145
f 169 166 145
f 166 170 145
f 166 169 168
f 145 170 171
f 145 171 149
f 149 171 151
f 174 173 172
f 176 175 172
f 176 172 173
f 178 177 175
f 178 175 176
f 180 179 177
f 180 177 178
f 3 181 2
f 182 5 2
f 182 2 181
f 5 182 183
f 184 5 183
f 7 5 184
f 7 185 9
f 184 185 7
f 9 186 11
f 185 186 9
f 11 187 13
f 186 187 11
f 13 188 15
f 187 188 13
f 15 189 17
f 188 189 15
f 17 190 19
f 189 190 17
f 19 191 21
f 190 191 19
f 21 192 24
f 191 192 21
f 24 193 26
f 192 193 24
f 26 194 28
f 193 194 26
f 30 28 194
f 30 194 195
f 198 197 196
f 200 199 196
f 200 196 197
f 202 201 199
f 202 199 200
f 204 203 201
f 204 201 202
f 206 205 203
f 206 203 204
f 208 207 205
f 208 205 206
f 210 209 207
f 210 207 208
f 212 211 209
f 212 209 210
f 32 33 211
f 212 32 211
f 213 32 212
f 32 214 35
f 213 214 32
f 35 215 37
f 214 215 35
f 217 216 38
f 37 217 38
f 215 217 37
f 219 218 216
f 219 216 217
f 221 220 218
f 221 218 219
f 223 222 220
f 223 220 221
f 224 222 223
f 42 225 40
f 226 225 42
f 40 227 44
f 225 227 40
f 44 228 46
f 227 228 44
f 46 229 48
f 228 229 46
f 48 230 50
f 229 230 48
f 50 231 52
f 230 231 50
f 3 52 181
f 52 232 181
f 52 231 232
f 181 232 182
f 182 232 233
f 182 233 183
f 195 234 30
f 30 234 63
f 196 66 198
f 66 234 198
f 66 63 234
f 66 196 68
f 68 196 199
f 68 199 70
f 70 199 201
f 70 201 72
f 72 201 203
f 72 203 74
f 74 203 205
f 74 205 76
f 76 205 207
f 76 207 78
f 78 207 209
f 78 209 80
f 80 209 211
f 80 211 33
f 216 84 38
f 84 216 87
f 87 216 218
f 87 218 89
f 89 218 220
f 89 220 91
f 91 220 222
f 224 235 222
f 235 91 222
f 235 93 91
f 93 236 95
f 235 236 93
f 95 237 97
f 236 237 95
f 97 238 99
f 237 238 97
f 241 240 239
f 239 242 241
f 243 101 102
f 103 244 102
f 102 244 243
f 107 244 103
f 240 245 239
f 239 245 242
f 243 124 101
f 124 243 125
f 125 243 244
f 125 244 107
f 248 247 246
f 250 249 246
f 246 249 248
f 252 251 250
f 250 251 249
f 254 253 252
f 252 253 251
f 135 136 254
f 136 253 254
f 136 255 253
f 256 136 137
f 256 255 136
f 257 137 139
f 257 256 137
f 258 139 141
f 258 257 139
f 259 141 143
f 259 258 141
f 262 261 260
f 264 263 260
f 260 263 262
f 146 147 264
f 147 263 264
f 147 265 263
f 266 147 148
f 266 265 147
f 267 148 152
f 267 266 148
f 154 246 247
f 267 154 247
f 152 154 267
f 246 154 156
f 246 156 250
f 250 156 158
f 250 158 252
f 252 158 160
f 252 160 254
f 254 160 135
f 261 268 260
f 260 268 264
f 264 268 269
f 169 146 264
f 270 169 264
f 269 270 264
f 169 270 271
f 273 272 271
f 273 271 270
f 275 274 272
f 275 272 273
f 277 276 274
f 277 274 275
f 279 278 276
f 279 276 277
f 281 280 278
f 281 278 279
f 283 282 280
f 283 280 281
f 285 284 282
f 285 282 283
f 173 174 284
f 285 173 284
f 286 173 285
f 173 287 176
f 286 287 173
f 176 288 178
f 287 288 176
f 178 289 180
f 288 289 178
f 183 290 184
f 291 185 184
f 291 184 290
f 292 186 185
f 292 185 291
f 293 187 186
f 293 186 292
f 294 188 187
f 294 187 293
f 188 294 295
f 296 188 295
f 189 188 296
f 189 297 190
f 296 297 189
f 190 298 191
f 297 298 190
f 191 299 192
f 298 299 191
f 192 300 193
f 299 300 192
f 193 301 194
f 300 301 193
f 303 302 195
f 194 303 195
f 301 303 194
f 197 198 302
f 303 197 302
f 304 197 303
f 197 305 200
f 304 305 197
f 200 306 202
f 305 306 200
f 202 307 204
f 306 307 202
f 204 308 206
f 307 308 204
f 206 309 208
f 308 309 206
f 208 310 210
f 309 310 208
f 210 311 212
f 310 311 210
f 212 312 213
f 311 312 212
f 213 313 214
f 312 313 213
f 214 314 215
f 313 314 214
f 215 315 217
f 314 315 215
f 315 317 316
f 219 315 316
f 217 315 219
f 318 221 219
f 318 219 316
f 319 223 221
f 319 221 318
f 319 224 223
f 226 320 225
f 321 320 226
f 225 322 227
f 320 322 225
f 227 323 228
f 322 323 227
f 228 324 229
f 323 324 228
f 229 325 230
f 324 325 229
f 230 326 231
f 325 326 230
f 231 327 232
f 326 327 231
f 232 328 233
f 327 328 232
f 183 233 290
f 233 329 290
f 233 328 329
f 290 329 291
f 291 329 330
f 291 330 292
f 292 330 331
f 292 331 293
f 293 331 332
f 293 332 294
f 294 332 333
f 294 333 295
f 302 234 195
f 234 302 198
f 317 334 316
f 316 334 318
f 318 334 335
f 318 335 319
f 319 335 336
f 319 336 224
f 336 235 224
f 336 337 235
f 235 338 236
f 337 338 235
f 236 339 237
f 338 339 236
f 237 340 238
f 339 340 237
f 343 342 341
f 341 344 343
f 345 240 241
f 242 345 241
f 342 346 341
f 341 346 344
f 345 245 240
f 245 345 242
f 349 348 347
f 351 350 347
f 347 350 349
f 353 352 351
f 351 352 350
f 355 354 353
f 353 354 352
f 358 357 356
f 360 359 356
f 356 359 358
f 362 361 360
f 360 361 359
f 247 248 362
f 248 361 362
f 248 363 361
f 364 248 249
f 364 363 248
f 365 249 251
f 365 364 249
f 366 251 253
f 366 365 251
f 367 253 255
f 367 366 253
f 256 347 348
f 367 256 348
f 255 256 367
f 347 256 257
f 347 257 351
f 351 257 258
f 351 258 353
f 353 258 259
f 353 259 355
f 369 368 262
f 262 368 261
f 370 262 263
f 370 369 262
f 265 356 357
f 370 265 357
f 263 265 370
f 356 265 266
f 356 266 360
f 360 266 267
f 360 267 362
f 362 267 247
f 373 372 371
f 368 374 261
f 261 374 268
f 268 375 269
f 374 375 268
f 269 376 270
f 375 376 269
f 270 377 273
f 376 377 270
f 273 378 275
f 377 378 273
f 275 379 277
f 378 379 275
f 277 380 279
f 379 380 277
f 279 381 281
f 380 381 279
f 281 382 283
f 381 382 281
f 283 383 285
f 382 383 283
f 285 384 286
f 383 384 285
f 286 385 287
f 384 385 286
f 287 386 288
f 385 386 287
f 371 289 373
f 289 386 373
f 289 288 386
f 389 388 387
f 391 390 387
f 391 387 388
f 393 392 390
f 393 390 391
f 394 392 393
f 397 396 395
f 398 395 396
f 295 399 296
f 296 399 400
f 401 296 400
f 297 296 401
f 387 298 389
f 298 401 389
f 298 297 401
f 298 387 299
f 299 387 390
f 299 390 300
f 300 390 392
f 394 402 392
f 402 300 392
f 402 301 300
f 301 403 303
f 402 403 301
f 303 404 304
f 403 404 303
f 304 405 305
f 404 405 304
f 305 406 306
f 405 406 305
f 395 307 397
f 307 406 397
f 307 306 406
f 398 407 395
f 407 307 395
f 407 308 307
f 308 408 309
f 407 408 308
f 309 409 310
f 408 409 309
f 310 410 311
f 409 410 310
f 311 411 312
f 410 411 311
f 312 412 313
f 411 412 312
f 412 414 413
f 314 412 413
f 313 412 314
f 415 315 314
f 415 314 413
f 415 317 315
f 321 416 320
f 417 416 321
f 320 418 322
f 416 418 320
f 322 419 323
f 418 419 322
f 323 420 324
f 419 420 323
f 324 421 325
f 420 421 324
f 325 422 326
f 421 422 325
f 326 423 327
f 422 423 326
f 327 424 328
f 423 424 327
f 328 425 329
f 424 425 328
f 329 426 330
f 425 426 329
f 330 427 331
f 426 427 330
f 331 428 332
f 427 428 331
f 332 429 333
f 428 429 332
f 295 333 399
f 333 430 399
f 333 429 430
f 399 430 400
f 414 431 413
f 413 431 415
f 415 431 432
f 415 432 317
f 432 334 317
f 432 433 334
f 334 434 335
f 433 434 334
f 335 435 336
f 434 435 335
f 336 436 337
f 435 436 336
f 337 437 338
f 436 437 337
f 338 438 339
f 437 438 338
f 339 439 340
f 438 439 339
f 440 342 343
f 344 440 343
f 440 346 342
f 346 440 344
f 443 442 441
f 445 444 441
f 441 444 443
f 447 446 445
f 445 446 444
f 449 448 447
f 447 448 446
f 449 450 448
f 442 451 441
f 441 451 445
f 445 451 452
f 445 452 447
f 447 452 453
f 447 453 449
f 449 453 454
f 449 454 450
f 457 456 455
f 459 458 455
f 455 458 457
f 461 460 459
f 459 460 458
f 463 462 461
f 461 462 460
f 348 349 463
f 349 462 463
f 349 464 462
f 465 349 350
f 465 464 349
f 466 350 352
f 466 465 350
f 467 352 354
f 467 466 352
f 470 469 468
f 472 471 468
f 468 471 470
f 357 358 472
f 358 471 472
f 358 473 471
f 474 358 359
f 474 473 358
f 475 359 361
f 475 474 359
f 476 361 363
f 476 475 361
f 364 455 456
f 476 364 456
f 363 364 476
f 455 364 365
f 455 365 459
f 459 365 366
f 459 366 461
f 461 366 367
f 461 367 463
f 463 367 348
f 477 368 369
f 469 478 468
f 370 477 369
f 477 370 479
f 472 479 370
f 479 472 478
f 468 478 472
f 472 370 357
f 482 481 480
f 484 483 480
f 484 480 481
f 486 485 483
f 486 483 484
f 488 487 485
f 488 485 486
f 490 489 487
f 490 487 488
f 372 373 489
f 490 372 489
f 491 372 490
f 477 374 368
f 479 492 477
f 492 374 477
f 492 375 374
f 375 493 376
f 492 493 375
f 376 494 377
f 493 494 376
f 377 495 378
f 494 495 377
f 378 496 379
f 495 496 378
f 379 497 380
f 496 497 379
f 380 498 381
f 497 498 380
f 480 382 482
f 382 498 482
f 382 381 498
f 382 480 383
f 383 480 483
f 383 483 384
f 384 483 485
f 384 485 385
f 385 485 487
f 385 487 386
f 386 487 489
f 386 489 373
f 500 499 388
f 500 388 389
f 388 501 391
f 499 501 388
f 501 503 502
f 393 501 502
f 391 501 393
f 502 394 393
f 397 504 396
f 504 398 396
f 506 505 401
f 506 401 400
f 389 401 500
f 500 401 505
f 503 507 502
f 502 507 394
f 507 402 394
f 507 508 402
f 402 509 403
f 508 509 402
f 403 510 404
f 509 510 403
f 404 511 405
f 510 511 404
f 405 512 406
f 511 512 405
f 397 406 504
f 406 513 504
f 406 512 513
f 504 513 398
f 513 407 398
f 513 514 407
f 407 515 408
f 514 515 407
f 408 516 409
f 515 516 408
f 409 517 410
f 516 517 409
f 517 519 518
f 411 517 518
f 410 517 411
f 520 412 411
f 520 411 518
f 520 414 412
f 417 521 416
f 522 521 417
f 416 523 418
f 521 523 416
f 418 524 419
f 523 524 418
f 419 525 420
f 524 525 419
f 420 526 421
f 525 526 420
f 421 527 422
f 526 527 421
f 422 528 423
f 527 528 422
f 423 529 424
f 528 529 423
f 424 530 425
f 529 530 424
f 425 531 426
f 530 531 425
f 426 532 427
f 531 532 426
f 532 534 533
f 428 532 533
f 427 532 428
f 535 429 428
f 535 428 533
f 429 535 536
f 537 429 536
f 430 429 537
f 400 430 506
f 506 430 537
f 519 538 518
f 518 538 520
f 520 538 539
f 520 539 414
f 539 431 414
f 539 540 431
f 431 541 432
f 540 541 431
f 432 542 433
f 541 542 432
f 433 543 434
f 542 543 433
f 434 544 435
f 543 544 434
f 435 545 436
f 544 545 435
f 436 546 437
f 545 546 436
f 437 547 438
f 546 547 437
f 438 548 439
f 547 548 438
f 551 550 549
f 553 552 549
f 549 552 551
f 555 554 553
f 553 554 552
f 557 556 555
f 555 556 554
f 559 558 557
f 557 558 556
f 561 560 559
f 559 560 558
f 563 562 561
f 561 562 560
f 565 564 563
f 563 564 562
f 564 565 534
f 565 533 534
f 565 566 533
f 568 535 567
f 535 566 567
f 535 533 566
f 535 568 536
f 571 570 569
f 573 572 569
f 569 572 571
f 573 574 572
f 577 576 575
f 575 576 578
f 580 579 577
f 577 579 576
f 582 581 580
f 580 581 579
f 581 582 550
f 582 549 550
f 582 583 549
f 585 553 584
f 553 583 584
f 553 549 583
f 553 585 555
f 555 585 586
f 555 586 557
f 557 586 587
f 557 587 559
f 559 587 588
f 559 588 561
f 561 588 589
f 561 589 563
f 563 589 590
f 563 590 565
f 565 590 591
f 565 591 566
f 566 591 592
f 566 592 567
f 569 570 593
f 593 570 594
f 569 595 573
f 569 593 595
f 574 573 596
f 573 597 596
f 573 595 597
f 599 598 597
f 597 598 596
f 599 600 598
f 575 601 577
f 577 601 602
f 577 602 580
f 580 602 603
f 580 603 582
f 582 603 604
f 582 604 583
f 583 604 605
f 583 605 584
f 594 606 593
f 608 607 606
f 607 593 606
f 607 595 593
f 595 609 597
f 595 607 609
f 597 610 599
f 597 609 610
f 600 599 611
f 611 599 610
f 614 613 612
f 612 615 614
f 607 608 616
f 616 608 617
f 607 618 609
f 607 616 618
f 609 619 610
f 609 618 619
f 611 610 620
f 610 621 620
f 610 619 621
f 623 622 621
f 621 622 620
f 625 624 623
f 623 624 622
f 627 626 625
f 625 626 624
f 628 612 613
f 627 629 626
f 612 628 615
f 616 617 630
f 630 617 631
f 616 632 618
f 616 630 632
f 632 442 443
f 619 632 443
f 618 632 619
f 619 443 444
f 619 444 621
f 621 444 446
f 621 446 623
f 623 446 448
f 623 448 625
f 627 625 633
f 625 450 633
f 450 634 633
f 450 625 448
f 627 633 629
f 631 635 630
f 630 635 632
f 632 635 636
f 632 636 442
f 636 451 442
f 636 637 451
f 451 638 452
f 637 638 451
f 452 639 453
f 638 639 452
f 453 640 454
f 639 640 453
f 450 454 634
f 634 454 640
f 643 642 641
f 645 644 641
f 641 644 643
f 648 647 646
f 650 649 646
f 646 649 648
f 652 651 650
f 650 651 649
f 456 457 652
f 457 651 652
f 457 653 651
f 654 457 458
f 654 653 457
f 655 458 460
f 655 654 458
f 656 460 462
f 656 655 460
f 657 462 464
f 657 656 462
f 658 464 465
f 658 657 464
f 466 641 642
f 658 466 642
f 465 466 658
f 641 466 467
f 641 467 645
f 661 660 659
f 469 470 659
f 470 661 659
f 470 662 661
f 663 470 471
f 663 662 470
f 664 471 473
f 664 663 471
f 474 646 647
f 664 474 647
f 473 474 664
f 646 474 475
f 646 475 650
f 650 475 476
f 650 476 652
f 652 476 456
f 660 665 659
f 659 665 469
f 665 478 469
f 665 666 478
f 668 667 479
f 478 668 479
f 666 668 478
f 670 669 667
f 670 667 668
f 672 671 669
f 672 669 670
f 674 673 671
f 674 671 672
f 676 675 673
f 676 673 674
f 678 677 675
f 678 675 676
f 680 679 677
f 680 677 678
f 481 482 679
f 680 481 679
f 681 481 680
f 481 682 484
f 681 682 481
f 484 683 486
f 682 683 484
f 486 684 488
f 683 684 486
f 488 685 490
f 684 685 488
f 490 686 491
f 685 686 490
f 667 492 479
f 492 667 493
f 493 667 669
f 493 669 494
f 494 669 671
f 494 671 495
f 495 671 673
f 495 673 496
f 496 673 675
f 496 675 497
f 497 675 677
f 497 677 498
f 498 677 679
f 498 679 482
f 689 688 687
f 691 690 687
f 691 687 688
f 693 692 690
f 693 690 691
f 695 694 692
f 695 692 693
f 696 694 695
f 500 697 499
f 499 697 698
f 699 499 698
f 501 499 699
f 687 700 503
f 699 687 503
f 501 699 503
f 689 687 699
f 701 687 690
f 700 687 701
f 702 690 692
f 701 690 702
f 694 704 703
f 702 694 703
f 692 694 702
f 704 694 696
f 706 705 505
f 706 505 506
f 500 505 697
f 505 707 697
f 505 705 707
f 697 707 698
f 700 507 503
f 507 700 508
f 508 700 701
f 508 701 509
f 509 701 702
f 703 708 702
f 708 509 702
f 708 510 509
f 510 709 511
f 708 709 510
f 511 710 512
f 709 710 511
f 710 712 711
f 513 710 711
f 512 710 513
f 713 514 513
f 713 513 711
f 714 515 514
f 714 514 713
f 715 516 515
f 715 515 714
f 716 517 516
f 716 516 715
f 716 519 517
f 717 521 522
f 717 522 718
f 719 523 521
f 719 521 717
f 720 524 523
f 720 523 719
f 721 525 524
f 721 524 720
f 722 526 525
f 722 525 721
f 723 527 526
f 723 526 722
f 724 528 527
f 724 527 723
f 725 529 528
f 725 528 724
f 726 530 529
f 726 529 725
f 727 531 530
f 727 530 726
f 728 532 531
f 728 531 727
f 728 534 532
f 730 729 537
f 730 537 536
f 506 537 706
f 706 537 729
f 712 731 711
f 711 731 713
f 713 731 732
f 713 732 714
f 714 732 733
f 714 733 715
f 715 733 734
f 715 734 716
f 716 734 735
f 716 735 519
f 735 538 519
f 735 736 538
f 538 737 539
f 736 737 538
f 539 738 540
f 737 738 539
f 540 739 541
f 738 739 540
f 541 740 542
f 739 740 541
f 542 741 543
f 740 741 542
f 741 743 742
f 544 741 742
f 543 741 544
f 544 742 744
f 745 544 744
f 545 544 745
f 545 746 546
f 745 746 545
f 546 747 547
f 746 747 546
f 547 748 548
f 747 748 547
f 718 749 717
f 718 750 749
f 717 751 719
f 717 749 751
f 719 752 720
f 719 751 752
f 752 550 551
f 721 752 551
f 720 752 721
f 721 551 552
f 721 552 722
f 722 552 554
f 722 554 723
f 723 554 556
f 723 556 724
f 724 556 558
f 724 558 725
f 725 558 560
f 725 560 726
f 726 560 562
f 726 562 727
f 727 562 564
f 727 564 728
f 728 564 534
f 567 753 568
f 753 754 568
f 754 536 568
f 754 730 536
f 756 755 571
f 571 755 570
f 758 756 757
f 756 572 757
f 756 571 572
f 574 757 572
f 743 759 742
f 742 759 744
f 750 578 576
f 750 576 749
f 749 576 579
f 749 579 751
f 751 579 581
f 751 581 752
f 752 581 550
f 584 760 585
f 761 586 585
f 761 585 760
f 762 587 586
f 762 586 761
f 763 588 587
f 763 587 762
f 764 589 588
f 764 588 763
f 765 590 589
f 765 589 764
f 766 591 590
f 766 590 765
f 767 592 591
f 767 591 766
f 767 768 592
f 592 768 567
f 768 769 567
f 769 753 567
f 753 769 754
f 755 594 570
f 770 594 755
f 771 758 757
f 771 757 574
f 596 771 574
f 772 771 596
f 773 596 598
f 773 772 596
f 598 600 773
f 773 600 774
f 775 602 601
f 775 601 776
f 777 603 602
f 777 602 775
f 778 604 603
f 778 603 777
f 779 605 604
f 779 604 778
f 760 584 605
f 779 760 605
f 780 760 779
f 760 781 761
f 760 780 781
f 761 782 762
f 761 781 782
f 762 783 763
f 762 782 783
f 785 764 784
f 764 783 784
f 764 763 783
f 764 785 765
f 765 785 786
f 765 786 766
f 766 786 787
f 766 787 767
f 767 787 788
f 767 788 768
f 606 594 789
f 594 790 789
f 594 770 790
f 789 608 606
f 611 792 791
f 774 611 791
f 600 611 774
f 794 793 792
f 792 793 791
f 796 795 794
f 794 795 793
f 798 797 796
f 796 797 795
f 613 614 798
f 614 797 798
f 614 799 797
f 614 615 799
f 799 615 800
f 776 801 775
f 776 802 801
f 775 803 777
f 775 801 803
f 777 804 778
f 777 803 804
f 778 805 779
f 778 804 805
f 779 806 780
f 779 805 806
f 808 781 807
f 781 806 807
f 781 780 806
f 781 808 782
f 782 808 809
f 782 809 783
f 783 809 810
f 783 810 784
f 790 811 789
f 608 789 811
f 812 608 811
f 617 608 812
f 620 792 611
f 792 620 622
f 792 622 794
f 794 622 624
f 794 624 796
f 796 624 626
f 796 626 798
f 813 626 629
f 626 813 798
f 814 798 813
f 798 814 613
f 628 613 814
f 615 628 800
f 800 628 814
f 802 815 801
f 802 816 815
f 818 803 817
f 803 815 817
f 803 801 815
f 803 818 804
f 804 818 819
f 804 819 805
f 805 819 820
f 805 820 806
f 806 820 821
f 806 821 807
f 812 631 617
f 822 631 812
f 825 824 823
f 633 634 823
f 824 633 823
f 826 633 824
f 629 633 813
f 813 633 826
f 816 827 815
f 815 827 828
f 815 828 817
f 822 829 631
f 631 829 635
f 635 830 636
f 829 830 635
f 636 831 637
f 830 831 636
f 637 832 638
f 831 832 637
f 638 833 639
f 832 833 638
f 823 640 825
f 640 833 825
f 640 639 833
f 640 823 634
f 836 835 834
f 838 837 834
f 834 837 836
f 840 839 838
f 838 839 837
f 842 841 840
f 840 841 839
f 844 843 842
f 842 843 841
f 642 643 844
f 643 843 844
f 643 845 843
f 846 643 644
f 846 845 643
f 849 848 847
f 851 850 847
f 847 850 849
f 647 648 851
f 648 850 851
f 648 852 850
f 853 648 649
f 853 852 648
f 854 649 651
f 854 853 649
f 855 651 653
f 855 854 651
f 654 834 835
f 855 654 835
f 653 654 855
f 834 654 655
f 834 655 838
f 838 655 656
f 838 656 840
f 840 656 657
f 840 657 842
f 842 657 658
f 842 658 844
f 844 658 642
f 857 856 661
f 661 856 660
f 858 661 662
f 858 857 661
f 663 847 848
f 858 663 848
f 662 663 858
f 847 663 664
f 847 664 851
f 851 664 647
f 861 860 859
f 856 862 660
f 660 862 665
f 665 863 666
f 862 863 665
f 666 864 668
f 863 864 666
f 668 865 670
f 864 865 668
f 670 866 672
f 865 866 670
f 672 867 674
f 866 867 672
f 674 868 676
f 867 868 674
f 676 869 678
f 868 869 676
f 678 870 680
f 869 870 678
f 680 871 681
f 870 871 680
f 681 872 682
f 871 872 681
f 682 873 683
f 872 873 682
f 683 874 684
f 873 874 683
f 684 875 685
f 874 875 684
f 859 686 861
f 686 875 861
f 686 685 875
f 878 877 876
f 880 879 876
f 880 876 877
f 882 881 879
f 882 879 880
f 884 883 881
f 884 881 882
f 886 885 883
f 886 883 884
f 887 885 886
f 890 889 888
f 888 889 878
f 888 878 876
f 689 888 876
f 688 689 876
f 688 876 691
f 691 876 879
f 691 879 693
f 693 879 881
f 693 881 695
f 695 881 883
f 883 885 891
f 696 883 891
f 892 696 891
f 883 696 695
f 891 885 887
f 890 888 699
f 698 890 699
f 893 890 698
f 699 888 689
f 895 894 704
f 704 894 703
f 704 696 892
f 704 892 895
f 706 896 705
f 897 707 705
f 897 705 896
f 897 898 707
f 898 698 707
f 898 893 698
f 894 899 703
f 703 899 708
f 708 900 709
f 899 900 708
f 900 902 901
f 710 900 901
f 709 900 710
f 901 712 710
f 905 904 903
f 906 903 904
f 730 907 729
f 896 706 729
f 907 896 729
f 908 896 907
f 896 909 897
f 896 908 909
f 898 897 910
f 910 897 909
f 902 911 901
f 901 911 712
f 911 731 712
f 911 912 731
f 731 913 732
f 912 913 731
f 732 914 733
f 913 914 732
f 733 915 734
f 914 915 733
f 734 916 735
f 915 916 734
f 735 917 736
f 916 917 735
f 736 918 737
f 917 918 736
f 737 919 738
f 918 919 737
f 919 921 920
f 739 919 920
f 738 919 739
f 922 740 739
f 922 739 920
f 923 741 740
f 923 740 922
f 923 743 741
f 925 924 745
f 925 745 744
f 745 926 746
f 924 926 745
f 903 747 905
f 747 926 905
f 747 746 926
f 906 927 903
f 927 747 903
f 927 748 747
f 754 928 907
f 754 907 730
f 907 929 908
f 907 928 929
f 929 755 756
f 909 929 756
f 908 929 909
f 931 930 758
f 758 930 756
f 930 910 756
f 910 909 756
f 931 932 930
f 921 933 920
f 920 933 922
f 922 933 934
f 922 934 923
f 923 934 935
f 923 935 743
f 935 759 743
f 935 936 759
f 744 759 925
f 925 759 936
f 768 937 769
f 937 938 769
f 769 938 754
f 938 939 754
f 939 928 754
f 941 940 939
f 940 928 939
f 940 929 928
f 940 770 755
f 940 755 929
f 771 931 758
f 942 932 931
f 771 942 931
f 772 942 771
f 944 942 943
f 942 773 943
f 942 772 773
f 774 943 773
f 784 945 785
f 946 786 785
f 946 785 945
f 947 787 786
f 947 786 946
f 948 788 787
f 948 787 947
f 937 768 788
f 948 937 788
f 949 937 948
f 938 937 950
f 950 937 949
f 940 941 951
f 951 941 952
f 951 790 770
f 951 770 940
f 953 944 943
f 953 943 774
f 791 953 774
f 954 953 791
f 955 791 793
f 955 954 791
f 956 793 795
f 956 955 793
f 958 956 957
f 956 797 957
f 956 795 797
f 799 959 797
f 797 959 957
f 800 959 799
f 807 960 808
f 961 809 808
f 961 808 960
f 962 810 809
f 962 809 961
f 945 784 810
f 962 945 810
f 963 945 962
f 965 946 964
f 946 963 964
f 946 945 963
f 946 965 947
f 947 965 966
f 947 966 948
f 948 966 967
f 948 967 949
f 949 967 968
f 949 968 950
f 952 969 951
f 969 971 970
f 969 970 811
f 951 969 811
f 790 951 811
f 970 812 811
f 974 973 972
f 972 973 958
f 957 972 958
f 975 972 957
f 813 975 814
f 975 959 814
f 975 957 959
f 814 959 800
f 817 976 818
f 977 819 818
f 977 818 976
f 978 820 819
f 978 819 977
f 979 821 820
f 979 820 978
f 979 980 821
f 821 980 807
f 980 981 807
f 981 960 807
f 960 981 961
f 961 981 982
f 961 982 962
f 962 982 983
f 962 983 963
f 963 983 984
f 963 984 964
f 971 985 970
f 812 970 985
f 986 812 985
f 822 812 986
f 989 988 987
f 987 988 974
f 987 974 972
f 825 987 972
f 824 825 972
f 824 972 826
f 826 972 975
f 826 975 813
f 827 990 828
f 991 990 827
f 817 828 976
f 828 992 976
f 828 990 992
f 976 992 977
f 977 992 993
f 977 993 978
f 978 993 994
f 978 994 979
f 979 994 995
f 979 995 980
f 986 996 822
f 822 996 829
f 829 997 830
f 996 997 829
f 830 998 831
f 997 998 830
f 831 999 832
f 998 999 831
f 987 833 989
f 833 999 989
f 833 832 999
f 833 987 825
f 1002 1001 1000
f 1005 1004 1003
f 1007 1006 1003
f 1003 1006 1005
f 1009 1008 1007
f 1007 1008 1006
f 835 836 1009
f 836 1008 1009
f 836 1010 1008
f 1011 836 837
f 1011 1010 836
f 1012 837 839
f 1012 1011 837
f 1013 839 841
f 1013 1012 839
f 1014 841 843
f 1014 1013 841
f 1015 843 845
f 1015 1014 843
f 846 1000 1001
f 1015 846 1001
f 845 846 1015
f 1018 1017 1016
f 1020 1019 1016
f 1016 1019 1018
f 848 849 1020
f 849 1019 1020
f 849 1021 1019
f 1022 849 850
f 1022 1021 849
f 1023 850 852
f 1023 1022 850
f 853 1003 1004
f 1023 853 1004
f 852 853 1023
f 1003 853 854
f 1003 854 1007
f 1007 854 855
f 1007 855 1009
f 1009 855 835
f 1016 1017 857
f 1017 856 857
f 1017 1024 856
f 1016 857 858
f 1016 858 1020
f 1020 858 848
f 1027 1026 1025
f 1029 1028 1025
f 1029 1025 1026
f 1031 1030 1028
f 1031 1028 1029
f 1033 1032 1030
f 1033 1030 1031
f 1035 1034 1032
f 1035 1032 1033
f 860 861 1034
f 1035 860 1034
f 1036 860 1035
f 1024 1037 856
f 856 1037 862
f 862 1038 863
f 1037 1038 862
f 863 1039 864
f 1038 1039 863
f 864 1040 865
f 1039 1040 864
f 865 1041 866
f 1040 1041 865
f 866 1042 867
f 1041 1042 866
f 867 1043 868
f 1042 1043 867
f 868 1044 869
f 1043 1044 868
f 869 1045 870
f 1044 1045 869
f 1025 871 1027
f 871 1045 1027
f 871 870 1045
f 871 1025 872
f 872 1025 1028
f 872 1028 873
f 873 1028 1030
f 873 1030 874
f 874 1030 1032
f 874 1032 875
f 875 1032 1034
f 875 1034 861
f 1048 1047 1046
f 1050 1049 1046
f 1046 1049 1048
f 1052 1051 1050
f 1050 1051 1049
f 1054 1053 1052
f 1052 1053 1051
f 1056 1055 1054
f 1054 1055 1053
f 1058 1057 1056
f 1056 1057 1055
f 1060 1059 1058
f 1058 1059 1057
f 1060 1061 1059
f 1064 1063 1062
f 1065 1062 1063
f 1066 1064 1062
f 1066 1062 1065
f 1069 1068 1067
f 1071 1070 1067
f 1071 1067 1068
f 1073 1072 1070
f 1073 1070 1071
f 1075 1074 1072
f 1075 1072 1073
f 1076 1074 1075
f 1079 1078 1077
f 1081 1080 1077
f 1081 1077 1078
f 1082 1080 1081
f 1083 1069 1067
f 1083 1067 1070
f 1083 1070 1084
f 1084 1070 1072
f 1084 1072 1085
f 1085 1072 1074
f 1085 1074 1086
f 1086 1074 1076
f 1089 1088 1087
f 1087 1088 1079
f 1077 1087 1079
f 1090 1087 1077
f 1091 1077 1080
f 1090 1077 1091
f 1080 1082 1092
f 1093 1080 1092
f 1091 1080 1093
f 1094 1093 1092
f 1096 1095 877
f 1096 877 878
f 1087 880 1089
f 880 1095 1089
f 880 877 1095
f 880 1087 882
f 882 1087 1090
f 882 1090 884
f 884 1090 1091
f 884 1091 886
f 886 1091 1093
f 887 886 1093
f 1094 887 1093
f 1097 887 1094
f 1099 1098 889
f 1099 889 890
f 878 889 1096
f 1096 889 1098
f 1101 1100 891
f 891 1100 892
f 891 887 1097
f 891 1097 1101
f 893 1103 1102
f 1099 893 1102
f 890 893 1099
f 1103 1104 1102
f 1105 894 895
f 1106 1105 895
f 892 1106 895
f 1100 1106 892
f 898 1107 1103
f 898 1103 893
f 1104 1103 1108
f 1108 1103 1107
f 1105 899 894
f 1106 1109 1105
f 1109 899 1105
f 1109 900 899
f 902 900 1109
f 902 1109 1110
f 905 1111 904
f 1111 906 904
f 910 1112 1107
f 910 1107 898
f 1108 1107 1113
f 1113 1107 1112
f 1110 1114 902
f 902 1114 911
f 911 1115 912
f 1114 1115 911
f 912 1116 913
f 1115 1116 912
f 913 1117 914
f 1116 1117 913
f 914 1118 915
f 1117 1118 914
f 1118 1120 1119
f 916 1118 1119
f 915 1118 916
f 1121 917 916
f 1121 916 1119
f 1122 918 917
f 1122 917 1121
f 1123 919 918
f 1123 918 1122
f 1123 921 919
f 1126 1125 1124
f 924 925 1124
f 1125 924 1124
f 1127 924 1125
f 924 1128 926
f 1127 1128 924
f 926 1128 905
f 1128 1129 905
f 1129 1111 905
f 1129 1128 1130
f 1131 927 906
f 1111 1131 906
f 1129 1131 1111
f 930 1112 910
f 930 932 1112
f 932 1113 1112
f 932 1132 1113
f 1120 1133 1119
f 1119 1133 1121
f 1121 1133 1134
f 1121 1134 1122
f 1122 1134 1135
f 1122 1135 1123
f 1123 1135 1136
f 1123 1136 921
f 1136 933 921
f 1136 1137 933
f 933 1138 934
f 1137 1138 933
f 934 1139 935
f 1138 1139 934
f 1124 936 1126
f 936 1139 1126
f 936 935 1139
f 936 1124 925
f 1130 1140 1129
f 1129 1140 1131
f 1131 1140 1141
f 938 1142 939
f 1142 941 939
f 1143 1132 932
f 1143 932 942
f 942 944 1143
f 1143 944 1144
f 1146 1145 1142
f 938 1146 1142
f 950 1146 938
f 941 1142 1145
f 1147 941 1145
f 952 941 1147
f 1148 1144 944
f 1148 944 953
f 1149 953 954
f 1149 1148 953
f 1151 1149 1150
f 1149 955 1150
f 1149 954 955
f 956 1152 955
f 955 1152 1150
f 958 1152 956
f 964 1153 965
f 1154 966 965
f 1154 965 1153
f 1155 967 966
f 1155 966 1154
f 1156 968 967
f 1156 967 1155
f 1156 1157 968
f 1157 950 968
f 1157 1146 950
f 1147 1158 952
f 952 1158 969
f 971 969 1158
f 971 1158 1159
f 1162 1161 1160
f 1160 1161 1151
f 1150 1160 1151
f 1163 1160 1150
f 974 1163 973
f 1163 1152 973
f 1163 1150 1152
f 973 1152 958
f 980 1164 981
f 1165 982 981
f 1165 981 1164
f 1166 983 982
f 1166 982 1165
f 1167 984 983
f 1167 983 1166
f 1167 1168 984
f 984 1168 964
f 1168 1169 964
f 1169 1153 964
f 1153 1169 1154
f 1154 1169 1170
f 1154 1170 1155
f 1155 1170 1171
f 1155 1171 1156
f 1156 1171 1172
f 1156 1172 1157
f 1159 1173 971
f 971 1173 985
f 1175 1174 986
f 985 1175 986
f 1173 1175 985
f 1176 1174 1175
f 1179 1178 1177
f 1177 1178 1162
f 1160 1177 1162
f 1180 1177 1160
f 989 1180 988
f 1180 1163 988
f 1180 1160 1163
f 988 1163 974
f 1183 1182 1181
f 1185 1184 1181
f 1181 1184 1183
f 1185 1186 1184
f 991 1188 1187
f 1189 991 1187
f 990 991 1189
f 990 1190 992
f 1189 1190 990
f 992 1191 993
f 1190 1191 992
f 993 1192 994
f 1191 1192 993
f 994 1193 995
f 1192 1193 994
f 980 995 1164
f 995 1194 1164
f 995 1193 1194
f 1164 1194 1165
f 1165 1194 1195
f 1165 1195 1166
f 1166 1195 1196
f 1166 1196 1167
f 1167 1196 1197
f 1167 1197 1168
f 1174 996 986
f 1176 1198 1174
f 1198 996 1174
f 1198 997 996
f 1177 998 1179
f 998 1198 1179
f 998 997 1198
f 998 1177 999
f 999 1177 1180
f 999 1180 989
f 1182 1199 1181
f 1181 1199 1185
f 1185 1199 1200
f 1185 1200 1186
f 1188 1201 1187
f 1204 1203 1202
f 1206 1205 1202
f 1202 1205 1204
f 1208 1207 1206
f 1206 1207 1205
f 1210 1209 1208
f 1208 1209 1207
f 1001 1002 1210
f 1002 1209 1210
f 1002 1211 1209
f 1214 1213 1212
f 1216 1215 1212
f 1212 1215 1214
f 1218 1217 1216
f 1216 1217 1215
f 1004 1005 1218
f 1005 1217 1218
f 1005 1219 1217
f 1220 1005 1006
f 1220 1219 1005
f 1221 1006 1008
f 1221 1220 1006
f 1222 1008 1010
f 1222 1221 1008
f 1223 1010 1011
f 1223 1222 1010
f 1012 1202 1203
f 1223 1012 1203
f 1011 1012 1223
f 1202 1012 1013
f 1202 1013 1206
f 1206 1013 1014
f 1206 1014 1208
f 1208 1014 1015
f 1208 1015 1210
f 1210 1015 1001
f 1226 1225 1224
f 1017 1018 1224
f 1018 1226 1224
f 1018 1227 1226
f 1228 1018 1019
f 1228 1227 1018
f 1021 1212 1213
f 1228 1021 1213
f 1019 1021 1228
f 1212 1021 1022
f 1212 1022 1216
f 1216 1022 1023
f 1216 1023 1218
f 1218 1023 1004
f 1225 1229 1224
f 1017 1224 1229
f 1230 1017 1229
f 1024 1017 1230
f 1233 1232 1231
f 1235 1234 1231
f 1235 1231 1232
f 1237 1236 1234
f 1237 1234 1235
f 1026 1027 1236
f 1237 1026 1236
f 1238 1026 1237
f 1026 1239 1029
f 1238 1239 1026
f 1029 1240 1031
f 1239 1240 1029
f 1031 1241 1033
f 1240 1241 1031
f 1033 1242 1035
f 1241 1242 1033
f 1035 1243 1036
f 1242 1243 1035
f 1246 1245 1244
f 1248 1247 1244
f 1244 1247 1246
f 1248 1249 1037
f 1230 1248 1037
f 1024 1230 1037
f 1248 1230 1247
f 1250 1038 1037
f 1250 1037 1249
f 1251 1039 1038
f 1251 1038 1250
f 1252 1040 1039
f 1252 1039 1251
f 1040 1252 1253
f 1254 1040 1253
f 1041 1040 1254
f 1041 1255 1042
f 1254 1255 1041
f 1231 1043 1233
f 1043 1255 1233
f 1043 1042 1255
f 1043 1231 1044
f 1044 1231 1234
f 1044 1234 1045
f 1045 1234 1236
f 1045 1236 1027
f 1258 1257 1256
f 1260 1259 1256
f 1256 1259 1258
f 1047 1048 1260
f 1048 1259 1260
f 1048 1261 1259
f 1262 1048 1049
f 1262 1261 1048
f 1051 1244 1245
f 1262 1051 1245
f 1049 1051 1262
f 1244 1051 1053
f 1244 1053 1248
f 1248 1053 1055
f 1248 1055 1249
f 1249 1055 1057
f 1249 1057 1250
f 1250 1057 1059
f 1250 1059 1251
f 1252 1251 1263
f 1251 1061 1263
f 1061 1264 1263
f 1061 1251 1059
f 1252 1263 1253
f 1267 1266 1265
f 1268 1265 1266
f 1267 1265 1269
f 1267 1269 1270
f 1271 1063 1064
f 1265 1271 1064
f 1269 1265 1064
f 1271 1265 1268
f 1065 1063 1271
f 1065 1271 1272
f 1273 1270 1269
f 1273 1269 1064
f 1066 1273 1064
f 1274 1273 1066
f 1066 1065 1272
f 1066 1272 1274
f 1277 1276 1275
f 1279 1278 1275
f 1279 1275 1276
f 1068 1069 1278
f 1279 1068 1278
f 1280 1068 1279
f 1068 1281 1071
f 1280 1281 1068
f 1281 1283 1282
f 1073 1281 1282
f 1071 1281 1073
f 1284 1075 1073
f 1284 1073 1282
f 1284 1076 1075
f 1287 1286 1285
f 1078 1079 1285
f 1286 1078 1285
f 1288 1078 1286
f 1078 1289 1081
f 1288 1289 1078
f 1291 1290 1082
f 1081 1291 1082
f 1289 1291 1081
f 1292 1290 1291
f 1293 1277 1275
f 1293 1275 1278
f 1293 1278 1294
f 1294 1278 1069
f 1083 1294 1069
f 1295 1294 1083
f 1296 1083 1084
f 1296 1295 1083
f 1085 1282 1283
f 1296 1085 1283
f 1084 1085 1296
f 1282 1085 1086
f 1282 1086 1284
f 1284 1086 1076
f 1287 1285 1088
f 1089 1287 1088
f 1297 1287 1089
f 1088 1285 1079
f 1290 1092 1082
f 1094 1092 1290
f 1292 1094 1290
f 1298 1094 1292
f 1300 1299 1095
f 1300 1095 1096
f 1089 1095 1297
f 1297 1095 1299
f 1298 1097 1094
f 1301 1097 1298
f 1099 1302 1098
f 1302 1303 1098
f 1303 1096 1098
f 1303 1300 1096
f 1304 1100 1101
f 1305 1304 1101
f 1097 1305 1101
f 1301 1305 1097
f 1102 1302 1099
f 1307 1306 1104
f 1104 1306 1102
f 1306 1303 1102
f 1303 1302 1102
f 1307 1308 1306
f 1309 1106 1304
f 1304 1106 1100
f 1304 1305 1310
f 1311 1304 1310
f 1309 1304 1311
f 1312 1311 1310
f 1108 1313 1307
f 1108 1307 1104
f 1308 1307 1314
f 1314 1307 1313
f 1309 1109 1106
f 1109 1309 1110
f 1309 1315 1110
f 1309 1311 1315
f 1311 1312 1316
f 1311 1316 1315
f 1113 1317 1313
f 1113 1313 1108
f 1314 1313 1318
f 1318 1313 1317
f 1315 1114 1110
f 1316 1319 1315
f 1319 1114 1315
f 1319 1115 1114
f 1115 1320 1116
f 1319 1320 1115
f 1320 1322 1321
f 1117 1320 1321
f 1116 1320 1117
f 1323 1118 1117
f 1323 1117 1321
f 1323 1120 1118
f 1126 1324 1125
f 1325 1127 1125
f 1325 1125 1324
f 1326 1128 1127
f 1326 1127 1325
f 1326 1130 1128
f 1328 1327 1317
f 1113 1328 1317
f 1132 1328 1113
f 1317 1327 1318
f 1321 1322 1329
f 1329 1322 1330
f 1321 1331 1323
f 1321 1329 1331
f 1332 1133 1120
f 1323 1332 1120
f 1331 1332 1323
f 1333 1134 1133
f 1333 1133 1332
f 1334 1135 1134
f 1334 1134 1333
f 1335 1136 1135
f 1335 1135 1334
f 1336 1137 1136
f 1336 1136 1335
f 1137 1336 1337
f 1338 1137 1337
f 1138 1137 1338
f 1138 1339 1139
f 1338 1339 1138
f 1126 1139 1324
f 1139 1340 1324
f 1139 1339 1340
f 1324 1340 1325
f 1325 1340 1341
f 1325 1341 1326
f 1326 1341 1342
f 1326 1342 1130
f 1342 1140 1130
f 1342 1343 1140
f 1140 1344 1141
f 1343 1344 1140
f 1345 1328 1132
f 1345 1132 1143
f 1143 1144 1345
f 1345 1144 1346
f 1330 1347 1329
f 1329 1347 1331
f 1331 1347 1348
f 1331 1348 1332
f 1332 1348 1349
f 1332 1349 1333
f 1333 1349 1350
f 1333 1350 1334
f 1334 1350 1351
f 1334 1351 1335
f 1335 1351 1352
f 1335 1352 1336
f 1336 1352 1353
f 1336 1353 1337
f 1355 1354 1145
f 1355 1145 1146
f 1357 1356 1147
f 1145 1357 1147
f 1354 1357 1145
f 1358 1356 1357
f 1144 1148 1359
f 1360 1144 1359
f 1346 1144 1360
f 1149 1361 1148
f 1148 1361 1359
f 1151 1361 1149
f 1157 1355 1146
f 1157 1362 1355
f 1356 1158 1147
f 1159 1158 1356
f 1358 1159 1356
f 1363 1159 1358
f 1366 1365 1364
f 1364 1365 1360
f 1359 1364 1360
f 1367 1364 1359
f 1162 1367 1161
f 1367 1361 1161
f 1367 1359 1361
f 1161 1361 1151
f 1168 1368 1169
f 1369 1170 1169
f 1369 1169 1368
f 1370 1171 1170
f 1370 1170 1369
f 1171 1370 1371
f 1372 1171 1371
f 1172 1171 1372
f 1157 1172 1362
f 1362 1172 1372
f 1363 1373 1159
f 1159 1373 1173
f 1173 1374 1175
f 1373 1374 1173
f 1364 1375 1176
f 1374 1364 1176
f 1175 1374 1176
f 1366 1364 1374
f 1179 1375 1178
f 1375 1367 1178
f 1375 1364 1367
f 1178 1367 1162
f 1378 1377 1376
f 1380 1379 1376
f 1376 1379 1378
f 1382 1381 1380
f 1380 1381 1379
f 1182 1183 1383
f 1381 1382 1384
f 1184 1385 1183
f 1183 1385 1383
f 1186 1385 1184
f 1187 1386 1189
f 1387 1190 1189
f 1387 1189 1386
f 1388 1191 1190
f 1388 1190 1387
f 1389 1192 1191
f 1389 1191 1388
f 1192 1389 1390
f 1391 1192 1390
f 1193 1192 1391
f 1193 1392 1194
f 1391 1392 1193
f 1194 1393 1195
f 1392 1393 1194
f 1195 1394 1196
f 1393 1394 1195
f 1196 1395 1197
f 1394 1395 1196
f 1168 1197 1368
f 1197 1396 1368
f 1197 1395 1396
f 1368 1396 1369
f 1369 1396 1397
f 1369 1397 1370
f 1370 1397 1398
f 1370 1398 1371
f 1375 1198 1176
f 1198 1375 1179
f 1401 1400 1399
f 1403 1402 1399
f 1399 1402 1401
f 1402 1403 1377
f 1403 1376 1377
f 1403 1404 1376
f 1376 1405 1380
f 1376 1404 1405
f 1407 1382 1406
f 1382 1405 1406
f 1382 1380 1405
f 1383 1199 1182
f 1407 1384 1382
f 1199 1383 1200
f 1200 1383 1385
f 1200 1385 1186
f 1187 1201 1386
f 1201 1408 1386
f 1201 1409 1408
f 1386 1408 1387
f 1387 1408 1410
f 1387 1410 1388
f 1388 1410 1411
f 1388 1411 1389
f 1389 1411 1412
f 1389 1412 1390
f 1400 1413 1399
f 1399 1413 1403
f 1403 1413 1414
f 1403 1414 1404
f 1404 1414 1415
f 1404 1415 1405
f 1405 1415 1416
f 1405 1416 1406
f 1419 1418 1417
f 1421 1420 1417
f 1417 1420 1419
f 1423 1422 1421
f 1421 1422 1420
f 1425 1424 1423
f 1423 1424 1422
f 1203 1204 1425
f 1204 1424 1425
f 1204 1426 1424
f 1427 1204 1205
f 1427 1426 1204
f 1428 1205 1207
f 1428 1427 1205
f 1429 1207 1209
f 1429 1428 1207
f 1430 1209 1211
f 1430 1429 1209
f 1433 1432 1431
f 1435 1434 1431
f 1431 1434 1433
f 1213 1214 1435
f 1214 1434 1435
f 1214 1436 1434
f 1437 1214 1215
f 1437 1436 1214
f 1438 1215 1217
f 1438 1437 1215
f 1439 1217 1219
f 1439 1438 1217
f 1220 1417 1418
f 1439 1220 1418
f 1219 1220 1439
f 1417 1220 1221
f 1417 1221 1421
f 1421 1221 1222
f 1421 1222 1423
f 1423 1222 1223
f 1423 1223 1425
f 1425 1223 1203
f 1442 1441 1440
f 1225 1226 1440
f 1226 1442 1440
f 1226 1443 1442
f 1227 1431 1432
f 1443 1227 1432
f 1226 1227 1443
f 1431 1227 1228
f 1431 1228 1435
f 1435 1228 1213
f 1446 1445 1444
f 1448 1447 1444
f 1448 1444 1445
f 1441 1449 1440
f 1449 1451 1450
f 1449 1450 1229
f 1440 1449 1229
f 1225 1440 1229
f 1450 1230 1229
f 1453 1452 1232
f 1453 1232 1233
f 1232 1454 1235
f 1452 1454 1232
f 1235 1455 1237
f 1454 1455 1235
f 1237 1456 1238
f 1455 1456 1237
f 1238 1457 1239
f 1456 1457 1238
f 1239 1458 1240
f 1457 1458 1239
f 1240 1459 1241
f 1458 1459 1240
f 1444 1242 1446
f 1242 1459 1446
f 1242 1241 1459
f 1242 1444 1243
f 1243 1444 1447
f 1462 1461 1460
f 1464 1463 1460
f 1460 1463 1462
f 1245 1246 1464
f 1246 1463 1464
f 1246 1465 1463
f 1247 1450 1451
f 1465 1247 1451
f 1246 1247 1465
f 1450 1247 1230
f 1253 1466 1254
f 1254 1466 1467
f 1468 1254 1467
f 1255 1254 1468
f 1233 1255 1453
f 1453 1255 1468
f 1471 1470 1469
f 1257 1258 1469
f 1258 1471 1469
f 1258 1472 1471
f 1473 1258 1259
f 1473 1472 1258
f 1261 1460 1461
f 1473 1261 1461
f 1259 1261 1473
f 1460 1261 1262
f 1460 1262 1464
f 1464 1262 1245
f 1476 1475 1474
f 1263 1264 1474
f 1475 1263 1474
f 1477 1263 1475
f 1253 1263 1466
f 1263 1478 1466
f 1263 1477 1478
f 1466 1478 1467
f 1480 1479 1266
f 1480 1266 1267
f 1268 1266 1479
f 1268 1479 1481
f 1270 1480 1267
f 1270 1482 1480
f 1481 1483 1268
f 1268 1483 1271
f 1272 1271 1483
f 1272 1483 1484
f 1485 1482 1270
f 1485 1270 1273
f 1486 1273 1274
f 1486 1485 1273
f 1274 1272 1484
f 1274 1484 1486
f 1489 1488 1487
f 1491 1490 1487
f 1491 1487 1488
f 1493 1492 1490
f 1493 1490 1491
f 1495 1494 1492
f 1495 1492 1493
f 1497 1496 1494
f 1497 1494 1495
f 1499 1498 1496
f 1499 1496 1497
f 1501 1500 1498
f 1501 1498 1499
f 1503 1502 1500
f 1503 1500 1501
f 1276 1277 1502
f 1503 1276 1502
f 1504 1276 1503
f 1504 1506 1505
f 1279 1504 1505
f 1276 1504 1279
f 1507 1280 1279
f 1507 1279 1505
f 1508 1281 1280
f 1508 1280 1507
f 1508 1283 1281
f 1510 1509 1286
f 1510 1286 1287
f 1487 1288 1489
f 1288 1509 1489
f 1288 1286 1509
f 1288 1487 1289
f 1289 1487 1490
f 1289 1490 1291
f 1291 1490 1492
f 1291 1492 1292
f 1492 1511 1292
f 1492 1494 1511
f 1496 1513 1512
f 1511 1496 1512
f 1494 1496 1511
f 1513 1496 1498
f 1513 1498 1514
f 1514 1498 1500
f 1514 1500 1515
f 1515 1500 1502
f 1515 1502 1516
f 1516 1502 1277
f 1293 1516 1277
f 1517 1516 1293
f 1294 1505 1506
f 1517 1294 1506
f 1293 1294 1517
f 1505 1294 1295
f 1505 1295 1507
f 1507 1295 1296
f 1507 1296 1508
f 1508 1296 1283
f 1297 1510 1287
f 1297 1518 1510
f 1519 1298 1511
f 1511 1298 1292
f 1511 1512 1520
f 1511 1520 1519
f 1300 1521 1299
f 1521 1522 1299
f 1522 1297 1299
f 1522 1518 1297
f 1524 1523 1519
f 1523 1298 1519
f 1523 1301 1298
f 1524 1519 1520
f 1303 1525 1521
f 1303 1521 1300
f 1522 1521 1526
f 1526 1521 1525
f 1523 1305 1301
f 1527 1305 1523
f 1306 1525 1303
f 1306 1308 1525
f 1308 1526 1525
f 1308 1528 1526
f 1310 1305 1529
f 1305 1530 1529
f 1305 1527 1530
f 1529 1312 1310
f 1314 1528 1308
f 1314 1531 1528
f 1530 1532 1529
f 1312 1529 1532
f 1533 1312 1532
f 1316 1312 1533
f 1318 1531 1314
f 1318 1534 1531
f 1533 1535 1316
f 1316 1535 1319
f 1535 1537 1536
f 1320 1535 1536
f 1319 1535 1320
f 1536 1322 1320
f 1328 1538 1327
f 1538 1539 1327
f 1539 1318 1327
f 1539 1534 1318
f 1536 1537 1540
f 1540 1537 1541
f 1540 1330 1322
f 1540 1322 1536
f 1337 1542 1338
f 1543 1339 1338
f 1543 1338 1542
f 1544 1340 1339
f 1544 1339 1543
f 1545 1341 1340
f 1545 1340 1544
f 1546 1342 1341
f 1546 1341 1545
f 1547 1343 1342
f 1547 1342 1546
f 1548 1344 1343
f 1548 1343 1547
f 1345 1538 1328
f 1345 1346 1538
f 1346 1539 1538
f 1346 1549 1539
f 1541 1550 1540
f 1540 1550 1330
f 1550 1347 1330
f 1550 1551 1347
f 1347 1552 1348
f 1551 1552 1347
f 1348 1553 1349
f 1552 1553 1348
f 1349 1554 1350
f 1553 1554 1349
f 1350 1555 1351
f 1554 1555 1350
f 1351 1556 1352
f 1555 1556 1351
f 1352 1557 1353
f 1556 1557 1352
f 1337 1353 1542
f 1353 1558 1542
f 1353 1557 1558
f 1542 1558 1543
f 1543 1558 1559
f 1543 1559 1544
f 1544 1559 1560
f 1544 1560 1545
f 1545 1560 1561
f 1545 1561 1546
f 1546 1561 1562
f 1546 1562 1547
f 1547 1562 1563
f 1565 1564 1563
f 1564 1547 1563
f 1564 1548 1547
f 1567 1566 1354
f 1567 1354 1355
f 1354 1568 1357
f 1566 1568 1354
f 1358 1357 1568
f 1358 1568 1569
f 1572 1571 1570
f 1571 1549 1570
f 1549 1360 1570
f 1549 1346 1360
f 1565 1573 1564
f 1362 1567 1355
f 1362 1574 1567
f 1576 1363 1575
f 1363 1569 1575
f 1363 1358 1569
f 1578 1577 1576
f 1578 1576 1575
f 1577 1578 1572
f 1577 1572 1570
f 1366 1577 1570
f 1365 1366 1570
f 1365 1570 1360
f 1371 1579 1372
f 1579 1580 1372
f 1580 1362 1372
f 1580 1574 1362
f 1576 1373 1363
f 1373 1576 1374
f 1374 1576 1577
f 1374 1577 1366
f 1583 1582 1581
f 1585 1584 1581
f 1581 1584 1583
f 1587 1586 1585
f 1585 1586 1584
f 1377 1378 1587
f 1378 1586 1587
f 1378 1588 1586
f 1589 1378 1379
f 1589 1588 1378
f 1591 1589 1590
f 1589 1381 1590
f 1589 1379 1381
f 1384 1590 1381
f 1390 1592 1391
f 1593 1392 1391
f 1593 1391 1592
f 1594 1393 1392
f 1594 1392 1593
f 1595 1394 1393
f 1595 1393 1594
f 1596 1395 1394
f 1596 1394 1595
f 1597 1396 1395
f 1597 1395 1596
f 1396 1597 1598
f 1599 1396 1598
f 1397 1396 1599
f 1397 1600 1398
f 1599 1600 1397
f 1371 1398 1579
f 1398 1601 1579
f 1398 1600 1601
f 1579 1601 1580
f 1581 1582 1602
f 1602 1582 1603
f 1602 1400 1401
f 1585 1602 1401
f 1581 1602 1585
f 1585 1401 1402
f 1585 1402 1587
f 1587 1402 1377
f 1606 1605 1604
f 1604 1605 1591
f 1604 1591 1590
f 1406 1604 1590
f 1407 1406 1590
f 1407 1590 1384
f 1409 1607 1408
f 1608 1607 1409
f 1408 1609 1410
f 1607 1609 1408
f 1410 1610 1411
f 1609 1610 1410
f 1411 1611 1412
f 1610 1611 1411
f 1390 1412 1592
f 1412 1612 1592
f 1412 1611 1612
f 1592 1612 1593
f 1593 1612 1613
f 1593 1613 1594
f 1594 1613 1614
f 1594 1614 1595
f 1595 1614 1615
f 1595 1615 1596
f 1596 1615 1616
f 1596 1616 1597
f 1597 1616 1617
f 1597 1617 1598
f 1602 1603 1618
f 1618 1603 1619
f 1620 1413 1400
f 1602 1620 1400
f 1618 1620 1602
f 1413 1620 1621
f 1622 1413 1621
f 1414 1413 1622
f 1414 1623 1415
f 1622 1623 1414
f 1604 1416 1606
f 1416 1623 1606
f 1416 1415 1623
f 1416 1604 1406
f 1619 1624 1618
f 1618 1624 1620
f 1620 1624 1625
f 1620 1625 1621
f 1628 1627 1626
f 1630 1629 1626
f 1626 1629 1628
f 1632 1631 1630
f 1630 1631 1629
f 1634 1633 1632
f 1632 1633 1631
f 1636 1635 1634
f 1634 1635 1633
f 1639 1638 1637
f 1641 1640 1637
f 1637 1640 1639
f 1643 1642 1641
f 1641 1642 1640
f 1418 1419 1643
f 1419 1642 1643
f 1419 1644 1642
f 1645 1419 1420
f 1645 1644 1419
f 1646 1420 1422
f 1646 1645 1420
f 1647 1422 1424
f 1647 1646 1422
f 1426 1626 1627
f 1647 1426 1627
f 1424 1426 1647
f 1626 1426 1427
f 1626 1427 1630
f 1630 1427 1428
f 1630 1428 1632
f 1632 1428 1429
f 1632 1429 1634
f 1634 1429 1430
f 1634 1430 1636
f 1650 1649 1648
f 1652 1651 1648
f 1648 1651 1650
f 1432 1433 1652
f 1433 1651 1652
f 1433 1653 1651
f 1654 1433 1434
f 1654 1653 1433
f 1655 1434 1436
f 1655 1654 1434
f 1437 1637 1638
f 1655 1437 1638
f 1436 1437 1655
f 1637 1437 1438
f 1637 1438 1641
f 1641 1438 1439
f 1641 1439 1643
f 1643 1439 1418
f 1658 1657 1656
f 1658 1656 1649
f 1649 1656 1648
f 1656 1441 1648
f 1441 1442 1648
f 1648 1442 1443
f 1648 1443 1652
f 1652 1443 1432
f 1661 1660 1659
f 1663 1662 1659
f 1663 1659 1660
f 1665 1664 1662
f 1665 1662 1663
f 1445 1446 1664
f 1665 1445 1664
f 1666 1445 1665
f 1445 1667 1448
f 1666 1667 1445
f 1656 1657 1668
f 1668 1657 1669
f 1670 1449 1441
f 1656 1670 1441
f 1668 1670 1656
f 1670 1451 1449
f 1453 1671 1452
f 1452 1671 1672
f 1673 1452 1672
f 1454 1452 1673
f 1454 1674 1455
f 1673 1674 1454
f 1455 1675 1456
f 1674 1675 1455
f 1659 1457 1661
f 1457 1675 1661
f 1457 1456 1675
f 1457 1659 1458
f 1458 1659 1662
f 1458 1662 1459
f 1459 1662 1664
f 1459 1664 1446
f 1678 1677 1676
f 1680 1679 1676
f 1676 1679 1678
f 1461 1462 1680
f 1462 1679 1680
f 1462 1681 1679
f 1463 1668 1669
f 1681 1463 1669
f 1462 1463 1681
f 1668 1463 1465
f 1668 1465 1670
f 1670 1465 1451
f 1683 1682 1468
f 1683 1468 1467
f 1453 1468 1671
f 1468 1684 1671
f 1468 1682 1684
f 1671 1684 1672
f 1687 1686 1685
f 1470 1471 1685
f 1471 1687 1685
f 1471 1688 1687
f 1472 1676 1677
f 1688 1472 1677
f 1471 1472 1688
f 1676 1472 1473
f 1676 1473 1680
f 1680 1473 1461
f 1691 1690 1689
f 1693 1692 1689
f 1693 1689 1690
f 1475 1476 1692
f 1693 1475 1692
f 1694 1475 1693
f 1475 1695 1477
f 1694 1695 1475
f 1477 1696 1478
f 1695 1696 1477
f 1467 1478 1683
f 1683 1478 1696
f 1698 1697 1479
f 1698 1479 1480
f 1481 1479 1697
f 1481 1697 1699
f 1482 1698 1480
f 1482 1700 1698
f 1699 1701 1481
f 1481 1701 1483
f 1484 1483 1701
f 1484 1701 1702
f 1482 1485 1703
f 1704 1482 1703
f 1700 1482 1704
f 1703 1485 1705
f 1485 1706 1705
f 1485 1486 1706
f 1486 1484 1702
f 1486 1702 1706
f 1707 1704 1703
f 1707 1703 1705
f 1710 1709 1708
f 1712 1711 1708
f 1712 1708 1709
f 1714 1713 1711
f 1714 1711 1712
f 1716 1715 1713
f 1716 1713 1714
f 1718 1717 1715
f 1718 1715 1716
f 1720 1719 1717
f 1720 1717 1718
f 1721 1719 1720
f 1723 1722 1488
f 1723 1488 1489
f 1708 1491 1710
f 1491 1722 1710
f 1491 1488 1722
f 1491 1708 1493
f 1493 1708 1711
f 1493 1711 1495
f 1495 1711 1713
f 1495 1713 1497
f 1497 1713 1715
f 1497 1715 1499
f 1499 1715 1717
f 1499 1717 1501
f 1501 1717 1719
f 1721 1724 1719
f 1724 1501 1719
f 1724 1503 1501
f 1724 1726 1725
f 1504 1724 1725
f 1503 1724 1504
f 1725 1506 1504
f 1510 1727 1509
f 1727 1728 1509
f 1728 1489 1509
f 1728 1723 1489
f 1729 1512 1513
f 1514 1730 1513
f 1513 1730 1729
f 1730 1514 1731
f 1514 1732 1731
f 1514 1515 1732
f 1733 1515 1516
f 1733 1732 1515
f 1517 1725 1726
f 1733 1517 1726
f 1516 1517 1733
f 1725 1517 1506
f 1518 1734 1727
f 1518 1727 1510
f 1728 1727 1735
f 1735 1727 1734
f 1737 1736 1729
f 1736 1512 1729
f 1736 1520 1512
f 1737 1729 1730
f 1737 1730 1738
f 1738 1730 1731
f 1522 1739 1734
f 1522 1734 1518
f 1735 1734 1740
f 1740 1734 1739
f 1742 1741 1524
f 1524 1741 1523
f 1524 1520 1736
f 1524 1736 1742
f 1526 1743 1739
f 1526 1739 1522
f 1740 1739 1744
f 1744 1739 1743
f 1747 1746 1745
f 1741 1747 1745
f 1527 1741 1745
f 1523 1741 1527
f 1528 1748 1743
f 1528 1743 1526
f 1744 1743 1749
f 1749 1743 1748
f 1746 1750 1745
f 1527 1745 1750
f 1751 1527 1750
f 1530 1527 1751
f 1531 1752 1748
f 1531 1748 1528
f 1749 1748 1753
f 1753 1748 1752
f 1751 1754 1530
f 1530 1754 1532
f 1533 1532 1754
f 1533 1754 1755
f 1758 1757 1756
f 1760 1759 1756
f 1760 1756 1757
f 1761 1759 1760
f 1763 1762 1752
f 1531 1763 1752
f 1534 1763 1531
f 1752 1762 1753
f 1755 1764 1533
f 1533 1764 1535
f 1537 1535 1764
f 1537 1764 1765
f 1758 1756 1766
f 1758 1766 1767
f 1768 1756 1759
f 1766 1756 1768
f 1759 1761 1769
f 1759 1769 1768
f 1539 1771 1770
f 1763 1539 1770
f 1534 1539 1763
f 1771 1772 1770
f 1774 1541 1773
f 1541 1765 1773
f 1541 1537 1765
f 1775 1774 1773
f 1767 1766 1776
f 1767 1776 1777
f 1778 1766 1768
f 1776 1766 1778
f 1768 1769 1779
f 1768 1779 1778
f 1781 1780 1771
f 1539 1781 1771
f 1549 1781 1539
f 1771 1780 1772
f 1774 1550 1541
f 1775 1782 1774
f 1782 1550 1774
f 1782 1551 1550
f 1551 1783 1552
f 1782 1783 1551
f 1552 1784 1553
f 1783 1784 1552
f 1553 1785 1554
f 1784 1785 1553
f 1554 1786 1555
f 1785 1786 1554
f 1555 1787 1556
f 1786 1787 1555
f 1556 1788 1557
f 1787 1788 1556
f 1557 1789 1558
f 1788 1789 1557
f 1558 1790 1559
f 1789 1790 1558
f 1559 1791 1560
f 1790 1791 1559
f 1791 1793 1792
f 1561 1791 1792
f 1560 1791 1561
f 1794 1562 1561
f 1794 1561 1792
f 1795 1563 1562
f 1795 1562 1794
f 1795 1565 1563
f 1777 1776 1566
f 1567 1777 1566
f 1796 1777 1567
f 1566 1776 1568
f 1568 1776 1778
f 1798 1797 1569
f 1798 1569 1568
f 1779 1798 1568
f 1778 1779 1568
f 1800 1799 1797
f 1800 1797 1798
f 1571 1572 1799
f 1800 1571 1799
f 1801 1571 1800
f 1549 1571 1781
f 1781 1571 1801
f 1793 1802 1792
f 1792 1802 1794
f 1794 1802 1803
f 1794 1803 1795
f 1795 1803 1804
f 1795 1804 1565
f 1804 1573 1565
f 1804 1805 1573
f 1574 1796 1567
f 1574 1806 1796
f 1797 1575 1569
f 1575 1797 1578
f 1578 1797 1799
f 1578 1799 1572
f 1580 1806 1574
f 1580 1807 1806
f 1810 1809 1808
f 1812 1811 1808
f 1808 1811 1810
f 1814 1813 1812
f 1812 1813 1811
f 1582 1583 1814
f 1583 1813 1814
f 1583 1815 1813
f 1816 1583 1584
f 1816 1815 1583
f 1817 1584 1586
f 1817 1816 1584
f 1818 1586 1588
f 1818 1817 1586
f 1820 1818 1819
f 1818 1589 1819
f 1818 1588 1589
f 1591 1819 1589
f 1598 1821 1599
f 1822 1600 1599
f 1822 1599 1821
f 1600 1822 1823
f 1824 1600 1823
f 1601 1600 1824
f 1580 1601 1807
f 1807 1601 1824
f 1809 1825 1808
f 1808 1825 1812
f 1812 1825 1826
f 1812 1826 1814
f 1814 1826 1827
f 1582 1814 1827
f 1828 1582 1827
f 1603 1582 1828
f 1831 1830 1829
f 1829 1830 1820
f 1829 1820 1819
f 1606 1829 1819
f 1605 1606 1819
f 1605 1819 1591
f 1608 1832 1607
f 1833 1832 1608
f 1607 1834 1609
f 1832 1834 1607
f 1609 1835 1610
f 1834 1835 1609
f 1610 1836 1611
f 1835 1836 1610
f 1611 1837 1612
f 1836 1837 1611
f 1612 1838 1613
f 1837 1838 1612
f 1613 1839 1614
f 1838 1839 1613
f 1614 1840 1615
f 1839 1840 1614
f 1615 1841 1616
f 1840 1841 1615
f 1616 1842 1617
f 1841 1842 1616
f 1598 1617 1821
f 1617 1843 1821
f 1617 1842 1843
f 1821 1843 1822
f 1822 1843 1844
f 1822 1844 1823
f 1846 1619 1845
f 1619 1828 1845
f 1619 1603 1828
f 1847 1846 1845
f 1621 1848 1622
f 1849 1831 1829
f 1622 1849 1829
f 1623 1622 1829
f 1849 1622 1848
f 1623 1829 1606
f 1846 1624 1619
f 1847 1850 1846
f 1850 1624 1846
f 1850 1625 1624
f 1621 1625 1848
f 1625 1851 1848
f 1625 1850 1851
f 1848 1851 1849
f 1854 1853 1852
f 1856 1855 1852
f 1852 1855 1854
f 1856 1857 1855
f 1853 1858 1852
f 1852 1858 1856
f 1856 1858 1859
f 1856 1859 1857
f 1862 1861 1860
f 1864 1863 1860
f 1860 1863 1862
f 1866 1865 1864
f 1864 1865 1863
f 1627 1628 1866
f 1628 1865 1866
f 1628 1867 1865
f 1868 1628 1629
f 1868 1867 1628
f 1869 1629 1631
f 1869 1868 1629
f 1870 1631 1633
f 1870 1869 1631
f 1871 1633 1635
f 1871 1870 1633
f 1874 1873 1872
f 1876 1875 1872
f 1872 1875 1874
f 1638 1639 1876
f 1639 1875 1876
f 1639 1877 1875
f 1878 1639 1640
f 1878 1877 1639
f 1879 1640 1642
f 1879 1878 1640
f 1880 1642 1644
f 1880 1879 1642
f 1645 1860 1861
f 1880 1645 1861
f 1644 1645 1880
f 1860 1645 1646
f 1860 1646 1864
f 1864 1646 1647
f 1864 1647 1866
f 1866 1647 1627
f 1883 1882 1881
f 1649 1650 1881
f 1650 1883 1881
f 1650 1884 1883
f 1885 1650 1651
f 1885 1884 1650
f 1886 1651 1653
f 1886 1885 1651
f 1654 1872 1873
f 1886 1654 1873
f 1653 1654 1886
f 1872 1654 1655
f 1872 1655 1876
f 1876 1655 1638
f 1881 1882 1658
f 1882 1657 1658
f 1882 1887 1657
f 1881 1658 1649
f 1889 1888 1660
f 1889 1660 1661
f 1660 1890 1663
f 1888 1890 1660
f 1663 1891 1665
f 1890 1891 1663
f 1665 1892 1666
f 1891 1892 1665
f 1666 1893 1667
f 1892 1893 1666
f 1896 1895 1894
f 1898 1897 1894
f 1894 1897 1896
f 1887 1897 1898
f 1669 1887 1898
f 1657 1887 1669
f 1900 1899 1673
f 1900 1673 1672
f 1673 1901 1674
f 1899 1901 1673
f 1674 1902 1675
f 1901 1902 1674
f 1661 1675 1889
f 1889 1675 1902
f 1905 1904 1903
f 1907 1906 1903
f 1903 1906 1905
f 1677 1678 1907
f 1678 1906 1907
f 1678 1908 1906
f 1679 1894 1895
f 1908 1679 1895
f 1678 1679 1908
f 1894 1679 1681
f 1894 1681 1898
f 1898 1681 1669
f 1911 1910 1909
f 1913 1912 1909
f 1913 1909 1910
f 1682 1683 1912
f 1913 1682 1912
f 1914 1682 1913
f 1682 1915 1684
f 1914 1915 1682
f 1672 1684 1900
f 1900 1684 1915
f 1918 1917 1916
f 1921 1920 1919
f 1921 1919 1904
f 1904 1919 1903
f 1919 1686 1903
f 1686 1687 1903
f 1903 1687 1688
f 1903 1688 1907
f 1907 1688 1677
f 1924 1923 1922
f 1926 1925 1922
f 1926 1922 1923
f 1690 1691 1925
f 1926 1690 1925
f 1927 1690 1926
f 1690 1928 1693
f 1927 1928 1690
f 1693 1929 1694
f 1928 1929 1693
f 1909 1695 1911
f 1695 1929 1911
f 1695 1694 1929
f 1695 1909 1696
f 1696 1909 1912
f 1696 1912 1683
f 1698 1930 1697
f 1930 1699 1697
f 1932 1931 1930
f 1698 1932 1930
f 1700 1932 1698
f 1930 1931 1699
f 1931 1701 1699
f 1931 1933 1701
f 1702 1701 1933
f 1702 1933 1934
f 1704 1932 1700
f 1704 1935 1932
f 1937 1936 1706
f 1706 1936 1705
f 1706 1702 1934
f 1706 1934 1937
f 1938 1935 1704
f 1938 1704 1707
f 1707 1705 1936
f 1707 1936 1938
f 1941 1940 1939
f 1943 1942 1939
f 1943 1939 1940
f 1944 1942 1943
f 1946 1945 1709
f 1946 1709 1710
f 1939 1712 1941
f 1712 1945 1941
f 1712 1709 1945
f 1712 1939 1714
f 1714 1939 1942
f 1944 1947 1942
f 1947 1714 1942
f 1947 1716 1714
f 1716 1948 1718
f 1947 1948 1716
f 1718 1949 1720
f 1948 1949 1718
f 1721 1720 1949
f 1721 1949 1950
f 1723 1951 1722
f 1951 1952 1722
f 1952 1710 1722
f 1952 1946 1710
f 1950 1953 1721
f 1721 1953 1724
f 1726 1724 1953
f 1726 1953 1954
f 1728 1955 1951
f 1728 1951 1723
f 1952 1951 1956
f 1956 1951 1955
f 1957 1731 1732
f 1733 1958 1732
f 1732 1958 1957
f 1959 1958 1733
f 1726 1959 1733
f 1954 1959 1726
f 1962 1961 1960
f 1963 1960 1961
f 1735 1964 1955
f 1735 1955 1728
f 1956 1955 1965
f 1965 1955 1964
f 1968 1967 1966
f 1736 1737 1966
f 1737 1968 1966
f 1737 1969 1968
f 1970 1737 1738
f 1970 1969 1737
f 1738 1731 1957
f 1971 1738 1957
f 1970 1738 1971
f 1971 1957 1958
f 1971 1958 1972
f 1972 1958 1959
f 1973 1962 1960
f 1973 1960 1963
f 1740 1974 1964
f 1740 1964 1735
f 1965 1964 1975
f 1964 1976 1975
f 1964 1974 1976
f 1978 1977 1976
f 1976 1977 1975
f 1977 1978 1967
f 1967 1978 1966
f 1978 1741 1966
f 1741 1742 1966
f 1966 1742 1736
f 1744 1979 1974
f 1744 1974 1740
f 1974 1980 1976
f 1974 1979 1980
f 1980 1746 1747
f 1978 1980 1747
f 1976 1980 1978
f 1741 1978 1747
f 1983 1982 1981
f 1984 1982 1983
f 1749 1985 1979
f 1749 1979 1744
f 1979 1986 1980
f 1979 1985 1986
f 1980 1986 1746
f 1986 1987 1746
f 1987 1750 1746
f 1986 1988 1987
f 1982 1989 1751
f 1987 1982 1751
f 1750 1987 1751
f 1981 1982 1987
f 1982 1984 1990
f 1991 1982 1990
f 1989 1982 1991
f 1993 1992 1991
f 1993 1991 1990
f 1994 1992 1993
f 1753 1995 1985
f 1753 1985 1749
f 1997 1986 1996
f 1986 1995 1996
f 1986 1985 1995
f 1986 1997 1988
f 1989 1754 1751
f 1754 1989 1755
f 1989 1998 1755
f 1989 1991 1998
f 1999 1991 1992
f 1998 1991 1999
f 1992 1994 2000
f 1992 2000 1999
f 2002 2001 1757
f 2002 1757 1758
f 1757 2003 1760
f 2001 2003 1757
f 1761 1760 2003
f 1761 2003 2004
f 1763 2005 1762
f 1995 1753 1762
f 2005 1995 1762
f 2006 1995 2005
f 1996 1995 2007
f 2007 1995 2006
f 1998 1764 1755
f 1998 1999 2008
f 1765 1998 2008
f 2009 1765 2008
f 1998 1765 1764
f 2008 1999 2000
f 1767 2002 1758
f 1767 2010 2002
f 2004 1769 1761
f 2011 1769 2004
f 1770 2005 1763
f 2005 1770 1772
f 2012 2005 1772
f 2006 2005 2012
f 2007 2006 2013
f 2013 2006 2012
f 2009 2014 1765
f 1765 2014 1773
f 2016 2015 1775
f 1773 2016 1775
f 2014 2016 1773
f 2018 2017 2015
f 2018 2015 2016
f 2020 2019 2017
f 2020 2017 2018
f 2022 2021 2019
f 2022 2019 2020
f 2023 2021 2022
f 1777 2010 1767
f 1777 2024 2010
f 2026 1779 2025
f 1779 2011 2025
f 1779 1769 2011
f 2027 2026 2025
f 1781 2028 1780
f 2028 2029 1780
f 1780 2029 1772
f 2029 2030 1772
f 2030 2012 1772
f 2012 2030 2013
f 2015 1782 1775
f 1782 2015 1783
f 1783 2015 2017
f 1783 2017 1784
f 1784 2017 2019
f 1784 2019 1785
f 1785 2019 2021
f 2023 2031 2021
f 2031 1785 2021
f 2031 1786 1785
f 1786 2032 1787
f 2031 2032 1786
f 1787 2033 1788
f 2032 2033 1787
f 2033 2035 2034
f 1789 2033 2034
f 1788 2033 1789
f 2036 1790 1789
f 2036 1789 2034
f 2037 1791 1790
f 2037 1790 2036
f 2037 1793 1791
f 1796 2024 1777
f 1796 2038 2024
f 2026 1798 1779
f 2027 2039 2026
f 2039 1798 2026
f 2039 1800 1798
f 1800 2040 1801
f 2039 2040 1800
f 1781 1801 2028
f 1801 2041 2028
f 1801 2040 2041
f 2028 2041 2029
f 2035 2042 2034
f 2034 2042 2036
f 2036 2042 2043
f 2036 2043 2037
f 2037 2043 2044
f 2037 2044 1793
f 2044 1802 1793
f 2044 2045 1802
f 1802 2046 1803
f 2045 2046 1802
f 1803 2047 1804
f 2046 2047 1803
f 1804 2048 1805
f 2047 2048 1804
f 1806 2038 1796
f 1806 2049 2038
f 1807 2049 1806
f 1807 2050 2049
f 2051 1809 1810
f 1811 2052 1810
f 1810 2052 2051
f 1813 2053 1811
f 1811 2053 2052
f 1815 2054 1813
f 1813 2054 2053
f 2054 1815 2055
f 1815 2056 2055
f 1815 1816 2056
f 2057 1816 1817
f 2057 2056 1816
f 2059 2057 2058
f 2057 1818 2058
f 2057 1817 1818
f 1820 2058 1818
f 2061 2060 1824
f 2061 1824 1823
f 1807 1824 2050
f 2050 1824 2060
f 2051 1825 1809
f 1825 2051 1826
f 1826 2051 2052
f 1826 2052 1827
f 1827 2052 2053
f 1827 2053 1828
f 2053 2062 1828
f 2053 2054 2062
f 2054 2055 2063
f 2054 2063 2062
f 1830 1831 2064
f 2058 2065 2059
f 2065 2058 2066
f 2058 1820 2066
f 1830 2064 2066
f 1830 2066 1820
f 1833 2067 1832
f 2068 2067 1833
f 1832 2069 1834
f 2067 2069 1832
f 1834 2070 1835
f 2069 2070 1834
f 1835 2071 1836
f 2070 2071 1835
f 1836 2072 1837
f 2071 2072 1836
f 1837 2073 1838
f 2072 2073 1837
f 1838 2074 1839
f 2073 2074 1838
f 1839 2075 1840
f 2074 2075 1839
f 1840 2076 1841
f 2075 2076 1840
f 1841 2077 1842
f 2076 2077 1841
f 1842 2078 1843
f 2077 2078 1842
f 1843 2079 1844
f 2078 2079 1843
f 1823 1844 2061
f 2061 1844 2079
f 2062 1845 1828
f 1847 1845 2062
f 2063 1847 2062
f 2080 1847 2063
f 2082 2081 2064
f 1831 2082 2064
f 1849 2082 1831
f 2064 2081 2066
f 2080 2083 1847
f 1847 2083 1850
f 1850 2084 1851
f 2083 2084 1850
f 1849 1851 2082
f 2082 1851 2084
f 2087 2086 2085
f 2089 2088 2085
f 2085 2088 2087
f 2089 2090 2088
f 2093 2092 2091
f 2093 2091 2086
f 2086 2091 2085
f 2091 1853 2085
f 1853 1854 2085
f 2085 1854 1855
f 2085 1855 2089
f 1855 1857 2089
f 1857 2090 2089
f 1857 2094 2090
f 2092 2095 2091
f 2095 2097 2096
f 2095 2096 1858
f 2091 2095 1858
f 1853 2091 1858
f 2098 1859 1858
f 2098 1858 2096
f 2098 2099 1859
f 2099 1857 1859
f 2099 2094 1857
f 2097 2100 2096
f 2096 2100 2098
f 2098 2100 2101
f 2098 2101 2099
f 2104 2103 2102
f 2106 2105 2102
f 2102 2105 2104
f 2108 2107 2106
f 2106 2107 2105
f 1861 1862 2108
f 1862 2107 2108
f 1862 2109 2107
f 2110 1862 1863
f 2110 2109 1862
f 2111 1863 1865
f 2111 2110 1863
f 2112 1865 1867
f 2112 2111 1865
f 2113 1867 1868
f 2113 2112 1867
f 2114 1868 1869
f 2114 2113 1868
f 2115 1869 1870
f 2115 2114 1869
f 2116 1870 1871
f 2116 2115 1870
f 2119 2118 2117
f 2121 2120 2117
f 2117 2120 2119
f 1873 1874 2121
f 1874 2120 2121
f 1874 2122 2120
f 2123 1874 1875
f 2123 2122 1874
f 2124 1875 1877
f 2124 2123 1875
f 1878 2102 2103
f 2124 1878 2103
f 1877 1878 2124
f 2102 1878 1879
f 2102 1879 2106
f 2106 1879 1880
f 2106 1880 2108
f 2108 1880 1861
f 2127 2126 2125
f 1882 1883 2125
f 1883 2127 2125
f 1883 2128 2127
f 2129 1883 1884
f 2129 2128 1883
f 1885 2117 2118
f 2129 1885 2118
f 1884 1885 2129
f 2117 1885 1886
f 2117 1886 2121
f 2121 1886 1873
f 2132 2131 2130
f 2134 2133 2130
f 2134 2130 2131
f 2136 2135 2133
f 2136 2133 2134
f 2125 2126 2137
f 2137 2126 2138
f 2137 1887 1882
f 2137 1882 2125
f 2140 2139 1888
f 2140 1888 1889
f 1888 2141 1890
f 2139 2141 1888
f 2130 1891 2132
f 1891 2141 2132
f 1891 1890 2141
f 1891 2130 1892
f 1892 2130 2133
f 1892 2133 1893
f 1893 2133 2135
f 2144 2143 2142
f 1895 1896 2142
f 1896 2144 2142
f 1896 2145 2144
f 1897 2137 2138
f 2145 1897 2138
f 1896 1897 2145
f 2137 1897 1887
f 2148 2147 2146
f 1899 1900 2146
f 2147 1899 2146
f 2149 1899 2147
f 1899 2150 1901
f 2149 2150 1899
f 1901 2151 1902
f 2150 2151 1901
f 1889 1902 2140
f 2140 1902 2151
f 2153 2152 1905
f 1905 2152 1904
f 2154 1905 1906
f 2154 2153 1905
f 1908 2142 2143
f 2154 1908 2143
f 1906 1908 2154
f 2142 1908 1895
f 2157 2156 2155
f 1910 1911 2155
f 2156 1910 2155
f 2158 1910 2156
f 1910 2159 1913
f 2158 2159 1910
f 1913 2160 1914
f 2159 2160 1913
f 2146 1915 2148
f 1915 2160 2148
f 1915 1914 2160
f 1915 2146 1900
f 2162 2161 1917
f 2161 1916 1917
f 2161 2163 1916
f 2165 2164 2162
f 2162 2164 2161
f 2167 2166 2165
f 2165 2166 2164
f 2169 2168 2167
f 2167 2168 2166
f 2171 2170 2169
f 2169 2170 2168
f 2173 2172 2171
f 2171 2172 2170
f 2175 2174 2173
f 2173 2174 2172
f 2177 2176 2175
f 2175 2176 2174
f 2179 2178 2177
f 2177 2178 2176
f 2181 2180 2179
f 2179 2180 2178
f 2183 2182 2181
f 2181 2182 2180
f 2185 2184 2183
f 2183 2184 2182
f 2187 2186 2185
f 2185 2186 2184
f 2189 2188 2187
f 2187 2188 2186
f 2191 2190 2189
f 2189 2190 2188
f 1920 1921 2191
f 1921 2190 2191
f 1921 2192 2190
f 1921 1904 2152
f 1921 2152 2192
f 2195 2194 2193
f 2197 2196 2193
f 2197 2193 2194
f 1923 1924 2196
f 2197 1923 2196
f 2198 1923 2197
f 1923 2199 1926
f 2198 2199 1923
f 1926 2200 1927
f 2199 2200 1926
f 1927 2201 1928
f 2200 2201 1927
f 2155 1929 2157
f 1929 2201 2157
f 1929 1928 2201
f 1929 2155 1911
f 2203 2202 1931
f 2203 1931 1932
f 1931 2204 1933
f 2202 2204 1931
f 1934 1933 2204
f 1934 2204 2205
f 1935 2203 1932
f 1935 2206 2203
f 2207 1936 1937
f 2208 2207 1937
f 1934 2208 1937
f 2205 2208 1934
f 2209 2206 1935
f 2209 1935 1938
f 1938 1936 2207
f 2210 1938 2207
f 2209 1938 2210
f 2210 2207 2208
f 2212 2211 1940
f 2212 1940 1941
f 1940 2213 1943
f 2211 2213 1940
f 2215 2214 1944
f 1943 2215 1944
f 2213 2215 1943
f 2217 2216 2214
f 2217 2214 2215
f 2219 2218 2216
f 2219 2216 2217
f 2221 2220 2218
f 2221 2218 2219
f 2223 2222 2220
f 2223 2220 2221
f 2225 2224 2222
f 2225 2222 2223
f 2226 2224 2225
f 2228 2227 1945
f 2228 1945 1946
f 1941 1945 2212
f 2212 1945 2227
f 2214 1947 1944
f 1947 2214 1948
f 1948 2214 2216
f 1948 2216 1949
f 1949 2216 2218
f 1949 2218 1950
f 2218 2229 1950
f 2218 2220 2229
f 2230 2220 2222
f 2229 2220 2230
f 2231 2222 2224
f 2230 2222 2231
f 2224 2226 2232
f 2224 2232 2231
f 1952 2228 1946
f 1952 2233 2228
f 2229 1953 1950
f 1953 2229 1954
f 2229 2234 1954
f 2229 2230 2234
f 2231 2236 2235
f 2234 2231 2235
f 2230 2231 2234
f 2236 2231 2232
f 1956 2233 1952
f 1956 2237 2233
f 2238 1959 2234
f 2234 1959 1954
f 2234 2235 2239
f 2240 2234 2239
f 2238 2234 2240
f 2241 2240 2239
f 2243 2242 1961
f 2243 1961 1962
f 2245 2244 1963
f 1961 2245 1963
f 2242 2245 1961
f 2246 2244 2245
f 1965 2248 2247
f 2237 1965 2247
f 1956 1965 2237
f 2248 2249 2247
f 2250 1967 1968
f 1969 2251 1968
f 1968 2251 2250
f 1970 2252 1969
f 1969 2252 2251
f 1971 2253 1970
f 1970 2253 2252
f 1972 2254 1971
f 1971 2254 2253
f 1959 2238 1972
f 2238 2254 1972
f 2238 2255 2254
f 2256 2238 2240
f 2255 2238 2256
f 2240 2241 2257
f 2258 2240 2257
f 2256 2240 2258
f 2260 2259 2258
f 2260 2258 2257
f 2262 2261 2259
f 2262 2259 2260
f 2264 2263 2261
f 2264 2261 2262
f 2265 2263 2264
f 2266 2243 1962
f 2266 1962 1973
f 1973 1963 2244
f 2267 1973 2244
f 2266 1973 2267
f 2267 2244 2246
f 1975 2248 1965
f 2268 2249 2248
f 1975 2268 2248
f 1977 2268 1975
f 2268 1977 1967
f 2269 2268 1967
f 2250 2269 1967
f 2268 2269 2270
f 2271 2250 2251
f 2269 2250 2271
f 2252 2273 2272
f 2271 2252 2272
f 2251 2252 2271
f 2273 2252 2253
f 2273 2253 2274
f 2274 2253 2254
f 2274 2254 2275
f 2275 2254 2255
f 2275 2255 2276
f 2276 2255 2256
f 2276 2256 2277
f 2277 2256 2258
f 2277 2258 2278
f 2278 2258 2259
f 2278 2259 2279
f 2279 2259 2261
f 2279 2261 2280
f 2280 2261 2263
f 2280 2263 2281
f 2281 2263 2265
f 2284 2283 2282
f 2282 2283 2270
f 2282 2270 2269
f 1981 2282 2269
f 1983 1981 2269
f 1983 2269 1984
f 2269 2285 1984
f 2269 2271 2285
f 2271 2272 2286
f 2287 2271 2286
f 2285 2271 2287
f 2288 2287 2286
f 2291 2290 2289
f 2289 2290 2284
f 2289 2284 2282
f 1988 2289 2282
f 1987 1988 2282
f 1987 2282 1981
f 2285 1990 1984
f 1990 2285 1993
f 1993 2285 2287
f 1994 1993 2287
f 2288 1994 2287
f 2292 1994 2288
f 2291 2294 2293
f 2291 1996 2294
f 2291 2289 1997
f 1996 2291 1997
f 2289 1988 1997
f 2295 2293 2294
f 2297 2000 2296
f 2000 2292 2296
f 2000 1994 2292
f 2298 2297 2296
f 2002 2299 2001
f 2300 2003 2001
f 2300 2001 2299
f 2300 2004 2003
f 2007 2301 2294
f 2007 2294 1996
f 2295 2294 2302
f 2302 2294 2301
f 2303 2009 2008
f 2000 2297 2008
f 2297 2303 2008
f 2297 2304 2303
f 2297 2298 2305
f 2306 2297 2305
f 2304 2297 2306
f 2307 2306 2305
f 2309 2308 2299
f 2002 2309 2299
f 2010 2309 2002
f 2311 2310 2308
f 2310 2299 2308
f 2310 2300 2299
f 2310 2011 2004
f 2310 2004 2300
f 2013 2312 2301
f 2013 2301 2007
f 2302 2301 2313
f 2313 2301 2312
f 2303 2014 2009
f 2014 2303 2016
f 2016 2303 2304
f 2016 2304 2018
f 2018 2304 2306
f 2307 2314 2306
f 2314 2018 2306
f 2314 2020 2018
f 2020 2315 2022
f 2314 2315 2020
f 2317 2316 2023
f 2022 2317 2023
f 2315 2317 2022
f 2318 2316 2317
f 2024 2309 2010
f 2024 2319 2309
f 2311 2320 2310
f 2320 2322 2321
f 2320 2321 2025
f 2310 2320 2025
f 2011 2310 2025
f 2321 2027 2025
f 2324 2323 2030
f 2324 2030 2029
f 2013 2030 2312
f 2030 2325 2312
f 2030 2323 2325
f 2312 2325 2313
f 2316 2031 2023
f 2032 2031 2316
f 2326 2032 2316
f 2318 2326 2316
f 2327 2032 2326
f 2328 2033 2032
f 2328 2032 2327
f 2328 2035 2033
f 2038 2319 2024
f 2038 2329 2319
f 2322 2330 2321
f 2321 2330 2027
f 2330 2039 2027
f 2330 2331 2039
f 2039 2332 2040
f 2331 2332 2039
f 2040 2333 2041
f 2332 2333 2040
f 2029 2041 2324
f 2324 2041 2333
f 2326 2334 2327
f 2327 2334 2328
f 2328 2334 2335
f 2328 2335 2035
f 2335 2042 2035
f 2335 2336 2042
f 2042 2337 2043
f 2336 2337 2042
f 2043 2338 2044
f 2337 2338 2043
f 2044 2339 2045
f 2338 2339 2044
f 2045 2340 2046
f 2339 2340 2045
f 2046 2341 2047
f 2340 2341 2046
f 2047 2342 2048
f 2341 2342 2047
f 2049 2329 2038
f 2049 2343 2329
f 2346 2345 2344
f 2348 2347 2344
f 2344 2347 2346
f 2348 2349 2347
f 2050 2343 2049
f 2050 2350 2343
f 2351 2055 2056
f 2057 2352 2056
f 2056 2352 2351
f 2059 2352 2057
f 2345 2353 2344
f 2344 2353 2348
f 2348 2353 2354
f 2348 2354 2349
f 2356 2355 2060
f 2356 2060 2061
f 2050 2060 2350
f 2350 2060 2355
f 2357 2063 2351
f 2351 2063 2055
f 2358 2351 2352
f 2357 2351 2358
f 2065 2359 2059
f 2359 2352 2059
f 2359 2358 2352
f 2066 2359 2065
f 2068 2360 2067
f 2361 2360 2068
f 2067 2362 2069
f 2360 2362 2067
f 2069 2363 2070
f 2362 2363 2069
f 2070 2364 2071
f 2363 2364 2070
f 2071 2365 2072
f 2364 2365 2071
f 2072 2366 2073
f 2365 2366 2072
f 2073 2367 2074
f 2366 2367 2073
f 2074 2368 2075
f 2367 2368 2074
f 2075 2369 2076
f 2368 2369 2075
f 2076 2370 2077
f 2369 2370 2076
f 2077 2371 2078
f 2370 2371 2077
f 2078 2372 2079
f 2371 2372 2078
f 2061 2079 2356
f 2356 2079 2372
f 2373 2080 2357
f 2357 2080 2063
f 2374 2357 2358
f 2373 2357 2374
f 2082 2374 2081
f 2374 2359 2081
f 2374 2358 2359
f 2081 2359 2066
f 2373 2083 2080
f 2083 2373 2084
f 2084 2373 2374
f 2084 2374 2082
f 2376 2375 2087
f 2087 2375 2086
f 2377 2087 2088
f 2377 2376 2087
f 2088 2090 2377
f 2377 2090 2378
f 2379 2092 2093
f 2380 2379 2093
f 2086 2380 2093
f 2375 2380 2086
f 2094 2382 2381
f 2378 2094 2381
f 2090 2094 2378
f 2382 2383 2381
f 2379 2095 2092
f 2097 2095 2379
f 2380 2097 2379
f 2384 2097 2380
f 2386 2385 2382
f 2094 2386 2382
f 2099 2386 2094
f 2382 2385 2383
f 2384 2387 2097
f 2097 2387 2100
f 2100 2388 2101
f 2387 2388 2100
f 2099 2101 2386
f 2386 2101 2388
f 2391 2390 2389
f 2393 2392 2389
f 2389 2392 2391
f 2395 2394 2393
f 2393 2394 2392
f 2397 2396 2395
f 2395 2396 2394
f 2399 2398 2397
f 2397 2398 2396
f 2401 2400 2399
f 2399 2400 2398
f 2401 2402 2400
f 2405 2404 2403
f 2407 2406 2403
f 2403 2406 2405
f 2103 2104 2407
f 2104 2406 2407
f 2104 2408 2406
f 2409 2104 2105
f 2409 2408 2104
f 2107 2389 2390
f 2409 2107 2390
f 2105 2107 2409
f 2389 2107 2109
f 2389 2109 2393
f 2393 2109 2110
f 2393 2110 2395
f 2395 2110 2111
f 2395 2111 2397
f 2397 2111 2112
f 2397 2112 2399
f 2399 2112 2113
f 2399 2113 2401
f 2410 2402 2401
f 2113 2410 2401
f 2114 2410 2113
f 2411 2114 2115
f 2411 2410 2114
f 2412 2115 2116
f 2412 2411 2115
f 2415 2414 2413
f 2417 2416 2413
f 2413 2416 2415
f 2419 2418 2417
f 2417 2418 2416
f 2118 2119 2419
f 2119 2418 2419
f 2119 2420 2418
f 2421 2119 2120
f 2421 2420 2119
f 2422 2120 2122
f 2422 2421 2120
f 2123 2403 2404
f 2422 2123 2404
f 2122 2123 2422
f 2403 2123 2124
f 2403 2124 2407
f 2407 2124 2103
f 2413 2414 2127
f 2414 2126 2127
f 2414 2423 2126
f 2413 2127 2128
f 2413 2128 2417
f 2417 2128 2129
f 2417 2129 2419
f 2419 2129 2118
f 2426 2425 2424
f 2131 2132 2424
f 2425 2131 2424
f 2427 2131 2425
f 2131 2428 2134
f 2427 2428 2131
f 2134 2429 2136
f 2428 2429 2134
f 2432 2431 2430
f 2423 2432 2430
f 2138 2423 2430
f 2126 2423 2138
f 2434 2433 2139
f 2434 2139 2140
f 2424 2141 2426
f 2141 2433 2426
f 2141 2139 2433
f 2141 2424 2132
f 2437 2436 2435
f 2439 2438 2435
f 2435 2438 2437
f 2143 2144 2439
f 2144 2438 2439
f 2144 2440 2438
f 2145 2430 2431
f 2440 2145 2431
f 2144 2145 2440
f 2430 2145 2138
f 2443 2442 2441
f 2147 2148 2441
f 2442 2147 2441
f 2444 2147 2442
f 2147 2445 2149
f 2444 2445 2147
f 2149 2446 2150
f 2445 2446 2149
f 2150 2447 2151
f 2446 2447 2150
f 2140 2151 2434
f 2434 2151 2447
f 2450 2449 2448
f 2450 2448 2436
f 2436 2448 2435
f 2448 2152 2435
f 2152 2153 2435
f 2435 2153 2154
f 2435 2154 2439
f 2439 2154 2143
f 2453 2452 2451
f 2455 2454 2451
f 2455 2451 2452
f 2156 2157 2454
f 2455 2156 2454
f 2456 2156 2455
f 2156 2457 2158
f 2456 2457 2156
f 2158 2458 2159
f 2457 2458 2158
f 2441 2160 2443
f 2160 2458 2443
f 2160 2159 2458
f 2160 2441 2148
f 2459 2163 2161
f 2459 2460 2163
f 2461 2161 2164
f 2461 2459 2161
f 2462 2164 2166
f 2462 2461 2164
f 2463 2166 2168
f 2463 2462 2166
f 2464 2168 2170
f 2464 2463 2168
f 2465 2170 2172
f 2465 2464 2170
f 2466 2172 2174
f 2466 2465 2172
f 2467 2174 2176
f 2467 2466 2174
f 2468 2176 2178
f 2468 2467 2176
f 2469 2178 2180
f 2469 2468 2178
f 2470 2180 2182
f 2470 2469 2180
f 2471 2182 2184
f 2471 2470 2182
f 2472 2184 2186
f 2472 2471 2184
f 2473 2186 2188
f 2473 2472 2186
f 2474 2188 2190
f 2474 2473 2188
f 2192 2448 2449
f 2474 2192 2449
f 2190 2192 2474
f 2448 2192 2152
f 2477 2476 2475
f 2194 2195 2475
f 2476 2194 2475
f 2478 2194 2476
f 2194 2479 2197
f 2478 2479 2194
f 2197 2480 2198
f 2479 2480 2197
f 2198 2481 2199
f 2480 2481 2198
f 2451 2200 2453
f 2200 2481 2453
f 2200 2199 2481
f 2200 2451 2201
f 2201 2451 2454
f 2201 2454 2157
f 2203 2482 2202
f 2483 2204 2202
f 2483 2202 2482
f 2483 2205 2204
f 2485 2484 2482
f 2203 2485 2482
f 2206 2485 2203
f 2482 2484 2483
f 2483 2484 2486
f 2205 2483 2486
f 2487 2205 2486
f 2208 2205 2487
f 2490 2489 2488
f 2491 2488 2489
f 2492 2485 2206
f 2492 2206 2209
f 2493 2209 2210
f 2493 2492 2209
f 2210 2208 2487
f 2210 2487 2493
f 2495 2494 2211
f 2495 2211 2212
f 2211 2496 2213
f 2494 2496 2211
f 2488 2215 2490
f 2215 2496 2490
f 2215 2213 2496
f 2491 2497 2488
f 2497 2215 2488
f 2497 2217 2215
f 2217 2498 2219
f 2497 2498 2217
f 2219 2499 2221
f 2498 2499 2219
f 2221 2500 2223
f 2499 2500 2221
f 2500 2502 2501
f 2225 2500 2501
f 2223 2500 2225
f 2501 2226 2225
f 2228 2503 2227
f 2503 2504 2227
f 2504 2212 2227
f 2504 2495 2212
f 2502 2505 2501
f 2226 2501 2505
f 2506 2226 2505
f 2232 2226 2506
f 2508 2507 2503
f 2228 2508 2503
f 2233 2508 2228
f 2503 2507 2504
f 2509 2235 2236
f 2510 2509 2236
f 2232 2510 2236
f 2506 2510 2232
f 2513 2512 2511
f 2515 2514 2511
f 2515 2511 2512
f 2516 2514 2515
f 2237 2508 2233
f 2237 2517 2508
f 2509 2239 2235
f 2519 2518 2241
f 2519 2241 2239
f 2510 2519 2239
f 2509 2510 2239
f 2520 2518 2519
f 2523 2522 2521
f 2521 2522 2513
f 2521 2513 2511
f 2243 2521 2511
f 2242 2243 2511
f 2242 2511 2245
f 2245 2511 2514
f 2246 2245 2514
f 2516 2246 2514
f 2524 2246 2516
f 2237 2247 2525
f 2526 2237 2525
f 2517 2237 2526
f 2249 2525 2247
f 2518 2257 2241
f 2520 2527 2518
f 2527 2257 2518
f 2527 2260 2257
f 2527 2529 2528
f 2262 2527 2528
f 2260 2527 2262
f 2530 2264 2262
f 2530 2262 2528
f 2530 2265 2264
f 2531 2523 2521
f 2531 2521 2243
f 2266 2531 2243
f 2532 2531 2266
f 2533 2266 2267
f 2533 2532 2266
f 2267 2246 2524
f 2267 2524 2533
f 2534 2526 2525
f 2536 2534 2535
f 2535 2534 2268
f 2534 2525 2268
f 2525 2249 2268
f 2270 2535 2268
f 2537 2272 2273
f 2274 2538 2273
f 2273 2538 2537
f 2275 2539 2274
f 2274 2539 2538
f 2276 2540 2275
f 2275 2540 2539
f 2277 2541 2276
f 2276 2541 2540
f 2278 2542 2277
f 2277 2542 2541
f 2279 2543 2278
f 2278 2543 2542
f 2529 2544 2528
f 2544 2279 2528
f 2279 2280 2528
f 2279 2544 2543
f 2528 2280 2281
f 2528 2281 2530
f 2530 2281 2265
f 2536 2535 2283
f 2284 2536 2283
f 2545 2536 2284
f 2283 2535 2270
f 2537 2286 2272
f 2286 2537 2288
f 2537 2546 2288
f 2537 2538 2546
f 2547 2538 2539
f 2546 2538 2547
f 2548 2539 2540
f 2547 2539 2548
f 2549 2540 2541
f 2548 2540 2549
f 2550 2541 2542
f 2549 2541 2550
f 2551 2542 2543
f 2550 2542 2551
f 2543 2544 2552
f 2543 2552 2551
f 2291 2553 2290
f 2553 2554 2290
f 2554 2284 2290
f 2554 2545 2284
f 2555 2292 2546
f 2546 2292 2288
f 2556 2546 2547
f 2555 2546 2556
f 2557 2547 2548
f 2556 2547 2557
f 2558 2548 2549
f 2557 2548 2558
f 2559 2549 2550
f 2558 2549 2559
f 2551 2561 2560
f 2559 2551 2560
f 2550 2551 2559
f 2561 2551 2552
f 2293 2553 2291
f 2293 2295 2553
f 2295 2554 2553
f 2295 2562 2554
f 2555 2296 2292
f 2296 2555 2298
f 2555 2563 2298
f 2555 2556 2563
f 2557 2565 2564
f 2563 2557 2564
f 2556 2557 2563
f 2565 2557 2558
f 2565 2558 2566
f 2566 2558 2559
f 2566 2559 2567
f 2567 2559 2560
f 2302 2562 2295
f 2302 2568 2562
f 2563 2305 2298
f 2570 2569 2307
f 2570 2307 2305
f 2564 2570 2305
f 2563 2564 2305
f 2571 2569 2570
f 2309 2572 2308
f 2572 2311 2308
f 2313 2568 2302
f 2313 2573 2568
f 2569 2314 2307
f 2315 2314 2569
f 2574 2315 2569
f 2571 2574 2569
f 2575 2315 2574
f 2576 2317 2315
f 2576 2315 2575
f 2576 2318 2317
f 2319 2577 2572
f 2319 2572 2309
f 2578 2320 2311
f 2572 2578 2311
f 2577 2578 2572
f 2578 2322 2320
f 2324 2579 2323
f 2323 2579 2580
f 2581 2323 2580
f 2325 2323 2581
f 2313 2325 2573
f 2573 2325 2581
f 2575 2574 2582
f 2582 2574 2583
f 2575 2584 2576
f 2575 2582 2584
f 2584 2326 2318
f 2584 2318 2576
f 2329 2585 2577
f 2329 2577 2319
f 2577 2586 2578
f 2577 2585 2586
f 2578 2586 2322
f 2586 2587 2322
f 2587 2330 2322
f 2586 2588 2587
f 2330 2589 2331
f 2587 2589 2330
f 2331 2590 2332
f 2589 2590 2331
f 2332 2591 2333
f 2590 2591 2332
f 2324 2333 2579
f 2333 2592 2579
f 2333 2591 2592
f 2579 2592 2580
f 2583 2593 2582
f 2582 2593 2584
f 2584 2593 2594
f 2584 2594 2326
f 2594 2334 2326
f 2594 2595 2334
f 2334 2596 2335
f 2595 2596 2334
f 2335 2597 2336
f 2596 2597 2335
f 2336 2598 2337
f 2597 2598 2336
f 2337 2599 2338
f 2598 2599 2337
f 2338 2600 2339
f 2599 2600 2338
f 2339 2601 2340
f 2600 2601 2339
f 2340 2602 2341
f 2601 2602 2340
f 2341 2603 2342
f 2602 2603 2341
f 2343 2604 2585
f 2343 2585 2329
f 2585 2605 2586
f 2585 2604 2605
f 2588 2586 2606
f 2606 2586 2605
f 2609 2608 2607
f 2611 2610 2607
f 2607 2610 2609
f 2345 2346 2612
f 2610 2611 2613
f 2347 2614 2346
f 2346 2614 2612
f 2349 2614 2347
f 2350 2615 2604
f 2350 2604 2343
f 2617 2605 2616
f 2605 2615 2616
f 2605 2604 2615
f 2605 2617 2606
f 2608 2618 2607
f 2607 2618 2611
f 2611 2618 2619
f 2612 2353 2345
f 2619 2613 2611
f 2353 2612 2354
f 2354 2612 2614
f 2354 2614 2349
f 2621 2620 2355
f 2621 2355 2356
f 2350 2355 2615
f 2355 2622 2615
f 2355 2620 2622
f 2615 2622 2616
f 2361 2623 2360
f 2624 2623 2361
f 2360 2625 2362
f 2623 2625 2360
f 2362 2626 2363
f 2625 2626 2362
f 2363 2627 2364
f 2626 2627 2363
f 2364 2628 2365
f 2627 2628 2364
f 2365 2629 2366
f 2628 2629 2365
f 2366 2630 2367
f 2629 2630 2366
f 2367 2631 2368
f 2630 2631 2367
f 2368 2632 2369
f 2631 2632 2368
f 2369 2633 2370
f 2632 2633 2369
f 2370 2634 2371
f 2633 2634 2370
f 2371 2635 2372
f 2634 2635 2371
f 2356 2372 2621
f 2621 2372 2635
f 2638 2637 2636
f 2640 2639 2636
f 2636 2639 2638
f 2642 2641 2640
f 2640 2641 2639
f 2644 2643 2642
f 2642 2643 2641
f 2644 2645 2643
f 2637 2646 2636
f 2648 2647 2646
f 2647 2636 2646
f 2647 2640 2636
f 2640 2649 2642
f 2640 2647 2649
f 2642 2650 2644
f 2642 2649 2650
f 2645 2644 2651
f 2651 2644 2650
f 2652 2375 2376
f 2377 2653 2376
f 2376 2653 2652
f 2378 2653 2377
f 2648 2654 2647
f 2656 2655 2654
f 2655 2647 2654
f 2655 2649 2647
f 2658 2650 2657
f 2650 2655 2657
f 2650 2649 2655
f 2650 2658 2651
f 2659 2380 2652
f 2652 2380 2375
f 2653 2661 2660
f 2659 2653 2660
f 2652 2653 2659
f 2661 2653 2378
f 2381 2661 2378
f 2662 2661 2381
f 2381 2383 2662
f 2662 2383 2663
f 2656 2664 2655
f 2655 2664 2657
f 2665 2384 2659
f 2659 2384 2380
f 2659 2660 2666
f 2667 2659 2666
f 2665 2659 2667
f 2385 2386 2667
f 2666 2385 2667
f 2668 2385 2666
f 2383 2385 2663
f 2663 2385 2668
f 2665 2387 2384
f 2387 2665 2388
f 2388 2665 2667
f 2388 2667 2386
f 2671 2670 2669
f 2673 2672 2669
f 2669 2672 2671
f 2675 2674 2673
f 2673 2674 2672
f 2677 2676 2675
f 2675 2676 2674
f 2390 2391 2677
f 2391 2676 2677
f 2391 2678 2676
f 2679 2391 2392
f 2679 2678 2391
f 2680 2392 2394
f 2680 2679 2392
f 2681 2394 2396
f 2681 2680 2394
f 2682 2396 2398
f 2682 2681 2396
f 2684 2682 2683
f 2682 2400 2683
f 2682 2398 2400
f 2402 2683 2400
f 2687 2686 2685
f 2689 2688 2685
f 2685 2688 2687
f 2691 2690 2689
f 2689 2690 2688
f 2691 2692 2690
f 2695 2694 2693
f 2697 2696 2693
f 2693 2696 2695
f 2696 2697 2670
f 2670 2697 2669
f 2697 2404 2669
f 2404 2405 2669
f 2669 2405 2406
f 2669 2406 2673
f 2673 2406 2408
f 2673 2408 2675
f 2675 2408 2409
f 2675 2409 2677
f 2677 2409 2390
f 2698 2684 2683
f 2698 2683 2402
f 2410 2698 2402
f 2699 2698 2410
f 2700 2410 2411
f 2700 2699 2410
f 2701 2411 2412
f 2701 2700 2411
f 2686 2702 2685
f 2704 2703 2702
f 2703 2685 2702
f 2703 2689 2685
f 2689 2705 2691
f 2689 2703 2705
f 2415 2706 2414
f 2706 2691 2414
f 2691 2705 2414
f 2691 2706 2692
f 2707 2415 2416
f 2707 2706 2415
f 2708 2416 2418
f 2708 2707 2416
f 2709 2418 2420
f 2709 2708 2418
f 2421 2693 2694
f 2709 2421 2694
f 2420 2421 2709
f 2693 2421 2422
f 2693 2422 2697
f 2697 2422 2404
f 2704 2710 2703
f 2703 2710 2705
f 2705 2710 2711
f 2414 2705 2711
f 2712 2414 2711
f 2423 2414 2712
f 2715 2714 2713
f 2425 2426 2713
f 2714 2425 2713
f 2716 2425 2714
f 2425 2717 2427
f 2716 2717 2425
f 2427 2718 2428
f 2717 2718 2427
f 2428 2719 2429
f 2718 2719 2428
f 2722 2721 2720
f 2431 2432 2720
f 2432 2722 2720
f 2432 2723 2722
f 2432 2423 2712
f 2432 2712 2723
f 2726 2725 2724
f 2724 2725 2715
f 2724 2715 2713
f 2434 2724 2713
f 2433 2434 2713
f 2433 2713 2426
f 2729 2728 2727
f 2436 2437 2727
f 2437 2729 2727
f 2437 2730 2729
f 2731 2437 2438
f 2731 2730 2437
f 2440 2720 2721
f 2731 2440 2721
f 2438 2440 2731
f 2720 2440 2431
f 2734 2733 2732
f 2736 2735 2732
f 2736 2732 2733
f 2442 2443 2735
f 2736 2442 2735
f 2737 2442 2736
f 2442 2738 2444
f 2737 2738 2442
f 2444 2739 2445
f 2738 2739 2444
f 2445 2740 2446
f 2739 2740 2445
f 2724 2447 2726
f 2447 2740 2726
f 2447 2446 2740
f 2447 2724 2434
f 2743 2742 2741
f 2741 2742 2744
f 2746 2745 2743
f 2743 2745 2742
f 2748 2747 2746
f 2746 2747 2745
f 2750 2749 2748
f 2748 2749 2747
f 2750 2751 2749
f 2754 2753 2752
f 2756 2755 2752
f 2752 2755 2754
f 2755 2756 2728
f 2728 2756 2727
f 2756 2449 2727
f 2449 2450 2727
f 2727 2450 2436
f 2759 2758 2757
f 2761 2760 2757
f 2761 2757 2758
f 2452 2453 2760
f 2761 2452 2760
f 2762 2452 2761
f 2452 2763 2455
f 2762 2763 2452
f 2455 2764 2456
f 2763 2764 2455
f 2732 2457 2734
f 2457 2764 2734
f 2457 2456 2764
f 2457 2732 2458
f 2458 2732 2735
f 2458 2735 2443
f 2741 2460 2459
f 2741 2459 2743
f 2743 2459 2461
f 2743 2461 2746
f 2746 2461 2462
f 2746 2462 2748
f 2748 2462 2463
f 2748 2463 2750
f 2765 2751 2750
f 2463 2765 2750
f 2464 2765 2463
f 2766 2464 2465
f 2766 2765 2464
f 2767 2465 2466
f 2767 2766 2465
f 2768 2466 2467
f 2768 2767 2466
f 2769 2467 2468
f 2769 2768 2467
f 2770 2468 2469
f 2770 2769 2468
f 2771 2469 2470
f 2771 2770 2469
f 2772 2470 2471
f 2772 2771 2470
f 2773 2471 2472
f 2773 2772 2471
f 2473 2752 2753
f 2773 2473 2753
f 2472 2473 2773
f 2752 2473 2474
f 2752 2474 2756
f 2756 2474 2449
f 2775 2774 2476
f 2775 2476 2477
f 2476 2776 2478
f 2774 2776 2476
f 2478 2777 2479
f 2776 2777 2478
f 2757 2480 2759
f 2480 2777 2759
f 2480 2479 2777
f 2480 2757 2481
f 2481 2757 2760
f 2481 2760 2453
f 2485 2778 2484
f 2779 2486 2484
f 2779 2484 2778
f 2779 2487 2486
f 2781 2780 2489
f 2781 2489 2490
f 2491 2489 2780
f 2491 2780 2782
f 2492 2778 2485
f 2778 2492 2493
f 2778 2493 2779
f 2779 2493 2487
f 2784 2783 2494
f 2784 2494 2495
f 2494 2785 2496
f 2783 2785 2494
f 2490 2496 2781
f 2781 2496 2785
f 2782 2786 2491
f 2491 2786 2497
f 2497 2787 2498
f 2786 2787 2497
f 2498 2788 2499
f 2787 2788 2498
f 2788 2790 2789
f 2500 2788 2789
f 2499 2788 2500
f 2789 2502 2500
f 2793 2792 2791
f 2794 2791 2792
f 2504 2784 2495
f 2504 2795 2784
f 2790 2796 2789
f 2796 2798 2797
f 2796 2797 2505
f 2789 2796 2505
f 2502 2789 2505
f 2797 2506 2505
f 2793 2791 2799
f 2793 2799 2800
f 2791 2794 2801
f 2791 2801 2799
f 2508 2802 2507
f 2802 2803 2507
f 2803 2504 2507
f 2803 2795 2504
f 2797 2798 2804
f 2804 2798 2805
f 2804 2510 2506
f 2804 2506 2797
f 2800 2799 2512
f 2513 2800 2512
f 2806 2800 2513
f 2801 2807 2799
f 2807 2512 2799
f 2807 2515 2512
f 2516 2515 2807
f 2516 2807 2808
f 2517 2809 2802
f 2517 2802 2508
f 2803 2802 2810
f 2810 2802 2809
f 2805 2811 2804
f 2811 2813 2812
f 2811 2812 2519
f 2804 2811 2519
f 2510 2804 2519
f 2812 2520 2519
f 2523 2814 2522
f 2814 2815 2522
f 2815 2513 2522
f 2815 2806 2513
f 2817 2524 2816
f 2524 2808 2816
f 2524 2516 2808
f 2818 2817 2816
f 2526 2819 2809
f 2526 2809 2517
f 2810 2809 2820
f 2820 2809 2819
f 2813 2821 2812
f 2821 2823 2822
f 2821 2822 2527
f 2812 2821 2527
f 2520 2812 2527
f 2822 2529 2527
f 2531 2814 2523
f 2824 2815 2814
f 2531 2824 2814
f 2532 2824 2531
f 2825 2532 2533
f 2825 2824 2532
f 2533 2524 2817
f 2826 2533 2817
f 2825 2533 2826
f 2826 2817 2818
f 2534 2819 2526
f 2534 2536 2819
f 2536 2820 2819
f 2536 2827 2820
f 2823 2828 2822
f 2529 2822 2828
f 2829 2529 2828
f 2544 2529 2829
f 2545 2831 2830
f 2827 2545 2830
f 2536 2545 2827
f 2831 2832 2830
f 2829 2552 2544
f 2833 2552 2829
f 2554 2834 2831
f 2554 2831 2545
f 2832 2831 2835
f 2835 2831 2834
f 2837 2836 2561
f 2561 2836 2560
f 2561 2552 2833
f 2561 2833 2837
f 2562 2838 2834
f 2562 2834 2554
f 2835 2834 2839
f 2839 2834 2838
f 2840 2564 2565
f 2840 2565 2841
f 2565 2842 2841
f 2565 2566 2842
f 2843 2566 2567
f 2843 2842 2566
f 2567 2560 2836
f 2567 2836 2843
f 2568 2844 2838
f 2568 2838 2562
f 2839 2838 2845
f 2845 2838 2844
f 2570 2564 2840
f 2848 2847 2846
f 2571 2846 2847
f 2571 2841 2846
f 2571 2570 2840
f 2841 2571 2840
f 2850 2849 2844
f 2568 2850 2844
f 2573 2850 2568
f 2844 2849 2845
f 2847 2848 2851
f 2851 2848 2852
f 2851 2574 2571
f 2851 2571 2847
f 2580 2853 2581
f 2853 2854 2581
f 2854 2573 2581
f 2854 2850 2573
f 2851 2852 2855
f 2855 2852 2856
f 2855 2583 2574
f 2855 2574 2851
f 2588 2857 2587
f 2858 2589 2587
f 2858 2587 2857
f 2589 2858 2859
f 2860 2589 2859
f 2590 2589 2860
f 2860 2862 2861
f 2591 2860 2861
f 2590 2860 2591
f 2863 2592 2591
f 2863 2591 2861
f 2863 2864 2592
f 2592 2864 2580
f 2864 2865 2580
f 2865 2853 2580
f 2853 2865 2854
f 2856 2866 2855
f 2855 2866 2583
f 2866 2593 2583
f 2866 2867 2593
f 2593 2868 2594
f 2867 2868 2593
f 2594 2869 2595
f 2868 2869 2594
f 2595 2870 2596
f 2869 2870 2595
f 2596 2871 2597
f 2870 2871 2596
f 2597 2872 2598
f 2871 2872 2597
f 2598 2873 2599
f 2872 2873 2598
f 2599 2874 2600
f 2873 2874 2599
f 2600 2875 2601
f 2874 2875 2600
f 2601 2876 2602
f 2875 2876 2601
f 2602 2877 2603
f 2876 2877 2602
f 2606 2878 2857
f 2606 2857 2588
f 2880 2858 2879
f 2858 2878 2879
f 2858 2857 2878
f 2858 2880 2859
f 2862 2881 2861
f 2861 2881 2863
f 2863 2881 2882
f 2863 2882 2864
f 2885 2884 2883
f 2887 2886 2883
f 2883 2886 2885
f 2608 2609 2888
f 2886 2887 2889
f 2610 2890 2609
f 2609 2890 2888
f 2613 2890 2610
f 2616 2891 2617
f 2891 2892 2617
f 2617 2892 2606
f 2892 2893 2606
f 2893 2878 2606
f 2878 2893 2879
f 2884 2894 2883
f 2883 2894 2887
f 2887 2894 2895
f 2888 2618 2608
f 2895 2889 2887
f 2618 2888 2619
f 2619 2888 2890
f 2619 2890 2613
f 2898 2897 2896
f 2620 2621 2896
f 2897 2620 2896
f 2899 2620 2897
f 2620 2900 2622
f 2899 2900 2620
f 2616 2622 2891
f 2622 2901 2891
f 2622 2900 2901
f 2891 2901 2892
f 2624 2902 2623
f 2903 2902 2624
f 2623 2904 2625
f 2902 2904 2623
f 2625 2905 2626
f 2904 2905 2625
f 2626 2906 2627
f 2905 2906 2626
f 2627 2907 2628
f 2906 2907 2627
f 2628 2908 2629
f 2907 2908 2628
f 2629 2909 2630
f 2908 2909 2629
f 2630 2910 2631
f 2909 2910 2630
f 2631 2911 2632
f 2910 2911 2631
f 2632 2912 2633
f 2911 2912 2632
f 2633 2913 2634
f 2912 2913 2633
f 2896 2635 2898
f 2635 2913 2898
f 2635 2634 2913
f 2635 2896 2621
f 2916 2915 2914
f 2918 2917 2914
f 2914 2917 2916
f 2920 2919 2918
f 2918 2919 2917
f 2922 2921 2920
f 2920 2921 2919
f 2924 2923 2922
f 2922 2923 2921
f 2926 2925 2924
f 2924 2925 2923
f 2928 2927 2926
f 2926 2927 2925
f 2930 2929 2928
f 2928 2929 2927
f 2930 2931 2929
f 2934 2933 2932
f 2932 2933 2935
f 2937 2936 2934
f 2934 2936 2933
f 2936 2937 2915
f 2937 2914 2915
f 2937 2938 2914
f 2914 2939 2918
f 2914 2938 2939
f 2918 2940 2920
f 2918 2939 2940
f 2920 2941 2922
f 2920 2940 2941
f 2941 2637 2638
f 2924 2941 2638
f 2922 2941 2924
f 2924 2638 2639
f 2924 2639 2926
f 2926 2639 2641
f 2926 2641 2928
f 2928 2641 2643
f 2928 2643 2930
f 2943 2942 2645
f 2645 2942 2643
f 2942 2931 2643
f 2931 2930 2643
f 2943 2944 2942
f 2932 2945 2934
f 2932 2946 2945
f 2934 2947 2937
f 2934 2945 2947
f 2937 2948 2938
f 2937 2947 2948
f 2938 2949 2939
f 2938 2948 2949
f 2939 2950 2940
f 2939 2949 2950
f 2940 2951 2941
f 2940 2950 2951
f 2952 2646 2637
f 2941 2952 2637
f 2951 2952 2941
f 2952 2648 2646
f 2651 2953 2943
f 2651 2943 2645
f 2944 2943 2954
f 2954 2943 2953
f 2946 2955 2945
f 2945 2955 2956
f 2945 2956 2947
f 2947 2956 2957
f 2947 2957 2948
f 2948 2957 2958
f 2960 2959 2958
f 2959 2948 2958
f 2959 2949 2948
f 2949 2961 2950
f 2949 2959 2961
f 2950 2962 2951
f 2950 2961 2962
f 2951 2963 2952
f 2951 2962 2963
f 2964 2654 2648
f 2952 2964 2648
f 2963 2964 2952
f 2964 2656 2654
f 2657 2965 2658
f 2965 2966 2658
f 2658 2966 2651
f 2966 2967 2651
f 2967 2953 2651
f 2953 2967 2954
f 2968 2660 2661
f 2662 2969 2661
f 2661 2969 2968
f 2663 2969 2662
f 2960 2970 2959
f 2959 2970 2961
f 2961 2970 2971
f 2961 2971 2962
f 2962 2971 2972
f 2962 2972 2963
f 2963 2972 2973
f 2963 2973 2964
f 2964 2973 2974
f 2964 2974 2656
f 2974 2664 2656
f 2974 2975 2664
f 2657 2664 2965
f 2664 2976 2965
f 2664 2975 2976
f 2965 2976 2966
f 2968 2666 2660
f 2666 2968 2668
f 2668 2968 2969
f 2668 2969 2663
f 2979 2978 2977
f 2981 2980 2977
f 2977 2980 2979
f 2670 2671 2981
f 2671 2980 2981
f 2671 2982 2980
f 2983 2671 2672
f 2983 2982 2671
f 2984 2672 2674
f 2984 2983 2672
f 2985 2674 2676
f 2985 2984 2674
f 2986 2676 2678
f 2986 2985 2676
f 2987 2678 2679
f 2987 2986 2678
f 2988 2679 2680
f 2988 2987 2679
f 2990 2988 2989
f 2988 2681 2989
f 2988 2680 2681
f 2682 2991 2681
f 2681 2991 2989
f 2684 2991 2682
f 2994 2993 2992
f 2686 2687 2992
f 2687 2994 2992
f 2687 2995 2994
f 2996 2687 2688
f 2996 2995 2687
f 2997 2688 2690
f 2997 2996 2688
f 2999 2998 2692
f 2998 2690 2692
f 2998 2997 2690
f 3001 3000 2999
f 2999 3000 2998
f 3003 3002 3001
f 3001 3002 3000
f 3005 3004 3003
f 3003 3004 3002
f 3004 3005 2978
f 2978 3005 2977
f 3005 2694 2977
f 2694 2695 2977
f 2977 2695 2696
f 2977 2696 2981
f 2981 2696 2670
f 3006 2990 2989
f 3006 2989 2991
f 3006 2991 3007
f 3007 2991 2684
f 2698 3007 2684
f 3008 3007 2698
f 3009 2698 2699
f 3009 3008 2698
f 3010 2699 2700
f 3010 3009 2699
f 3011 2700 2701
f 3011 3010 2700
f 2993 3012 2992
f 2992 3012 2686
f 3012 2702 2686
f 3012 3013 2702
f 3015 3014 2704
f 2702 3015 2704
f 3013 3015 2702
f 3017 3016 3014
f 3017 3014 3015
f 2999 3018 2706
f 3018 2999 3017
f 2692 3017 2999
f 3017 2692 3016
f 2706 3016 2692
f 3016 2706 3018
f 2999 2706 2707
f 2999 2707 3001
f 3001 2707 2708
f 3001 2708 3003
f 3003 2708 2709
f 3003 2709 3005
f 3005 2709 2694
f 3014 2710 2704
f 2710 3014 2711
f 2711 3014 3016
f 2712 2711 3016
f 3018 2712 3016
f 3019 2712 3018
f 2715 3020 2714
f 3021 2716 2714
f 3021 2714 3020
f 3022 2717 2716
f 3022 2716 3021
f 3023 2718 2717
f 3023 2717 3022
f 3024 2719 2718
f 3024 2718 3023
f 3027 3026 3025
f 2721 2722 3025
f 2722 3027 3025
f 2722 3028 3027
f 3029 2722 2723
f 3029 3028 2722
f 2723 2712 3019
f 2723 3019 3029
f 2726 3030 2725
f 3030 3031 2725
f 2725 3031 2715
f 3031 3032 2715
f 3032 3020 2715
f 3020 3032 3021
f 3021 3032 3033
f 3021 3033 3022
f 3022 3033 3034
f 3022 3034 3023
f 3023 3034 3035
f 3023 3035 3024
f 3024 3035 3036
f 3038 3037 2729
f 2729 3037 2728
f 3039 2729 2730
f 3039 3038 2729
f 2731 3025 3026
f 3039 2731 3026
f 2730 2731 3039
f 3025 2731 2721
f 3042 3041 3040
f 3044 3043 3040
f 3044 3040 3041
f 3046 3045 3043
f 3046 3043 3044
f 2733 2734 3045
f 3046 2733 3045
f 3047 2733 3046
f 2733 3048 2736
f 3047 3048 2733
f 2736 3049 2737
f 3048 3049 2736
f 2737 3050 2738
f 3049 3050 2737
f 2738 3051 2739
f 3050 3051 2738
f 2739 3052 2740
f 3051 3052 2739
f 2726 2740 3030
f 2740 3053 3030
f 2740 3052 3053
f 3030 3053 3031
f 3054 2744 2742
f 3054 3055 2744
f 3056 2742 2745
f 3056 3054 2742
f 3057 2745 2747
f 3057 3056 2745
f 3058 2747 2749
f 3058 3057 2747
f 3060 3059 2751
f 3059 2749 2751
f 3059 3058 2749
f 3062 3061 3060
f 3060 3061 3059
f 3064 3063 3062
f 3062 3063 3061
f 3066 3065 3064
f 3064 3065 3063
f 3068 3067 3066
f 3066 3067 3065
f 3070 3069 3068
f 3068 3069 3067
f 3072 3071 3070
f 3070 3071 3069
f 3074 3073 3072
f 3072 3073 3071
f 3076 3075 3074
f 3074 3075 3073
f 2753 2754 3076
f 2754 3075 3076
f 2754 3077 3075
f 3078 2754 2755
f 3078 3077 2754
f 2755 2728 3037
f 2755 3037 3078
f 3081 3080 3079
f 2758 2759 3079
f 3080 2758 3079
f 3082 2758 3080
f 2758 3083 2761
f 3082 3083 2758
f 3040 2762 3042
f 2762 3083 3042
f 2762 2761 3083
f 2762 3040 2763
f 2763 3040 3043
f 2763 3043 2764
f 2764 3043 3045
f 2764 3045 2734
f 2765 3060 2751
f 3060 2765 2766
f 3060 2766 3062
f 3062 2766 2767
f 3062 2767 3064
f 3064 2767 2768
f 3064 2768 3066
f 3066 2768 2769
f 3066 2769 3068
f 3068 2769 2770
f 3068 2770 3070
f 3070 2770 2771
f 3070 2771 3072
f 3072 2771 2772
f 3072 2772 3074
f 3074 2772 2773
f 3074 2773 3076
f 3076 2773 2753
f 3085 3084 2774
f 3085 2774 2775
f 2774 3086 2776
f 3084 3086 2774
f 3079 2777 3081
f 2777 3086 3081
f 2777 2776 3086
f 2777 3079 2759
f 2781 3087 2780
f 3087 2782 2780
f 2784 3088 2783
f 2783 3088 3089
f 3090 2783 3089
f 2785 2783 3090
f 2781 2785 3087
f 2785 3091 3087
f 2785 3090 3091
f 3087 3091 2782
f 3091 2786 2782
f 3091 3092 2786
f 2786 3093 2787
f 3092 3093 2786
f 3093 3095 3094
f 2788 3093 3094
f 2787 3093 2788
f 3094 2790 2788
f 3097 3096 2792
f 3097 2792 2793
f 3099 3098 2794
f 2792 3099 2794
f 3096 3099 2792
f 3100 3098 3099
f 2795 3101 3088
f 2795 3088 2784
f 3089 3088 3102
f 3102 3088 3101
f 3095 3103 3094
f 3103 3105 3104
f 3103 3104 2796
f 3094 3103 2796
f 2790 3094 2796
f 3104 2798 2796
f 2800 3097 2793
f 2800 3106 3097
f 3107 2801 3098
f 3098 2801 2794
f 3098 3100 3108
f 3098 3108 3107
f 2803 3109 3101
f 2803 3101 2795
f 3102 3101 3110
f 3110 3101 3109
f 3105 3111 3104
f 2798 3104 3111
f 3112 2798 3111
f 2805 2798 3112
f 2806 3106 2800
f 2806 3113 3106
f 3107 2807 2801
f 2808 2807 3107
f 3108 2808 3107
f 3114 2808 3108
f 2810 3115 3109
f 2810 3109 2803
f 3110 3109 3116
f 3116 3109 3115
f 2811 2805 3117
f 2805 3118 3117
f 2805 3112 3118
f 3117 2813 2811
f 2815 3120 3119
f 3113 2815 3119
f 2806 2815 3113
f 3122 3121 3120
f 3120 3121 3119
f 3122 3123 2816
f 3114 3122 2816
f 2808 3114 2816
f 3122 3114 3121
f 3123 2818 2816
f 2820 3124 3115
f 2820 3115 2810
f 3116 3115 3125
f 3125 3115 3124
f 3118 3126 3117
f 3126 3128 3127
f 3126 3127 2821
f 3117 3126 2821
f 2813 3117 2821
f 3127 2823 2821
f 2824 3120 2815
f 3120 2824 2825
f 3120 2825 3122
f 3122 2825 2826
f 3122 2826 3123
f 3123 2826 2818
f 2827 3129 3124
f 2827 3124 2820
f 3125 3124 3130
f 3130 3124 3129
f 3128 3131 3127
f 3131 3133 3132
f 3131 3132 2828
f 3127 3131 2828
f 2823 3127 2828
f 3132 2829 2828
f 2830 3129 2827
f 2830 2832 3129
f 2832 3130 3129
f 2832 3134 3130
f 3132 3133 3135
f 3135 3133 3136
f 3135 2833 2829
f 3135 2829 3132
f 2835 3134 2832
f 2835 3137 3134
f 3135 3136 2837
f 3136 2836 2837
f 3136 3138 2836
f 3135 2837 2833
f 2839 3137 2835
f 2839 3139 3137
f 3141 3140 2842
f 2842 3140 2841
f 3142 2842 2843
f 3142 3141 2842
f 2843 2836 3138
f 2843 3138 3142
f 2845 3139 2839
f 2845 3143 3139
f 3146 3145 3144
f 2848 2846 3144
f 2846 3146 3144
f 2846 3147 3146
f 2846 2841 3140
f 2846 3140 3147
f 2850 3148 2849
f 3148 3149 2849
f 3149 2845 2849
f 3149 3143 2845
f 3152 3151 3150
f 3152 3150 3145
f 3150 3144 3145
f 3150 3153 3144
f 3153 2852 2848
f 3153 2848 3144
f 2854 3154 3148
f 2854 3148 2850
f 3149 3148 3155
f 3155 3148 3154
f 3150 3151 3156
f 3156 3151 3157
f 3150 3158 3153
f 3150 3156 3158
f 3158 2856 2852
f 3158 2852 3153
f 3161 3160 3159
f 3163 3162 3159
f 3163 3159 3160
f 3164 3162 3163
f 2859 3165 2860
f 3165 2862 2860
f 2864 3166 2865
f 3154 2854 2865
f 3166 3154 2865
f 3167 3154 3166
f 3155 3154 3168
f 3168 3154 3167
f 3157 3169 3156
f 3156 3169 3158
f 3158 3169 3170
f 3158 3170 2856
f 3170 2866 2856
f 3170 3171 2866
f 2866 3172 2867
f 3171 3172 2866
f 2867 3173 2868
f 3172 3173 2867
f 2868 3174 2869
f 3173 3174 2868
f 2869 3175 2870
f 3174 3175 2869
f 2870 3176 2871
f 3175 3176 2870
f 2871 3177 2872
f 3176 3177 2871
f 2872 3178 2873
f 3177 3178 2872
f 3159 2874 3161
f 2874 3178 3161
f 2874 2873 3178
f 2874 3159 2875
f 2875 3159 3162
f 3164 3179 3162
f 3179 2875 3162
f 3179 2876 2875
f 2876 3180 2877
f 3179 3180 2876
f 2879 3181 2880
f 3181 3182 2880
f 2880 3182 2859
f 3182 3183 2859
f 3183 3165 2859
f 3165 3183 2862
f 3183 2881 2862
f 3183 3184 2881
f 2881 3185 2882
f 3184 3185 2881
f 2864 2882 3166
f 2882 3186 3166
f 2882 3185 3186
f 2884 2885 3187
f 3186 3188 3166
f 3167 3166 3188
f 3167 3188 3168
f 3189 2885 2886
f 2885 3189 3187
f 2889 3189 2886
f 3191 3190 2893
f 3191 2893 2892
f 2879 2893 3181
f 2893 3192 3181
f 2893 3190 3192
f 3181 3192 3182
f 3187 2894 2884
f 2894 3187 2895
f 2895 3187 3189
f 2895 3189 2889
f 3194 3193 2897
f 3194 2897 2898
f 2897 3195 2899
f 3193 3195 2897
f 2899 3196 2900
f 3195 3196 2899
f 2900 3197 2901
f 3196 3197 2900
f 2892 2901 3191
f 3191 2901 3197
f 2903 3198 2902
f 3199 3198 2903
f 2902 3200 2904
f 3198 3200 2902
f 3200 3202 3201
f 2905 3200 3201
f 2904 3200 2905
f 3203 2906 2905
f 3203 2905 3201
f 3204 2907 2906
f 3204 2906 3203
f 3205 2908 2907
f 3205 2907 3204
f 3206 2909 2908
f 3206 2908 3205
f 3207 2910 2909
f 3207 2909 3206
f 3208 2911 2910
f 3208 2910 3207
f 3209 2912 2911
f 3209 2911 3208
f 2912 3209 3210
f 3211 2912 3210
f 2913 2912 3211
f 2898 2913 3194
f 3194 2913 3211
f 3202 3212 3201
f 3201 3212 3203
f 3203 3212 3213
f 3203 3213 3204
f 3204 3213 3214
f 3216 3215 3214
f 3215 3204 3214
f 3215 3205 3204
f 3205 3217 3206
f 3205 3215 3217
f 3206 3218 3207
f 3206 3217 3218
f 3207 3219 3208
f 3207 3218 3219
f 3221 3209 3220
f 3209 3219 3220
f 3209 3208 3219
f 3209 3221 3210
f 3224 3223 3222
f 3226 3225 3222
f 3222 3225 3224
f 3225 3226 3216
f 3226 3215 3216
f 3226 3227 3215
f 3215 3228 3217
f 3215 3227 3228
f 3217 3229 3218
f 3217 3228 3229
f 3218 3230 3219
f 3218 3229 3230
f 3220 3219 3231
f 3219 3232 3231
f 3219 3230 3232
f 3232 3233 3231
f 3236 3235 3234
f 3234 3235 3237
f 3239 3238 3236
f 3236 3238 3235
f 2915 2916 3239
f 2916 3238 3239
f 2916 3240 3238
f 2917 3222 3223
f 3240 2917 3223
f 2916 2917 3240
f 3222 2917 2919
f 3222 2919 3226
f 3226 2919 2921
f 3226 2921 3227
f 3227 2921 2923
f 3227 2923 3228
f 3228 2923 2925
f 3228 2925 3229
f 3229 2925 2927
f 3229 2927 3230
f 3230 2927 2929
f 3230 2929 3232
f 3242 3241 2931
f 2931 3241 2929
f 3241 3233 2929
f 3233 3232 2929
f 3242 3243 3241
f 3234 2935 2933
f 3234 2933 3236
f 3236 2933 2936
f 3236 2936 3239
f 3239 2936 2915
f 2942 3242 2931
f 2942 2944 3242
f 2944 3243 3242
f 2944 3244 3243
f 2954 3244 2944
f 2954 3245 3244
f 3246 2956 2955
f 3246 2955 3247
f 3248 2957 2956
f 3248 2956 3246
f 3249 2958 2957
f 3249 2957 3248
f 3249 2960 2958
f 2966 3250 2967
f 3250 3251 2967
f 3251 2954 2967
f 3251 3245 2954
f 3253 3246 3252
f 3246 3254 3252
f 3246 3247 3254
f 3246 3253 3248
f 3248 3253 3255
f 3248 3255 3249
f 3249 3255 3256
f 3249 3256 2960
f 3256 2970 2960
f 3256 3257 2970
f 2970 3258 2971
f 3257 3258 2970
f 2971 3259 2972
f 3258 3259 2971
f 3259 3261 3260
f 2973 3259 3260
f 2972 3259 2973
f 3262 2974 2973
f 3262 2973 3260
f 3263 2975 2974
f 3263 2974 3262
f 2975 3263 3264
f 3265 2975 3264
f 2976 2975 3265
f 2966 2976 3250
f 2976 3266 3250
f 2976 3265 3266
f 3250 3266 3251
f 3269 3268 3267
f 3271 3270 3267
f 3267 3270 3269
f 3273 3272 3271
f 3271 3272 3270
f 3275 3274 3273
f 3273 3274 3272
f 3275 3276 3274
f 3254 3277 3252
f 3261 3278 3260
f 3260 3278 3262
f 3262 3278 3279
f 3262 3279 3263
f 3263 3279 3280
f 3263 3280 3264
f 3267 3268 3281
f 3281 3268 3282
f 3281 2978 2979
f 3271 3281 2979
f 3267 3281 3271
f 3271 2979 2980
f 3271 2980 3273
f 3273 2980 2982
f 3273 2982 3275
f 3283 3276 3275
f 2982 3283 3275
f 2983 3283 2982
f 3284 2983 2984
f 3284 3283 2983
f 3285 2984 2985
f 3285 3284 2984
f 3286 2985 2986
f 3286 3285 2985
f 3287 2986 2987
f 3287 3286 2986
f 3289 3287 3288
f 3287 2988 3288
f 3287 2987 2988
f 2990 3288 2988
f 3290 2993 2994
f 3290 2994 3291
f 2994 3292 3291
f 2994 2995 3292
f 3293 2995 2996
f 3293 3292 2995
f 3294 2996 2997
f 3294 3293 2996
f 3295 2997 2998
f 3295 3294 2997
f 3296 2998 3000
f 3296 3295 2998
f 3297 3000 3002
f 3297 3296 3000
f 3004 3281 3282
f 3297 3004 3282
f 3002 3004 3297
f 3281 3004 2978
f 3298 3289 3288
f 3298 3288 2990
f 3006 3298 2990
f 3299 3298 3006
f 3300 3006 3007
f 3300 3299 3006
f 3301 3007 3008
f 3301 3300 3007
f 3302 3008 3009
f 3302 3301 3008
f 3303 3009 3010
f 3303 3302 3009
f 3304 3010 3011
f 3304 3303 3010
f 3290 3012 2993
f 3291 3305 3290
f 3305 3012 3290
f 3305 3013 3012
f 3013 3306 3015
f 3305 3306 3013
f 3015 3307 3017
f 3306 3307 3015
f 3309 3308 3018
f 3017 3309 3018
f 3307 3309 3017
f 3310 3308 3309
f 3312 3311 3308
f 3311 3018 3308
f 3311 3019 3018
f 3312 3308 3310
f 3315 3314 3313
f 3317 3316 3313
f 3313 3316 3315
f 3026 3027 3317
f 3027 3316 3317
f 3027 3318 3316
f 3319 3027 3028
f 3319 3318 3027
f 3320 3028 3029
f 3320 3319 3028
f 3029 3019 3311
f 3029 3311 3320
f 3323 3322 3321
f 3325 3324 3321
f 3325 3321 3322
f 3327 3326 3324
f 3327 3324 3325
f 3032 3031 3326
f 3327 3032 3326
f 3328 3032 3327
f 3032 3329 3033
f 3328 3329 3032
f 3033 3330 3034
f 3329 3330 3033
f 3330 3332 3331
f 3035 3330 3331
f 3034 3330 3035
f 3333 3036 3035
f 3333 3035 3331
f 3336 3335 3334
f 3334 3335 3337
f 3339 3338 3336
f 3336 3338 3335
f 3339 3340 3338
f 3343 3342 3341
f 3343 3341 3314
f 3314 3341 3313
f 3341 3037 3313
f 3037 3038 3313
f 3313 3038 3039
f 3313 3039 3317
f 3317 3039 3026
f 3346 3345 3344
f 3041 3042 3344
f 3345 3041 3344
f 3347 3041 3345
f 3041 3348 3044
f 3347 3348 3041
f 3044 3349 3046
f 3348 3349 3044
f 3046 3350 3047
f 3349 3350 3046
f 3047 3351 3048
f 3350 3351 3047
f 3048 3352 3049
f 3351 3352 3048
f 3049 3353 3050
f 3352 3353 3049
f 3321 3051 3323
f 3051 3353 3323
f 3051 3050 3353
f 3051 3321 3052
f 3052 3321 3324
f 3052 3324 3053
f 3053 3324 3326
f 3053 3326 3031
f 3332 3354 3331
f 3331 3354 3333
f 3333 3354 3355
f 3334 3055 3054
f 3334 3054 3336
f 3336 3054 3056
f 3336 3056 3339
f 3356 3340 3339
f 3056 3356 3339
f 3057 3356 3056
f 3357 3057 3058
f 3357 3356 3057
f 3358 3058 3059
f 3358 3357 3058
f 3359 3059 3061
f 3359 3358 3059
f 3360 3061 3063
f 3360 3359 3061
f 3361 3063 3065
f 3361 3360 3063
f 3362 3065 3067
f 3362 3361 3065
f 3363 3067 3069
f 3363 3362 3067
f 3364 3069 3071
f 3364 3363 3069
f 3365 3071 3073
f 3365 3364 3071
f 3366 3073 3075
f 3366 3365 3073
f 3367 3075 3077
f 3367 3366 3075
f 3078 3341 3342
f 3367 3078 3342
f 3077 3078 3367
f 3341 3078 3037
f 3369 3368 3080
f 3369 3080 3081
f 3080 3370 3082
f 3368 3370 3080
f 3344 3083 3346
f 3083 3370 3346
f 3083 3082 3370
f 3083 3344 3042
f 3372 3371 3084
f 3372 3084 3085
f 3084 3373 3086
f 3371 3373 3084
f 3081 3086 3369
f 3369 3086 3373
f 3089 3374 3090
f 3375 3091 3090
f 3375 3090 3374
f 3376 3092 3091
f 3376 3091 3375
f 3377 3093 3092
f 3377 3092 3376
f 3377 3095 3093
f 3380 3379 3378
f 3096 3097 3378
f 3379 3096 3378
f 3381 3096 3379
f 3096 3382 3099
f 3381 3382 3096
f 3100 3099 3382
f 3100 3382 3383
f 3102 3384 3374
f 3102 3374 3089
f 3386 3375 3385
f 3375 3384 3385
f 3375 3374 3384
f 3375 3386 3376
f 3376 3386 3387
f 3376 3387 3377
f 3377 3387 3388
f 3388 3390 3389
f 3388 3389 3103
f 3377 3388 3103
f 3095 3377 3103
f 3389 3105 3103
f 3380 3378 3391
f 3380 3391 3392
f 3106 3391 3097
f 3097 3391 3378
f 3394 3108 3393
f 3108 3383 3393
f 3108 3100 3383
f 3395 3394 3393
f 3397 3396 3384
f 3102 3397 3384
f 3110 3397 3102
f 3384 3396 3385
f 3390 3398 3389
f 3398 3400 3399
f 3398 3399 3111
f 3389 3398 3111
f 3105 3389 3111
f 3399 3112 3111
f 3392 3391 3401
f 3392 3401 3402
f 3113 3401 3106
f 3106 3401 3391
f 3403 3114 3394
f 3394 3114 3108
f 3394 3395 3404
f 3394 3404 3403
f 3116 3397 3110
f 3116 3405 3397
f 3399 3400 3406
f 3406 3400 3407
f 3406 3118 3112
f 3406 3112 3399
f 3408 3402 3401
f 3408 3401 3113
f 3119 3408 3113
f 3409 3408 3119
f 3410 3119 3121
f 3410 3409 3119
f 3121 3114 3403
f 3411 3121 3403
f 3410 3121 3411
f 3411 3403 3404
f 3125 3405 3116
f 3125 3412 3405
f 3407 3413 3406
f 3413 3415 3414
f 3413 3414 3126
f 3406 3413 3126
f 3118 3406 3126
f 3414 3128 3126
f 3130 3412 3125
f 3130 3416 3412
f 3415 3417 3414
f 3417 3419 3418
f 3417 3418 3131
f 3414 3417 3131
f 3128 3414 3131
f 3418 3133 3131
f 3134 3416 3130
f 3134 3420 3416
f 3418 3419 3421
f 3421 3419 3422
f 3421 3136 3133
f 3421 3133 3418
f 3137 3420 3134
f 3137 3423 3420
f 3421 3422 3424
f 3424 3422 3425
f 3424 3138 3136
f 3424 3136 3421
f 3139 3427 3426
f 3423 3139 3426
f 3137 3139 3423
f 3427 3428 3426
f 3430 3429 3141
f 3141 3429 3140
f 3142 3424 3425
f 3430 3142 3425
f 3141 3142 3430
f 3424 3142 3138
f 3143 3431 3427
f 3143 3427 3139
f 3428 3427 3432
f 3432 3427 3431
f 3435 3434 3433
f 3145 3146 3433
f 3146 3435 3433
f 3146 3436 3435
f 3437 3146 3147
f 3437 3436 3146
f 3147 3140 3429
f 3147 3429 3437
f 3149 3438 3431
f 3149 3431 3143
f 3432 3431 3439
f 3431 3440 3439
f 3431 3438 3440
f 3442 3441 3440
f 3440 3441 3439
f 3441 3442 3434
f 3434 3442 3433
f 3442 3151 3433
f 3151 3152 3433
f 3433 3152 3145
f 3445 3444 3443
f 3155 3446 3438
f 3155 3438 3149
f 3438 3447 3440
f 3438 3446 3447
f 3440 3448 3442
f 3440 3447 3448
f 3448 3157 3151
f 3448 3151 3442
f 3451 3450 3449
f 3453 3452 3449
f 3453 3449 3450
f 3455 3454 3452
f 3455 3452 3453
f 3457 3456 3454
f 3457 3454 3455
f 3160 3161 3456
f 3457 3160 3456
f 3458 3160 3457
f 3160 3459 3163
f 3458 3459 3160
f 3461 3460 3164
f 3163 3461 3164
f 3459 3461 3163
f 3460 3461 3445
f 3443 3460 3445
f 3462 3460 3443
f 3464 3463 3446
f 3155 3464 3446
f 3168 3464 3155
f 3446 3463 3447
f 3447 3463 3465
f 3447 3465 3448
f 3448 3465 3466
f 3448 3466 3157
f 3466 3169 3157
f 3466 3467 3169
f 3169 3468 3170
f 3467 3468 3169
f 3170 3469 3171
f 3468 3469 3170
f 3171 3470 3172
f 3469 3470 3171
f 3172 3471 3173
f 3470 3471 3172
f 3173 3472 3174
f 3471 3472 3173
f 3449 3175 3451
f 3175 3472 3451
f 3175 3174 3472
f 3175 3449 3176
f 3176 3449 3452
f 3176 3452 3177
f 3177 3452 3454
f 3177 3454 3178
f 3178 3454 3456
f 3178 3456 3161
f 3460 3179 3164
f 3179 3460 3180
f 3180 3460 3462
f 3475 3474 3473
f 3183 3182 3473
f 3474 3183 3473
f 3476 3183 3474
f 3183 3477 3184
f 3476 3477 3183
f 3184 3478 3185
f 3477 3478 3184
f 3185 3479 3186
f 3478 3479 3185
f 3186 3480 3188
f 3479 3480 3186
f 3168 3188 3464
f 3464 3188 3480
f 3483 3482 3481
f 3485 3484 3481
f 3485 3481 3482
f 3487 3486 3484
f 3487 3484 3485
f 3190 3191 3486
f 3487 3190 3486
f 3488 3190 3487
f 3473 3192 3475
f 3192 3488 3475
f 3192 3190 3488
f 3192 3473 3182
f 3490 3489 3193
f 3490 3193 3194
f 3481 3195 3483
f 3195 3489 3483
f 3195 3193 3489
f 3195 3481 3196
f 3196 3481 3484
f 3196 3484 3197
f 3197 3484 3486
f 3197 3486 3191
f 3199 3491 3198
f 3492 3491 3199
f 3491 3494 3493
f 3200 3491 3493
f 3198 3491 3200
f 3493 3202 3200
f 3496 3495 3211
f 3496 3211 3210
f 3194 3211 3490
f 3490 3211 3495
f 3494 3497 3493
f 3497 3499 3498
f 3497 3498 3212
f 3493 3497 3212
f 3202 3493 3212
f 3500 3213 3212
f 3500 3212 3498
f 3501 3214 3213
f 3501 3213 3500
f 3501 3216 3214
f 3220 3502 3221
f 3502 3503 3221
f 3503 3210 3221
f 3503 3496 3210
f 3506 3505 3504
f 3504 3505 3507
f 3509 3508 3506
f 3506 3508 3505
f 3508 3509 3499
f 3509 3498 3499
f 3509 3510 3498
f 3510 3223 3224
f 3500 3510 3224
f 3498 3510 3500
f 3500 3224 3225
f 3500 3225 3501
f 3501 3225 3216
f 3231 3502 3220
f 3512 3511 3233
f 3233 3511 3231
f 3511 3503 3231
f 3503 3502 3231
f 3512 3513 3511
f 3504 3237 3235
f 3504 3235 3506
f 3506 3235 3238
f 3506 3238 3509
f 3509 3238 3240
f 3509 3240 3510
f 3510 3240 3223
f 3241 3512 3233
f 3515 3514 3243
f 3243 3514 3241
f 3514 3513 3241
f 3513 3512 3241
f 3515 3516 3514
f 3244 3517 3515
f 3244 3515 3243
f 3516 3515 3518
f 3515 3519 3518
f 3515 3517 3519
f 3521 3520 3519
f 3519 3520 3518
f 3521 3522 3520
f 3245 3523 3517
f 3245 3517 3244
f 3525 3519 3524
f 3519 3523 3524
f 3519 3517 3523
f 3519 3525 3521
f 3521 3525 3526
f 3521 3526 3522
f 3528 3527 3523
f 3245 3528 3523
f 3251 3528 3245
f 3523 3527 3524
f 3531 3530 3529
f 3529 3532 3531
f 3252 3533 3253
f 3534 3255 3253
f 3534 3253 3533
f 3535 3256 3255
f 3535 3255 3534
f 3536 3257 3256
f 3536 3256 3535
f 3537 3258 3257
f 3537 3257 3536
f 3538 3259 3258
f 3538 3258 3537
f 3538 3261 3259
f 3264 3539 3265
f 3265 3539 3540
f 3541 3265 3540
f 3266 3265 3541
f 3251 3266 3528
f 3528 3266 3541
f 3542 3268 3269
f 3542 3269 3543
f 3269 3544 3543
f 3269 3270 3544
f 3272 3529 3530
f 3544 3272 3530
f 3270 3272 3544
f 3545 3532 3529
f 3272 3545 3529
f 3274 3545 3272
f 3547 3546 3276
f 3546 3274 3276
f 3546 3545 3274
f 3547 3548 3546
f 3252 3277 3533
f 3277 3549 3533
f 3277 3550 3549
f 3533 3549 3534
f 3534 3549 3551
f 3534 3551 3535
f 3535 3551 3552
f 3535 3552 3536
f 3536 3552 3553
f 3536 3553 3537
f 3537 3553 3554
f 3537 3554 3538
f 3538 3554 3555
f 3538 3555 3261
f 3555 3278 3261
f 3555 3556 3278
f 3278 3557 3279
f 3556 3557 3278
f 3279 3558 3280
f 3557 3558 3279
f 3264 3280 3539
f 3280 3559 3539
f 3280 3558 3559
f 3539 3559 3540
f 3561 3560 3542
f 3560 3268 3542
f 3560 3282 3268
f 3561 3542 3543
f 3283 3547 3276
f 3562 3548 3547
f 3283 3562 3547
f 3284 3562 3283
f 3563 3284 3285
f 3563 3562 3284
f 3564 3285 3286
f 3564 3563 3285
f 3566 3564 3565
f 3564 3287 3565
f 3564 3286 3287
f 3289 3565 3287
f 3567 3291 3292
f 3293 3568 3292
f 3292 3568 3567
f 3294 3569 3293
f 3293 3569 3568
f 3295 3570 3294
f 3294 3570 3569
f 3296 3571 3295
f 3295 3571 3570
f 3571 3296 3572
f 3296 3573 3572
f 3296 3297 3573
f 3297 3282 3560
f 3297 3560 3573
f 3574 3566 3565
f 3574 3565 3289
f 3298 3574 3289
f 3575 3574 3298
f 3576 3298 3299
f 3576 3575 3298
f 3577 3299 3300
f 3577 3576 3299
f 3578 3300 3301
f 3578 3577 3300
f 3579 3301 3302
f 3579 3578 3301
f 3580 3302 3303
f 3580 3579 3302
f 3581 3303 3304
f 3581 3580 3303
f 3567 3305 3291
f 3305 3567 3306
f 3306 3567 3568
f 3306 3568 3307
f 3307 3568 3569
f 3307 3569 3309
f 3309 3569 3570
f 3570 3571 3582
f 3310 3570 3582
f 3583 3310 3582
f 3570 3310 3309
f 3582 3571 3572
f 3586 3585 3584
f 3311 3312 3584
f 3312 3586 3584
f 3312 3587 3586
f 3312 3310 3583
f 3312 3583 3587
f 3590 3589 3588
f 3592 3591 3588
f 3588 3591 3590
f 3314 3315 3592
f 3315 3591 3592
f 3315 3593 3591
f 3594 3315 3316
f 3594 3593 3315
f 3595 3316 3318
f 3595 3594 3316
f 3596 3318 3319
f 3596 3595 3318
f 3320 3584 3585
f 3596 3320 3585
f 3319 3320 3596
f 3584 3320 3311
f 3599 3598 3597
f 3601 3600 3597
f 3601 3597 3598
f 3603 3602 3600
f 3603 3600 3601
f 3605 3604 3602
f 3605 3602 3603
f 3607 3606 3604
f 3607 3604 3605
f 3322 3323 3606
f 3607 3322 3606
f 3608 3322 3607
f 3322 3609 3325
f 3608 3609 3322
f 3325 3610 3327
f 3609 3610 3325
f 3327 3611 3328
f 3610 3611 3327
f 3611 3613 3612
f 3329 3611 3612
f 3328 3611 3329
f 3614 3330 3329
f 3614 3329 3612
f 3614 3332 3330
f 3615 3337 3335
f 3615 3616 3337
f 3617 3335 3338
f 3617 3615 3335
f 3619 3618 3340
f 3618 3338 3340
f 3618 3617 3338
f 3621 3620 3619
f 3619 3620 3618
f 3623 3622 3621
f 3621 3622 3620
f 3625 3624 3623
f 3623 3624 3622
f 3625 3626 3624
f 3629 3628 3627
f 3629 3627 3589
f 3627 3588 3589
f 3627 3630 3588
f 3630 3342 3343
f 3592 3630 3343
f 3588 3630 3592
f 3592 3343 3314
f 3633 3632 3631
f 3345 3346 3631
f 3632 3345 3631
f 3634 3345 3632
f 3345 3635 3347
f 3634 3635 3345
f 3347 3636 3348
f 3635 3636 3347
f 3597 3349 3599
f 3349 3636 3599
f 3349 3348 3636
f 3349 3597 3350
f 3350 3597 3600
f 3350 3600 3351
f 3351 3600 3602
f 3351 3602 3352
f 3352 3602 3604
f 3352 3604 3353
f 3353 3604 3606
f 3353 3606 3323
f 3613 3637 3612
f 3612 3637 3614
f 3614 3637 3638
f 3614 3638 3332
f 3638 3354 3332
f 3638 3639 3354
f 3354 3640 3355
f 3639 3640 3354
f 3356 3619 3340
f 3619 3356 3357
f 3619 3357 3621
f 3621 3357 3358
f 3621 3358 3623
f 3623 3358 3359
f 3623 3359 3625
f 3641 3626 3625
f 3359 3641 3625
f 3360 3641 3359
f 3642 3360 3361
f 3642 3641 3360
f 3643 3361 3362
f 3643 3642 3361
f 3644 3362 3363
f 3644 3643 3362
f 3645 3363 3364
f 3645 3644 3363
f 3646 3364 3365
f 3646 3645 3364
f 3366 3627 3628
f 3646 3366 3628
f 3365 3366 3646
f 3627 3366 3367
f 3627 3367 3630
f 3630 3367 3342
f 3648 3647 3368
f 3648 3368 3369
f 3631 3370 3633
f 3370 3647 3633
f 3370 3368 3647
f 3370 3631 3346
f 3650 3649 3371
f 3650 3371 3372
f 3371 3651 3373
f 3649 3651 3371
f 3369 3373 3648
f 3648 3373 3651
f 3654 3653 3652
f 3655 3654 3652
f 3658 3657 3656
f 3659 3656 3657
f 3660 3658 3656
f 3660 3656 3659
f 3663 3662 3661
f 3665 3664 3661
f 3665 3661 3662
f 3667 3666 3664
f 3667 3664 3665
f 3669 3668 3666
f 3669 3666 3667
f 3670 3668 3669
f 3663 3661 3671
f 3663 3671 3672
f 3673 3661 3664
f 3671 3661 3673
f 3674 3664 3666
f 3673 3664 3674
f 3675 3666 3668
f 3674 3666 3675
f 3668 3670 3676
f 3677 3668 3676
f 3675 3668 3677
f 3678 3677 3676
f 3681 3680 3679
f 3682 3679 3680
f 3683 3672 3671
f 3683 3671 3673
f 3683 3673 3684
f 3684 3673 3674
f 3684 3674 3685
f 3685 3674 3675
f 3685 3675 3686
f 3686 3675 3677
f 3686 3677 3687
f 3687 3677 3678
f 3690 3689 3688
f 3688 3689 3681
f 3679 3688 3681
f 3691 3688 3679
f 3679 3682 3692
f 3693 3679 3692
f 3691 3679 3693
f 3694 3693 3692
f 3690 3688 3379
f 3380 3690 3379
f 3695 3690 3380
f 3379 3688 3381
f 3381 3688 3691
f 3381 3691 3382
f 3382 3691 3693
f 3697 3696 3383
f 3697 3383 3382
f 3694 3697 3382
f 3693 3694 3382
f 3698 3696 3697
f 3385 3699 3386
f 3700 3387 3386
f 3700 3386 3699
f 3701 3388 3387
f 3701 3387 3700
f 3701 3390 3388
f 3704 3703 3702
f 3703 3695 3702
f 3695 3392 3702
f 3695 3380 3392
f 3696 3393 3383
f 3706 3705 3395
f 3706 3395 3393
f 3698 3706 3393
f 3696 3698 3393
f 3707 3705 3706
f 3397 3708 3396
f 3699 3385 3396
f 3708 3699 3396
f 3709 3699 3708
f 3699 3710 3700
f 3699 3709 3710
f 3700 3711 3701
f 3700 3710 3711
f 3712 3398 3390
f 3701 3712 3390
f 3711 3712 3701
f 3712 3400 3398
f 3704 3702 3713
f 3704 3713 3714
f 3402 3713 3392
f 3392 3713 3702
f 3715 3404 3705
f 3705 3404 3395
f 3705 3707 3716
f 3705 3716 3715
f 3405 3717 3708
f 3405 3708 3397
f 3708 3718 3709
f 3708 3717 3718
f 3720 3710 3719
f 3710 3718 3719
f 3710 3709 3718
f 3722 3721 3720
f 3721 3710 3720
f 3721 3711 3710
f 3711 3723 3712
f 3711 3721 3723
f 3723 3407 3400
f 3723 3400 3712
f 3724 3714 3713
f 3726 3724 3725
f 3725 3724 3408
f 3724 3713 3408
f 3713 3402 3408
f 3409 3727 3408
f 3408 3727 3725
f 3410 3728 3409
f 3409 3728 3727
f 3411 3729 3410
f 3410 3729 3728
f 3730 3729 3411
f 3730 3411 3404
f 3731 3730 3404
f 3715 3731 3404
f 3731 3715 3716
f 3412 3732 3717
f 3412 3717 3405
f 3734 3718 3733
f 3718 3732 3733
f 3718 3717 3732
f 3718 3734 3719
f 3722 3735 3721
f 3721 3735 3723
f 3723 3735 3736
f 3736 3738 3737
f 3736 3737 3413
f 3723 3736 3413
f 3407 3723 3413
f 3737 3415 3413
f 3739 3726 3725
f 3739 3725 3727
f 3739 3727 3740
f 3740 3727 3728
f 3740 3728 3741
f 3741 3728 3729
f 3741 3729 3742
f 3742 3729 3730
f 3416 3743 3732
f 3416 3732 3412
f 3733 3732 3744
f 3744 3732 3743
f 3738 3745 3737
f 3745 3747 3746
f 3745 3746 3417
f 3737 3745 3417
f 3415 3737 3417
f 3746 3419 3417
f 3749 3748 3743
f 3416 3749 3743
f 3420 3749 3416
f 3743 3748 3744
f 3747 3750 3746
f 3419 3746 3750
f 3751 3419 3750
f 3422 3419 3751
f 3423 3753 3752
f 3749 3423 3752
f 3420 3423 3749
f 3753 3754 3752
f 3757 3756 3755
f 3751 3757 3755
f 3425 3751 3755
f 3422 3751 3425
f 3426 3753 3423
f 3426 3428 3753
f 3428 3754 3753
f 3428 3758 3754
f 3755 3756 3430
f 3756 3429 3430
f 3756 3759 3429
f 3755 3430 3425
f 3432 3761 3760
f 3758 3432 3760
f 3428 3432 3758
f 3763 3762 3761
f 3761 3762 3760
f 3434 3435 3763
f 3435 3762 3763
f 3435 3764 3762
f 3765 3435 3436
f 3765 3764 3435
f 3766 3436 3437
f 3766 3765 3436
f 3437 3429 3759
f 3437 3759 3766
f 3439 3761 3432
f 3761 3439 3441
f 3761 3441 3763
f 3763 3441 3434
f 3769 3768 3767
f 3771 3770 3767
f 3771 3767 3768
f 3773 3772 3770
f 3773 3770 3771
f 3775 3774 3772
f 3775 3772 3773
f 3777 3776 3774
f 3777 3774 3775
f 3779 3778 3776
f 3779 3776 3777
f 3781 3780 3778
f 3781 3778 3779
f 3783 3782 3780
f 3783 3780 3781
f 3444 3445 3782
f 3783 3444 3782
f 3784 3444 3783
f 3787 3786 3785
f 3789 3788 3785
f 3789 3785 3786
f 3790 3788 3789
f 3793 3792 3791
f 3795 3794 3791
f 3795 3791 3792
f 3797 3796 3794
f 3797 3794 3795
f 3796 3797 3769
f 3767 3796 3769
f 3798 3796 3767
f 3451 3798 3450
f 3798 3770 3450
f 3798 3767 3770
f 3450 3770 3453
f 3453 3770 3772
f 3453 3772 3455
f 3455 3772 3774
f 3455 3774 3457
f 3457 3774 3776
f 3457 3776 3458
f 3458 3776 3778
f 3458 3778 3459
f 3459 3778 3780
f 3459 3780 3461
f 3461 3780 3782
f 3461 3782 3445
f 3787 3785 3799
f 3787 3799 3800
f 3801 3785 3788
f 3799 3785 3801
f 3788 3790 3802
f 3788 3802 3801
f 3464 3803 3463
f 3463 3803 3804
f 3805 3463 3804
f 3465 3463 3805
f 3465 3806 3466
f 3805 3806 3465
f 3466 3807 3467
f 3806 3807 3466
f 3467 3808 3468
f 3807 3808 3467
f 3791 3469 3793
f 3469 3808 3793
f 3469 3468 3808
f 3469 3791 3470
f 3470 3791 3794
f 3470 3794 3471
f 3471 3794 3796
f 3471 3796 3472
f 3472 3796 3798
f 3472 3798 3451
f 3811 3810 3809
f 3809 3810 3800
f 3799 3809 3800
f 3812 3809 3799
f 3813 3799 3801
f 3812 3799 3813
f 3801 3802 3814
f 3815 3801 3814
f 3813 3801 3815
f 3474 3475 3815
f 3814 3474 3815
f 3816 3474 3814
f 3474 3817 3476
f 3816 3817 3474
f 3476 3818 3477
f 3817 3818 3476
f 3477 3819 3478
f 3818 3819 3477
f 3478 3820 3479
f 3819 3820 3478
f 3479 3821 3480
f 3820 3821 3479
f 3464 3480 3803
f 3480 3822 3803
f 3480 3821 3822
f 3803 3822 3804
f 3825 3824 3823
f 3823 3824 3811
f 3823 3811 3809
f 3483 3823 3809
f 3482 3483 3809
f 3482 3809 3485
f 3485 3809 3812
f 3485 3812 3487
f 3487 3812 3813
f 3487 3813 3488
f 3488 3813 3815
f 3488 3815 3475
f 3828 3827 3826
f 3825 3823 3489
f 3490 3825 3489
f 3829 3825 3490
f 3489 3823 3483
f 3828 3830 3827
f 3830 3492 3827
f 3830 3491 3492
f 3494 3491 3830
f 3494 3830 3831
f 3833 3832 3495
f 3833 3495 3496
f 3490 3495 3829
f 3829 3495 3832
f 3836 3835 3834
f 3834 3837 3497
f 3831 3834 3497
f 3494 3831 3497
f 3834 3831 3836
f 3837 3499 3497
f 3503 3833 3496
f 3503 3838 3833
f 3505 3834 3835
f 3839 3505 3835
f 3507 3505 3839
f 3834 3505 3508
f 3834 3508 3837
f 3837 3508 3499
f 3840 3838 3503
f 3840 3503 3511
f 3842 3841 3513
f 3841 3511 3513
f 3841 3840 3511
f 3842 3843 3841
f 3514 3842 3513
f 3845 3844 3516
f 3516 3844 3514
f 3844 3843 3514
f 3843 3842 3514
f 3847 3846 3845
f 3845 3846 3844
f 3849 3848 3847
f 3847 3848 3846
f 3851 3850 3849
f 3849 3850 3848
f 3851 3852 3850
f 3518 3845 3516
f 3845 3518 3520
f 3845 3520 3847
f 3847 3520 3522
f 3853 3847 3522
f 3849 3847 3853
f 3855 3851 3854
f 3851 3853 3854
f 3851 3849 3853
f 3851 3855 3852
f 3524 3856 3525
f 3525 3856 3857
f 3858 3525 3857
f 3526 3525 3858
f 3522 3526 3853
f 3526 3859 3853
f 3526 3858 3859
f 3853 3859 3854
f 3861 3860 3527
f 3861 3527 3528
f 3524 3527 3856
f 3527 3862 3856
f 3527 3860 3862
f 3856 3862 3857
f 3864 3863 3531
f 3531 3863 3530
f 3866 3865 3532
f 3865 3531 3532
f 3865 3864 3531
f 3866 3867 3865
f 3540 3868 3541
f 3868 3869 3541
f 3869 3528 3541
f 3869 3861 3528
f 3871 3870 3544
f 3544 3870 3543
f 3544 3530 3863
f 3544 3863 3871
f 3545 3866 3532
f 3872 3867 3866
f 3545 3872 3866
f 3546 3872 3545
f 3546 3548 3872
f 3872 3548 3873
f 3874 3549 3550
f 3874 3550 3875
f 3876 3551 3549
f 3876 3549 3874
f 3877 3552 3551
f 3877 3551 3876
f 3878 3553 3552
f 3878 3552 3877
f 3879 3554 3553
f 3879 3553 3878
f 3880 3555 3554
f 3880 3554 3879
f 3881 3556 3555
f 3881 3555 3880
f 3882 3557 3556
f 3882 3556 3881
f 3883 3558 3557
f 3883 3557 3882
f 3558 3883 3884
f 3885 3558 3884
f 3559 3558 3885
f 3540 3559 3868
f 3559 3886 3868
f 3559 3885 3886
f 3868 3886 3869
f 3888 3887 3561
f 3561 3887 3560
f 3561 3543 3870
f 3561 3870 3888
f 3889 3873 3548
f 3889 3548 3562
f 3890 3562 3563
f 3890 3889 3562
f 3891 3563 3564
f 3891 3890 3563
f 3893 3892 3566
f 3892 3564 3566
f 3892 3891 3564
f 3895 3894 3893
f 3893 3894 3892
f 3897 3896 3895
f 3895 3896 3894
f 3899 3898 3897
f 3897 3898 3896
f 3899 3900 3898
f 3875 3901 3874
f 3874 3901 3902
f 3874 3902 3876
f 3876 3902 3903
f 3876 3903 3877
f 3877 3903 3904
f 3877 3904 3878
f 3878 3904 3905
f 3878 3905 3879
f 3879 3905 3906
f 3879 3906 3880
f 3880 3906 3907
f 3880 3907 3881
f 3881 3907 3908
f 3881 3908 3882
f 3882 3908 3909
f 3882 3909 3883
f 3883 3909 3910
f 3883 3910 3884
f 3912 3911 3573
f 3573 3911 3572
f 3573 3560 3887
f 3573 3887 3912
f 3574 3893 3566
f 3893 3574 3575
f 3893 3575 3895
f 3895 3575 3576
f 3895 3576 3897
f 3897 3576 3577
f 3897 3577 3899
f 3913 3900 3899
f 3577 3913 3899
f 3578 3913 3577
f 3914 3578 3579
f 3914 3913 3578
f 3915 3579 3580
f 3915 3914 3579
f 3916 3580 3581
f 3916 3915 3580
f 3918 3917 3582
f 3582 3917 3583
f 3582 3572 3911
f 3582 3911 3918
f 3921 3920 3919
f 3923 3922 3919
f 3919 3922 3921
f 3925 3924 3923
f 3923 3924 3922
f 3927 3926 3925
f 3925 3926 3924
f 3929 3928 3927
f 3927 3928 3926
f 3931 3930 3929
f 3929 3930 3928
f 3585 3586 3931
f 3586 3930 3931
f 3586 3932 3930
f 3933 3586 3587
f 3933 3932 3586
f 3587 3583 3917
f 3587 3917 3933
f 3936 3935 3934
f 3934 3935 3937
f 3939 3938 3936
f 3936 3938 3935
f 3939 3940 3938
f 3919 3920 3590
f 3920 3589 3590
f 3920 3941 3589
f 3919 3590 3591
f 3919 3591 3923
f 3923 3591 3593
f 3923 3593 3925
f 3925 3593 3594
f 3925 3594 3927
f 3927 3594 3595
f 3927 3595 3929
f 3929 3595 3596
f 3929 3596 3931
f 3931 3596 3585
f 3944 3943 3942
f 3946 3945 3942
f 3946 3942 3943
f 3598 3599 3945
f 3946 3598 3945
f 3947 3598 3946
f 3598 3948 3601
f 3947 3948 3598
f 3601 3949 3603
f 3948 3949 3601
f 3603 3950 3605
f 3949 3950 3603
f 3605 3951 3607
f 3950 3951 3605
f 3607 3952 3608
f 3951 3952 3607
f 3608 3953 3609
f 3952 3953 3608
f 3609 3954 3610
f 3953 3954 3609
f 3954 3956 3955
f 3611 3954 3955
f 3610 3954 3611
f 3955 3613 3611
f 3934 3616 3615
f 3934 3615 3936
f 3936 3615 3617
f 3936 3617 3939
f 3957 3940 3939
f 3617 3957 3939
f 3618 3957 3617
f 3958 3618 3620
f 3958 3957 3618
f 3959 3620 3622
f 3959 3958 3620
f 3960 3622 3624
f 3960 3959 3622
f 3962 3961 3626
f 3961 3624 3626
f 3961 3960 3624
f 3964 3963 3962
f 3962 3963 3961
f 3966 3965 3964
f 3964 3965 3963
f 3968 3967 3966
f 3966 3967 3965
f 3970 3969 3968
f 3968 3969 3967
f 3972 3971 3970
f 3970 3971 3969
f 3628 3629 3972
f 3629 3971 3972
f 3629 3973 3971
f 3629 3589 3941
f 3629 3941 3973
f 3975 3974 3632
f 3975 3632 3633
f 3632 3976 3634
f 3974 3976 3632
f 3942 3635 3944
f 3635 3976 3944
f 3635 3634 3976
f 3635 3942 3636
f 3636 3942 3945
f 3636 3945 3599
f 3956 3977 3955
f 3955 3977 3613
f 3977 3637 3613
f 3977 3978 3637
f 3637 3979 3638
f 3978 3979 3637
f 3979 3981 3980
f 3639 3979 3980
f 3638 3979 3639
f 3982 3640 3639
f 3982 3639 3980
f 3641 3962 3626
f 3962 3641 3642
f 3962 3642 3964
f 3964 3642 3643
f 3964 3643 3966
f 3966 3643 3644
f 3966 3644 3968
f 3968 3644 3645
f 3968 3645 3970
f 3970 3645 3646
f 3970 3646 3972
f 3972 3646 3628
f 3984 3983 3647
f 3984 3647 3648
f 3633 3647 3975
f 3975 3647 3983
f 3981 3985 3980
f 3980 3985 3982
f 3982 3985 3986
f 3650 3987 3649
f 3649 3987 3988
f 3989 3649 3988
f 3651 3649 3989
f 3648 3651 3984
f 3984 3651 3989
f 3992 3991 3990
f 3995 3994 3993
f 3997 3996 3993
f 3997 3993 3994
f 3999 3998 3996
f 3999 3996 3997
f 4001 4000 3998
f 4001 3998 3999
f 4003 4002 4000
f 4003 4000 4001
f 4002 4003 3992
f 4002 3992 3990
f 3654 4002 3990
f 3653 3654 3990
f 4006 4005 4004
f 4004 4005 3995
f 3993 4004 3995
f 4007 4004 3993
f 4008 3993 3996
f 4007 3993 4008
f 4009 3996 3998
f 4008 3996 4009
f 4010 3998 4000
f 4009 3998 4010
f 4011 4000 4002
f 4010 4000 4011
f 3655 4012 3654
f 4012 4002 3654
f 4012 4011 4002
f 4013 4006 4004
f 4015 4014 4013
f 4004 4015 4013
f 4007 4015 4004
f 4016 4007 4008
f 4015 4007 4016
f 4017 4008 4009
f 4016 4008 4017
f 4018 4009 4010
f 4017 4009 4018
f 4019 4010 4011
f 4018 4010 4019
f 4020 4011 4012
f 4019 4011 4020
f 4021 4014 4015
f 4021 4015 4016
f 4021 4016 4022
f 4022 4016 4017
f 4022 4017 4023
f 4025 4024 4023
f 4017 4025 4023
f 4018 4025 4017
f 4026 4018 4019
f 4025 4018 4026
f 4027 4019 4020
f 4026 4019 4027
f 4028 4024 4025
f 4028 4025 4026
f 4028 4026 4029
f 4029 4026 4027
f 4029 4027 4030
f 4033 4032 4031
f 4035 4034 4031
f 4035 4031 4032
f 4036 4034 4035
f 4037 4033 4031
f 4037 4031 4034
f 4037 4034 4038
f 4038 4034 4036
f 4040 4039 3657
f 4040 3657 3658
f 3659 3657 4039
f 3659 4039 4041
f 4044 4043 4042
f 4046 4045 4042
f 4046 4042 4043
f 4048 4047 4045
f 4048 4045 4046
f 4050 4049 4047
f 4050 4047 4048
f 4052 4051 4049
f 4052 4049 4050
f 4054 4053 4051
f 4054 4051 4052
f 4056 4055 4053
f 4056 4053 4054
f 4058 4057 4055
f 4058 4055 4056
f 4060 4059 4057
f 4060 4057 4058
f 4061 4059 4060
f 4062 4040 3658
f 4062 3658 3660
f 3660 3659 4041
f 3660 4041 4062
f 4065 4064 4063
f 3662 3663 4063
f 4064 3662 4063
f 4066 3662 4064
f 4042 3665 4044
f 3665 4066 4044
f 3665 3662 4066
f 3665 4042 3667
f 3667 4042 4045
f 3667 4045 3669
f 3669 4045 4047
f 3669 4047 3670
f 4047 4067 3670
f 4047 4049 4067
f 4051 4069 4068
f 4067 4051 4068
f 4049 4051 4067
f 4071 4070 4069
f 4051 4071 4069
f 4053 4071 4051
f 4072 4053 4055
f 4071 4053 4072
f 4073 4055 4057
f 4072 4055 4073
f 4074 4057 4059
f 4073 4057 4074
f 4059 4061 4075
f 4076 4059 4075
f 4074 4059 4076
f 4077 4076 4075
f 4065 4063 4078
f 4065 4078 4079
f 3672 4078 3663
f 3663 4078 4063
f 4067 3676 3670
f 3678 3676 4067
f 4068 3678 4067
f 4080 3678 4068
f 4081 4070 4071
f 4081 4071 4072
f 4081 4072 4082
f 4082 4072 4073
f 4082 4073 4083
f 4083 4073 4074
f 4083 4074 4084
f 4084 4074 4076
f 4084 4076 4085
f 4085 4076 4077
f 4088 4087 4086
f 3680 3681 4086
f 4087 3680 4086
f 4089 3680 4087
f 4091 4090 3682
f 3680 4091 3682
f 4089 4091 3680
f 4092 4090 4091
f 4079 4078 4093
f 4079 4093 4094
f 3683 4095 3672
f 4095 4078 3672
f 4095 4093 4078
f 3684 4096 3683
f 3683 4096 4095
f 3685 4097 3684
f 3684 4097 4096
f 3686 4098 3685
f 3685 4098 4097
f 4098 3686 4099
f 3686 4100 4099
f 3686 3687 4100
f 3687 3678 4080
f 3687 4080 4100
f 4088 4086 3689
f 3690 4088 3689
f 4101 4088 3690
f 3689 4086 3681
f 4090 3692 3682
f 4103 4102 3694
f 4103 3694 3692
f 4092 4103 3692
f 4090 4092 3692
f 4104 4102 4103
f 4105 4094 4093
f 4105 4093 4095
f 4105 4095 4106
f 4106 4095 4096
f 4106 4096 4107
f 4107 4096 4097
f 4107 4097 4108
f 4108 4097 4098
f 4108 4098 4109
f 4109 4098 4099
f 4112 4111 4110
f 4111 4101 4110
f 4101 3695 4110
f 4101 3690 3695
f 4102 3697 3694
f 4114 4113 3698
f 4114 3698 3697
f 4104 4114 3697
f 4102 4104 3697
f 4115 4113 4114
f 4118 4117 4116
f 4116 4117 4112
f 4116 4112 4110
f 3704 4116 4110
f 3703 3704 4110
f 3703 4110 3695
f 4113 3706 3698
f 3707 3706 4113
f 4115 3707 4113
f 4119 3707 4115
f 4118 4116 4120
f 4118 4120 4121
f 3714 4120 3704
f 3704 4120 4116
f 4119 3716 3707
f 4122 3716 4119
f 3719 4123 3720
f 4123 3722 3720
f 4124 4121 4120
f 4126 4124 4125
f 4125 4124 3724
f 4124 4120 3724
f 4120 3714 3724
f 3726 4125 3724
f 4127 3730 3731
f 4128 4127 3731
f 3716 4128 3731
f 4122 4128 3716
f 3733 4129 3734
f 4123 3719 3734
f 4129 4123 3734
f 4130 4123 4129
f 4131 3735 3722
f 4123 4131 3722
f 4130 4131 4123
f 4132 3736 3735
f 4132 3735 4131
f 4132 3738 3736
f 4133 4126 4125
f 4133 4125 3726
f 3739 4133 3726
f 4134 4133 3739
f 4135 3739 3740
f 4135 4134 3739
f 4136 3740 3741
f 4136 4135 3740
f 4137 3741 3742
f 4137 4136 3741
f 3742 3730 4127
f 4138 3742 4127
f 4137 3742 4138
f 4138 4127 4128
f 4140 4139 4129
f 3733 4140 4129
f 3744 4140 3733
f 4129 4139 4130
f 4130 4139 4141
f 4130 4141 4131
f 4131 4141 4142
f 4131 4142 4132
f 4132 4142 4143
f 4132 4143 3738
f 4143 3745 3738
f 4143 4144 3745
f 3747 3745 4144
f 3747 4144 4145
f 4147 4146 3748
f 4147 3748 3749
f 3744 3748 4140
f 4140 3748 4146
f 3750 3747 4148
f 3747 4149 4148
f 3747 4145 4149
f 4148 3751 3750
f 4150 4147 3749
f 4150 3749 3752
f 3752 3754 4150
f 4150 3754 4151
f 4153 4152 4149
f 4152 3756 4149
f 3757 4148 4149
f 3757 4149 3756
f 3757 3751 4148
f 4152 4153 4154
f 3758 4156 4155
f 4151 3758 4155
f 3754 3758 4151
f 4158 4157 4156
f 4156 4157 4155
f 4158 4159 4157
f 4161 4160 4152
f 4160 3756 4152
f 4160 3759 3756
f 4161 4152 4154
f 3760 4156 3758
f 4156 3760 3762
f 4156 3762 4158
f 4162 4159 4158
f 3762 4162 4158
f 3764 4162 3762
f 4163 3764 3765
f 4163 4162 3764
f 4165 4163 4164
f 4163 3766 4164
f 4163 3765 3766
f 3759 4160 4166
f 4164 3759 4166
f 4167 4164 4166
f 3766 3759 4164
f 4169 4168 4167
f 4169 4167 4166
f 4171 4170 4168
f 4171 4168 4169
f 4173 4172 4170
f 4173 4170 4171
f 4175 4174 4172
f 4175 4172 4173
f 4177 4176 4174
f 4177 4174 4175
f 4179 4178 4176
f 4179 4176 4177
f 4180 4178 4179
f 4183 4182 4181
f 4181 4182 4165
f 4164 4181 4165
f 4184 4181 4164
f 4185 4164 4167
f 4184 4164 4185
f 4186 4167 4168
f 4185 4167 4186
f 3769 4186 3768
f 4186 4170 3768
f 4186 4168 4170
f 3768 4170 3771
f 3771 4170 4172
f 3771 4172 3773
f 3773 4172 4174
f 3773 4174 3775
f 3775 4174 4176
f 3775 4176 3777
f 3777 4176 4178
f 4180 4187 4178
f 4187 3777 4178
f 4187 3779 3777
f 3779 4188 3781
f 4187 4188 3779
f 3781 4189 3783
f 4188 4189 3781
f 3783 4190 3784
f 4189 4190 3783
f 4192 4191 3786
f 4192 3786 3787
f 3786 4193 3789
f 4191 4193 3786
f 3790 3789 4193
f 3790 4193 4194
f 4197 4196 4195
f 4195 4196 4183
f 4181 4195 4183
f 4198 4195 4181
f 3793 4198 3792
f 4198 4184 3792
f 4198 4181 4184
f 3792 4184 3795
f 3795 4184 4185
f 3795 4185 3797
f 3797 4185 4186
f 3797 4186 3769
f 4201 4200 4199
f 4200 4192 4199
f 4192 3800 4199
f 4192 3787 3800
f 4203 3802 4202
f 3802 4194 4202
f 3802 3790 4194
f 4204 4203 4202
f 4206 4205 3805
f 4206 3805 3804
f 3805 4207 3806
f 4205 4207 3805
f 4195 3807 4197
f 3807 4207 4197
f 3807 3806 4207
f 3807 4195 3808
f 3808 4195 4198
f 3808 4198 3793
f 4210 4209 4208
f 4208 4209 4201
f 4208 4201 4199
f 3811 4208 4199
f 3810 3811 4199
f 3810 4199 3800
f 4203 3814 3802
f 4204 4211 4203
f 4211 3814 4203
f 4211 3816 3814
f 3816 4212 3817
f 4211 4212 3816
f 4212 4214 4213
f 3818 4212 4213
f 3817 4212 3818
f 4215 3819 3818
f 4215 3818 4213
f 4216 3820 3819
f 4216 3819 4215
f 3820 4216 4217
f 4218 3820 4217
f 3821 3820 4218
f 3821 4219 3822
f 4218 4219 3821
f 3804 3822 4206
f 4206 3822 4219
f 4210 4208 3824
f 3825 4210 3824
f 4220 4210 3825
f 3824 4208 3811
f 4214 4221 4213
f 4213 4221 4215
f 4215 4221 4222
f 4215 4222 4216
f 4216 4222 4223
f 4216 4223 4217
f 4225 4224 3828
f 3826 4225 3828
f 4226 4225 3826
f 4228 4227 4224
f 4228 4224 4225
f 4229 4227 4228
f 3829 4220 3825
f 3829 4230 4220
f 4224 3830 3828
f 3830 4224 3831
f 4224 4231 3831
f 4224 4227 4231
f 4227 4229 4232
f 4233 4227 4232
f 4231 4227 4233
f 4234 4233 4232
f 3833 4235 3832
f 4235 4236 3832
f 4236 3829 3832
f 4236 4230 3829
f 4237 3835 3836
f 4238 4237 3836
f 4238 3836 3831
f 4239 4238 3831
f 4231 4239 3831
f 4239 4231 4233
f 4239 4233 4240
f 4240 4233 4234
f 3838 4241 4235
f 3838 4235 3833
f 4236 4235 4242
f 4242 4235 4241
f 3839 3835 4237
f 4243 3839 4237
f 4244 3839 4243
f 4243 4237 4238
f 3840 4241 3838
f 4245 4242 4241
f 3840 4245 4241
f 3841 4245 3840
f 4247 4246 3843
f 4246 3841 3843
f 4246 4245 3841
f 4249 4248 4247
f 4247 4248 4246
f 4251 4250 4249
f 4249 4250 4248
f 4251 4252 4250
f 3844 4247 3843
f 4247 3844 3846
f 4247 3846 4249
f 4249 3846 3848
f 4249 3848 4251
f 4253 4252 4251
f 3848 4253 4251
f 3850 4253 3848
f 3850 3852 4253
f 4253 3852 4254
f 4256 4255 3855
f 4256 3855 3854
f 3852 3855 4254
f 4254 3855 4255
f 3857 4257 3858
f 3858 4257 4258
f 4259 3858 4258
f 3859 3858 4259
f 3854 3859 4256
f 4256 3859 4259
f 4261 4260 3860
f 4261 3860 3861
f 3860 4262 3862
f 4260 4262 3860
f 3857 3862 4257
f 3862 4263 4257
f 3862 4262 4263
f 4257 4263 4258
f 4264 3863 3864
f 3865 4265 3864
f 3864 4265 4264
f 3867 4265 3865
f 3869 4261 3861
f 3869 4266 4261
f 4267 3870 3871
f 4268 4267 3871
f 4268 3871 3863
f 4269 4268 3863
f 4264 4269 3863
f 4269 4264 4265
f 4269 4265 4270
f 4272 4270 4271
f 4271 4270 3872
f 4270 4265 3872
f 4265 3867 3872
f 3873 4271 3872
f 3884 4273 3885
f 3885 4273 4274
f 4275 3885 4274
f 3886 3885 4275
f 3869 3886 4266
f 4266 3886 4275
f 4276 3887 3888
f 4277 4276 3888
f 4277 3888 3870
f 4278 4277 3870
f 4267 4278 3870
f 4278 4267 4268
f 4279 4272 4271
f 4279 4271 3873
f 3889 4279 3873
f 4280 4279 3889
f 4281 3889 3890
f 4281 4280 3889
f 4282 3890 3891
f 4282 4281 3890
f 4283 3891 3892
f 4283 4282 3891
f 4284 3892 3894
f 4284 4283 3892
f 4285 3894 3896
f 4285 4284 3894
f 4286 3896 3898
f 4286 4285 3896
f 4288 4287 3900
f 4287 3898 3900
f 4287 4286 3898
f 4290 4289 4288
f 4288 4289 4287
f 4292 4291 4290
f 4290 4291 4289
f 4294 4293 4292
f 4292 4293 4291
f 4295 3902 3901
f 4295 3901 4296
f 4297 3903 3902
f 4297 3902 4295
f 4298 3904 3903
f 4298 3903 4297
f 4299 3905 3904
f 4299 3904 4298
f 3905 4299 4300
f 4301 3905 4300
f 3906 3905 4301
f 3906 4302 3907
f 4301 4302 3906
f 3907 4303 3908
f 4302 4303 3907
f 3908 4304 3909
f 4303 4304 3908
f 3909 4305 3910
f 4304 4305 3909
f 3884 3910 4273
f 3910 4306 4273
f 3910 4305 4306
f 4273 4306 4274
f 4307 3911 3912
f 4308 4307 3912
f 4308 3912 3887
f 4309 4308 3887
f 4276 4309 3887
f 4309 4276 4277
f 3913 4288 3900
f 4288 3913 3914
f 4288 3914 4290
f 4290 3914 3915
f 4290 3915 4292
f 4292 3915 3916
f 4292 3916 4294
f 4296 4310 4295
f 4295 4310 4311
f 4295 4311 4297
f 4297 4311 4312
f 4297 4312 4298
f 4298 4312 4313
f 4298 4313 4299
f 4299 4313 4314
f 4299 4314 4300
f 4317 4316 4315
f 4319 4318 4315
f 4315 4318 4317
f 4321 4320 4319
f 4319 4320 4318
f 3917 3918 4321
f 3918 4320 4321
f 3918 4322 4320
f 3918 3911 4307
f 4323 3918 4307
f 4322 3918 4323
f 4323 4307 4308
f 4326 4325 4324
f 4327 3920 3921
f 4327 3921 4328
f 3921 4329 4328
f 3921 3922 4329
f 4330 3922 3924
f 4330 4329 3922
f 4331 3924 3926
f 4331 4330 3924
f 4332 3926 3928
f 4332 4331 3926
f 3930 4315 4316
f 4332 3930 4316
f 3928 3930 4332
f 4315 3930 3932
f 4315 3932 4319
f 4319 3932 3933
f 4319 3933 4321
f 4321 3933 3917
f 4333 4325 4326
f 3937 4333 4326
f 3935 4333 3937
f 4334 3935 3938
f 4334 4333 3935
f 4336 4335 3940
f 4335 3938 3940
f 4335 4334 3938
f 4338 4337 4336
f 4336 4337 4335
f 4340 4339 4338
f 4338 4339 4337
f 4342 4341 4340
f 4340 4341 4339
f 4342 4343 4341
f 4346 4345 4344
f 4347 4346 4327
f 4346 3941 4327
f 3941 3920 4327
f 4346 4344 3941
f 4347 4327 4328
f 4349 4348 3943
f 4349 3943 3944
f 3943 4350 3946
f 4348 4350 3943
f 3946 4351 3947
f 4350 4351 3946
f 3947 4352 3948
f 4351 4352 3947
f 3948 4353 3949
f 4352 4353 3948
f 3949 4354 3950
f 4353 4354 3949
f 3950 4355 3951
f 4354 4355 3950
f 3951 4356 3952
f 4355 4356 3951
f 3952 4357 3953
f 4356 4357 3952
f 4357 4359 4358
f 3954 4357 4358
f 3953 4357 3954
f 4358 3956 3954
f 3957 4336 3940
f 4336 3957 3958
f 4336 3958 4338
f 4338 3958 3959
f 4338 3959 4340
f 4340 3959 3960
f 4340 3960 4342
f 4360 4343 4342
f 3960 4360 4342
f 3961 4360 3960
f 4361 3961 3963
f 4361 4360 3961
f 4362 3963 3965
f 4362 4361 3963
f 4363 3965 3967
f 4363 4362 3965
f 4364 3967 3969
f 4364 4363 3967
f 4365 3969 3971
f 4365 4364 3969
f 3973 4344 4345
f 4365 3973 4345
f 3971 3973 4365
f 4344 3973 3941
f 4367 4366 3974
f 4367 3974 3975
f 3974 4368 3976
f 4366 4368 3974
f 3944 3976 4349
f 4349 3976 4368
f 4359 4369 4358
f 4358 4369 3956
f 4369 3977 3956
f 4369 4370 3977
f 3977 4371 3978
f 4370 4371 3977
f 4371 4373 4372
f 3979 4371 4372
f 3978 4371 3979
f 4372 3981 3979
f 4375 4374 3983
f 4375 3983 3984
f 3975 3983 4367
f 4367 3983 4374
f 4373 4376 4372
f 4372 4376 3981
f 4376 3985 3981
f 4376 4377 3985
f 4377 4379 4378
f 3986 4377 4378
f 3985 4377 3986
f 4381 4380 3989
f 4381 3989 3988
f 3984 3989 4375
f 4375 3989 4380
f 4384 4383 4382
f 4384 4382 4379
f 4382 4378 4379
f 4382 4385 4378
f 4388 4387 4386
f 4390 4389 4386
f 4390 4386 4387
f 4392 4391 4389
f 4392 4389 4390
f 4394 4393 4391
f 4394 4391 4392
f 3991 3992 4393
f 4394 3991 4393
f 4395 3991 4394
f 4398 4397 4396
f 4400 4399 4396
f 4400 4396 4397
f 4402 4401 4399
f 4402 4399 4400
f 4404 4403 4401
f 4404 4401 4402
f 4406 4405 4403
f 4406 4403 4404
f 3994 3995 4405
f 4406 3994 4405
f 4407 3994 4406
f 4386 3997 4388
f 3997 4407 4388
f 3997 3994 4407
f 3997 4386 3999
f 3999 4386 4389
f 3999 4389 4001
f 4001 4389 4391
f 4001 4391 4003
f 4003 4391 4393
f 4003 4393 3992
f 4410 4409 4408
f 4408 4409 4398
f 4396 4408 4398
f 4411 4408 4396
f 4412 4396 4399
f 4411 4396 4412
f 4413 4399 4401
f 4412 4399 4413
f 4414 4401 4403
f 4413 4401 4414
f 4006 4414 4005
f 4414 4405 4005
f 4414 4403 4405
f 4005 4405 3995
f 4415 4410 4408
f 4417 4416 4415
f 4408 4417 4415
f 4411 4417 4408
f 4418 4411 4412
f 4417 4411 4418
f 4419 4412 4413
f 4418 4412 4419
f 4420 4413 4414
f 4419 4413 4420
f 4013 4421 4006
f 4421 4414 4006
f 4421 4420 4414
f 4014 4421 4013
f 4422 4416 4417
f 4422 4417 4418
f 4422 4418 4423
f 4423 4418 4419
f 4423 4419 4424
f 4426 4425 4424
f 4419 4426 4424
f 4420 4426 4419
f 4427 4420 4421
f 4426 4420 4427
f 4021 4428 4014
f 4428 4421 4014
f 4428 4427 4421
f 4022 4429 4021
f 4021 4429 4428
f 4023 4430 4022
f 4022 4430 4429
f 4024 4430 4023
f 4431 4425 4426
f 4431 4426 4427
f 4431 4427 4432
f 4432 4427 4428
f 4432 4428 4433
f 4433 4428 4429
f 4433 4429 4434
f 4436 4435 4434
f 4429 4436 4434
f 4430 4436 4429
f 4028 4437 4024
f 4437 4430 4024
f 4437 4436 4430
f 4029 4438 4028
f 4028 4438 4437
f 4030 4439 4029
f 4029 4439 4438
f 4440 4435 4436
f 4440 4436 4437
f 4440 4437 4441
f 4441 4437 4438
f 4441 4438 4442
f 4442 4438 4439
f 4442 4439 4443
f 4446 4445 4444
f 4447 4444 4445
f 4450 4449 4448
f 4448 4449 4446
f 4448 4446 4444
f 4033 4448 4444
f 4032 4033 4444
f 4447 4451 4444
f 4451 4032 4444
f 4451 4035 4032
f 4036 4035 4451
f 4036 4451 4452
f 4450 4448 4453
f 4450 4453 4454
f 4037 4455 4033
f 4455 4448 4033
f 4455 4453 4448
f 4038 4456 4037
f 4037 4456 4455
f 4036 4452 4457
f 4456 4036 4457
f 4458 4456 4457
f 4038 4036 4456
f 4459 4458 4457
f 4462 4461 4460
f 4464 4463 4460
f 4464 4460 4461
f 4466 4465 4463
f 4466 4463 4464
f 4468 4467 4465
f 4468 4465 4466
f 4454 4453 4469
f 4454 4469 4470
f 4471 4453 4455
f 4469 4453 4471
f 4472 4455 4456
f 4471 4455 4472
f 4458 4474 4473
f 4472 4458 4473
f 4456 4458 4472
f 4474 4458 4459
f 4477 4476 4475
f 4479 4478 4475
f 4479 4475 4476
f 4481 4480 4478
f 4481 4478 4479
f 4483 4482 4480
f 4483 4480 4481
f 4485 4484 4482
f 4485 4482 4483
f 4487 4486 4484
f 4487 4484 4485
f 4489 4488 4486
f 4489 4486 4487
f 4491 4490 4488
f 4491 4488 4489
f 4490 4491 4462
f 4460 4490 4462
f 4492 4490 4460
f 4493 4460 4463
f 4492 4460 4493
f 4494 4463 4465
f 4493 4463 4494
f 4495 4465 4467
f 4494 4465 4495
f 4496 4470 4469
f 4040 4497 4039
f 4497 4469 4039
f 4469 4471 4039
f 4497 4496 4469
f 4039 4471 4041
f 4471 4498 4041
f 4471 4472 4498
f 4472 4473 4499
f 4472 4499 4498
f 4502 4501 4500
f 4500 4501 4477
f 4500 4477 4475
f 4044 4500 4475
f 4043 4044 4475
f 4043 4475 4046
f 4046 4475 4478
f 4046 4478 4048
f 4048 4478 4480
f 4048 4480 4050
f 4050 4480 4482
f 4050 4482 4052
f 4052 4482 4484
f 4052 4484 4054
f 4054 4484 4486
f 4054 4486 4056
f 4056 4486 4488
f 4056 4488 4058
f 4058 4488 4490
f 4058 4490 4060
f 4060 4490 4492
f 4060 4492 4061
f 4492 4503 4061
f 4492 4493 4503
f 4504 4493 4494
f 4503 4493 4504
f 4505 4494 4495
f 4504 4494 4505
f 4040 4062 4506
f 4507 4040 4506
f 4497 4040 4507
f 4508 4506 4062
f 4508 4062 4041
f 4509 4508 4041
f 4498 4509 4041
f 4509 4498 4499
f 4511 4510 4064
f 4511 4064 4065
f 4500 4066 4502
f 4066 4510 4502
f 4066 4064 4510
f 4066 4500 4044
f 4512 4068 4069
f 4070 4512 4069
f 4075 4061 4503
f 4515 4514 4513
f 4513 4514 4516
f 4077 4516 4514
f 4516 4077 4504
f 4075 4504 4077
f 4504 4075 4503
f 4516 4504 4505
f 4516 4505 4517
f 4518 4507 4506
f 4518 4506 4508
f 4079 4511 4065
f 4079 4519 4511
f 4520 4080 4512
f 4512 4080 4068
f 4081 4521 4070
f 4521 4512 4070
f 4521 4520 4512
f 4082 4522 4081
f 4081 4522 4521
f 4522 4082 4523
f 4082 4524 4523
f 4082 4083 4524
f 4525 4083 4084
f 4525 4524 4083
f 4085 4514 4515
f 4525 4085 4515
f 4084 4085 4525
f 4514 4085 4077
f 4527 4526 4087
f 4527 4087 4088
f 4087 4528 4089
f 4526 4528 4087
f 4089 4529 4091
f 4528 4529 4089
f 4092 4091 4529
f 4092 4529 4530
f 4094 4519 4079
f 4094 4531 4519
f 4533 4532 4100
f 4100 4532 4099
f 4100 4080 4520
f 4534 4100 4520
f 4533 4100 4534
f 4534 4520 4521
f 4534 4521 4535
f 4535 4521 4522
f 4535 4522 4536
f 4536 4522 4523
f 4539 4538 4537
f 4538 4527 4537
f 4527 4101 4537
f 4527 4088 4101
f 4530 4540 4092
f 4092 4540 4103
f 4104 4103 4540
f 4104 4540 4541
f 4542 4531 4094
f 4542 4094 4105
f 4543 4105 4106
f 4543 4542 4105
f 4544 4106 4107
f 4544 4543 4106
f 4545 4107 4108
f 4545 4544 4107
f 4546 4108 4109
f 4546 4545 4108
f 4109 4099 4532
f 4109 4532 4546
f 4549 4548 4547
f 4547 4548 4539
f 4547 4539 4537
f 4112 4547 4537
f 4111 4112 4537
f 4111 4537 4101
f 4541 4550 4104
f 4104 4550 4114
f 4115 4114 4550
f 4115 4550 4551
f 4549 4547 4117
f 4118 4549 4117
f 4552 4549 4118
f 4117 4547 4112
f 4551 4119 4115
f 4553 4119 4551
f 4121 4552 4118
f 4121 4554 4552
f 4553 4122 4119
f 4555 4122 4553
f 4556 4554 4121
f 4556 4121 4124
f 4124 4126 4556
f 4556 4126 4557
f 4555 4128 4122
f 4558 4128 4555
f 4559 4557 4126
f 4559 4126 4133
f 4560 4133 4134
f 4560 4559 4133
f 4562 4560 4561
f 4560 4135 4561
f 4560 4134 4135
f 4561 4135 4563
f 4135 4564 4563
f 4135 4136 4564
f 4565 4136 4137
f 4565 4564 4136
f 4566 4137 4138
f 4566 4565 4137
f 4138 4128 4558
f 4138 4558 4566
f 4140 4567 4139
f 4568 4141 4139
f 4568 4139 4567
f 4569 4142 4141
f 4569 4141 4568
f 4570 4143 4142
f 4570 4142 4569
f 4571 4144 4143
f 4571 4143 4570
f 4571 4145 4144
f 4572 4562 4561
f 4572 4561 4563
f 4147 4573 4146
f 4567 4140 4146
f 4573 4567 4146
f 4574 4567 4573
f 4567 4575 4568
f 4567 4574 4575
f 4568 4576 4569
f 4568 4575 4576
f 4578 4570 4577
f 4570 4576 4577
f 4570 4569 4576
f 4580 4579 4578
f 4579 4570 4578
f 4579 4571 4570
f 4579 4149 4145
f 4579 4145 4571
f 4583 4582 4581
f 4584 4581 4582
f 4150 4573 4147
f 4573 4150 4151
f 4585 4573 4151
f 4574 4573 4585
f 4574 4586 4575
f 4574 4585 4586
f 4575 4587 4576
f 4575 4586 4587
f 4577 4576 4588
f 4588 4576 4587
f 4580 4589 4579
f 4579 4589 4149
f 4589 4153 4149
f 4589 4590 4153
f 4154 4153 4590
f 4154 4590 4591
f 4594 4593 4592
f 4596 4595 4592
f 4596 4592 4593
f 4597 4595 4596
f 4598 4583 4581
f 4598 4581 4584
f 4155 4585 4151
f 4585 4155 4157
f 4585 4157 4586
f 4586 4157 4159
f 4599 4586 4159
f 4587 4586 4599
f 4588 4587 4600
f 4600 4587 4599
f 4601 4160 4161
f 4154 4591 4602
f 4601 4154 4602
f 4603 4601 4602
f 4161 4154 4601
f 4603 4602 4594
f 4592 4603 4594
f 4604 4603 4592
f 4605 4592 4595
f 4604 4592 4605
f 4595 4597 4606
f 4607 4595 4606
f 4605 4595 4607
f 4609 4608 4607
f 4609 4607 4606
f 4611 4610 4608
f 4611 4608 4609
f 4612 4610 4611
f 4162 4599 4159
f 4162 4163 4599
f 4163 4613 4599
f 4613 4600 4599
f 4163 4614 4613
f 4165 4614 4163
f 4601 4166 4160
f 4166 4601 4169
f 4169 4601 4603
f 4169 4603 4171
f 4171 4603 4604
f 4171 4604 4173
f 4173 4604 4605
f 4173 4605 4175
f 4175 4605 4607
f 4175 4607 4177
f 4177 4607 4608
f 4177 4608 4179
f 4179 4608 4610
f 4616 4615 4180
f 4616 4180 4179
f 4612 4616 4179
f 4610 4612 4179
f 4618 4617 4615
f 4618 4615 4616
f 4620 4619 4617
f 4620 4617 4618
f 4622 4621 4619
f 4622 4619 4620
f 4625 4624 4623
f 4623 4624 4613
f 4623 4613 4614
f 4183 4623 4614
f 4182 4183 4614
f 4182 4614 4165
f 4615 4187 4180
f 4187 4615 4188
f 4188 4615 4617
f 4188 4617 4189
f 4189 4617 4619
f 4189 4619 4190
f 4190 4619 4621
f 4628 4627 4626
f 4191 4192 4626
f 4627 4191 4626
f 4629 4191 4627
f 4191 4630 4193
f 4629 4630 4191
f 4194 4193 4630
f 4194 4630 4631
f 4634 4633 4632
f 4632 4633 4625
f 4632 4625 4623
f 4197 4632 4623
f 4196 4197 4623
f 4196 4623 4183
f 4637 4636 4635
f 4639 4638 4635
f 4635 4638 4637
f 4642 4641 4640
f 4640 4641 4628
f 4640 4628 4626
f 4201 4640 4626
f 4200 4201 4626
f 4200 4626 4192
f 4631 4643 4194
f 4194 4643 4202
f 4204 4202 4643
f 4204 4643 4644
f 4646 4645 4205
f 4646 4205 4206
f 4632 4207 4634
f 4207 4645 4634
f 4207 4205 4645
f 4207 4632 4197
f 4635 4636 4647
f 4647 4636 4648
f 4635 4649 4639
f 4635 4647 4649
f 4642 4640 4209
f 4210 4642 4209
f 4650 4642 4210
f 4209 4640 4201
f 4644 4651 4204
f 4204 4651 4211
f 4211 4652 4212
f 4651 4652 4211
f 4214 4212 4652
f 4214 4652 4653
f 4217 4654 4218
f 4218 4654 4655
f 4656 4218 4655
f 4219 4218 4656
f 4206 4219 4646
f 4646 4219 4656
f 4648 4657 4647
f 4647 4657 4649
f 4649 4657 4658
f 4220 4650 4210
f 4220 4659 4650
f 4653 4660 4214
f 4214 4660 4221
f 4660 4662 4661
f 4222 4660 4661
f 4221 4660 4222
f 4663 4223 4222
f 4663 4222 4661
f 4663 4664 4223
f 4223 4664 4217
f 4664 4665 4217
f 4665 4654 4217
f 4654 4665 4655
f 4226 4666 4225
f 4667 4666 4226
f 4225 4668 4228
f 4666 4668 4225
f 4670 4669 4229
f 4228 4670 4229
f 4668 4670 4228
f 4671 4669 4670
f 4230 4659 4220
f 4230 4672 4659
f 4662 4673 4661
f 4661 4673 4663
f 4663 4673 4674
f 4663 4674 4664
f 4669 4232 4229
f 4676 4675 4234
f 4676 4234 4232
f 4671 4676 4232
f 4669 4671 4232
f 4677 4675 4676
f 4236 4672 4230
f 4236 4678 4672
f 4679 4238 4239
f 4240 4680 4239
f 4239 4680 4679
f 4234 4675 4240
f 4675 4680 4240
f 4675 4681 4680
f 4675 4677 4682
f 4675 4682 4681
f 4242 4678 4236
f 4242 4683 4678
f 4243 4684 4244
f 4244 4684 4685
f 4238 4679 4243
f 4679 4684 4243
f 4679 4686 4684
f 4680 4688 4687
f 4686 4680 4687
f 4679 4680 4686
f 4688 4680 4681
f 4688 4681 4689
f 4689 4681 4682
f 4690 4683 4242
f 4690 4242 4245
f 4691 4245 4246
f 4691 4690 4245
f 4692 4246 4248
f 4692 4691 4246
f 4693 4248 4250
f 4693 4692 4248
f 4250 4252 4693
f 4693 4252 4694
f 4684 4696 4695
f 4697 4684 4695
f 4685 4684 4697
f 4696 4684 4686
f 4696 4686 4698
f 4698 4686 4687
f 4252 4253 4699
f 4700 4252 4699
f 4694 4252 4700
f 4254 4699 4253
f 4701 4697 4695
f 4700 4699 4255
f 4256 4700 4255
f 4702 4700 4256
f 4255 4699 4254
f 4705 4704 4703
f 4707 4706 4703
f 4707 4703 4704
f 4259 4258 4706
f 4707 4259 4706
f 4708 4259 4707
f 4256 4259 4702
f 4702 4259 4708
f 4710 4709 4260
f 4710 4260 4261
f 4703 4262 4705
f 4262 4709 4705
f 4262 4260 4709
f 4262 4703 4263
f 4263 4703 4706
f 4263 4706 4258
f 4266 4710 4261
f 4266 4711 4710
f 4712 4268 4269
f 4270 4713 4269
f 4269 4713 4712
f 4713 4270 4272
f 4716 4715 4714
f 4718 4717 4714
f 4714 4717 4716
f 4720 4719 4718
f 4718 4719 4717
f 4722 4721 4720
f 4720 4721 4719
f 4724 4723 4722
f 4722 4723 4721
f 4724 4725 4723
f 4727 4726 4275
f 4727 4275 4274
f 4266 4275 4711
f 4711 4275 4726
f 4729 4728 4278
f 4278 4728 4277
f 4278 4268 4712
f 4730 4278 4712
f 4729 4278 4730
f 4730 4712 4713
f 4730 4713 4731
f 4731 4714 4715
f 4731 4279 4714
f 4731 4713 4272
f 4279 4731 4272
f 4714 4279 4280
f 4714 4280 4718
f 4718 4280 4281
f 4718 4281 4720
f 4720 4281 4282
f 4720 4282 4722
f 4722 4282 4283
f 4722 4283 4724
f 4732 4725 4724
f 4283 4732 4724
f 4284 4732 4283
f 4733 4284 4285
f 4733 4732 4284
f 4734 4285 4286
f 4734 4733 4285
f 4735 4286 4287
f 4735 4734 4286
f 4736 4287 4289
f 4736 4735 4287
f 4737 4289 4291
f 4737 4736 4289
f 4738 4291 4293
f 4738 4737 4291
f 4300 4739 4301
f 4740 4302 4301
f 4740 4301 4739
f 4741 4303 4302
f 4741 4302 4740
f 4742 4304 4303
f 4742 4303 4741
f 4743 4305 4304
f 4743 4304 4742
f 4305 4743 4744
f 4745 4305 4744
f 4306 4305 4745
f 4274 4306 4727
f 4727 4306 4745
f 4747 4746 4309
f 4309 4746 4308
f 4309 4277 4728
f 4309 4728 4747
f 4748 4311 4310
f 4748 4310 4749
f 4750 4312 4311
f 4750 4311 4748
f 4751 4313 4312
f 4751 4312 4750
f 4752 4314 4313
f 4752 4313 4751
f 4752 4753 4314
f 4314 4753 4300
f 4753 4754 4300
f 4754 4739 4300
f 4739 4754 4740
f 4740 4754 4755
f 4740 4755 4741
f 4741 4755 4756
f 4741 4756 4742
f 4742 4756 4757
f 4742 4757 4743
f 4743 4757 4758
f 4743 4758 4744
f 4761 4760 4759
f 4316 4317 4759
f 4317 4761 4759
f 4317 4762 4761
f 4763 4317 4318
f 4763 4762 4317
f 4764 4318 4320
f 4764 4763 4318
f 4765 4320 4322
f 4765 4764 4320
f 4766 4322 4323
f 4766 4765 4322
f 4323 4308 4746
f 4323 4746 4766
f 4749 4324 4325
f 4767 4749 4325
f 4748 4749 4767
f 4748 4768 4750
f 4748 4767 4768
f 4750 4769 4751
f 4750 4768 4769
f 4751 4770 4752
f 4751 4769 4770
f 4753 4752 4771
f 4752 4772 4771
f 4752 4770 4772
f 4774 4773 4772
f 4772 4773 4771
f 4774 4775 4773
f 4776 4328 4329
f 4776 4329 4777
f 4329 4778 4777
f 4329 4330 4778
f 4779 4330 4331
f 4779 4778 4330
f 4332 4759 4760
f 4779 4332 4760
f 4331 4332 4779
f 4759 4332 4316
f 4333 4767 4325
f 4767 4333 4334
f 4767 4334 4768
f 4768 4334 4335
f 4768 4335 4769
f 4769 4335 4337
f 4769 4337 4770
f 4770 4337 4339
f 4770 4339 4772
f 4772 4339 4341
f 4772 4341 4774
f 4781 4780 4343
f 4343 4780 4341
f 4780 4775 4341
f 4775 4774 4341
f 4783 4782 4781
f 4781 4782 4780
f 4785 4784 4783
f 4783 4784 4782
f 4787 4786 4785
f 4785 4786 4784
f 4789 4788 4787
f 4787 4788 4786
f 4791 4790 4789
f 4789 4790 4788
f 4345 4346 4791
f 4346 4790 4791
f 4346 4792 4790
f 4793 4346 4347
f 4793 4792 4346
f 4347 4328 4776
f 4794 4347 4776
f 4793 4347 4794
f 4794 4776 4777
f 4796 4795 4348
f 4796 4348 4349
f 4348 4797 4350
f 4795 4797 4348
f 4350 4798 4351
f 4797 4798 4350
f 4351 4799 4352
f 4798 4799 4351
f 4352 4800 4353
f 4799 4800 4352
f 4353 4801 4354
f 4800 4801 4353
f 4354 4802 4355
f 4801 4802 4354
f 4802 4804 4803
f 4356 4802 4803
f 4355 4802 4356
f 4805 4357 4356
f 4805 4356 4803
f 4805 4359 4357
f 4360 4781 4343
f 4781 4360 4361
f 4781 4361 4783
f 4783 4361 4362
f 4783 4362 4785
f 4785 4362 4363
f 4785 4363 4787
f 4787 4363 4364
f 4787 4364 4789
f 4789 4364 4365
f 4789 4365 4791
f 4791 4365 4345
f 4367 4806 4366
f 4366 4806 4807
f 4808 4366 4807
f 4368 4366 4808
f 4349 4368 4796
f 4796 4368 4808
f 4804 4809 4803
f 4803 4809 4805
f 4805 4809 4810
f 4805 4810 4359
f 4810 4369 4359
f 4810 4811 4369
f 4811 4813 4812
f 4370 4811 4812
f 4369 4811 4370
f 4814 4371 4370
f 4814 4370 4812
f 4814 4373 4371
f 4375 4815 4374
f 4815 4816 4374
f 4374 4816 4367
f 4816 4817 4367
f 4817 4806 4367
f 4806 4817 4807
f 4812 4813 4818
f 4818 4813 4819
f 4812 4820 4814
f 4812 4818 4820
f 4821 4376 4373
f 4814 4821 4373
f 4820 4821 4814
f 4822 4377 4376
f 4822 4376 4821
f 4822 4379 4377
f 4381 4823 4380
f 4823 4824 4380
f 4380 4824 4375
f 4824 4825 4375
f 4825 4815 4375
f 4815 4825 4816
f 4818 4819 4826
f 4826 4819 4827
f 4818 4828 4820
f 4818 4826 4828
f 4820 4829 4821
f 4820 4828 4829
f 4829 4383 4384
f 4822 4829 4384
f 4821 4829 4822
f 4822 4384 4379
f 4832 4831 4830
f 4835 4834 4833
f 4837 4836 4833
f 4837 4833 4834
f 4839 4838 4836
f 4839 4836 4837
f 4841 4840 4838
f 4841 4838 4839
f 4387 4388 4840
f 4841 4387 4840
f 4842 4387 4841
f 4387 4843 4390
f 4842 4843 4387
f 4390 4844 4392
f 4843 4844 4390
f 4392 4845 4394
f 4844 4845 4392
f 4830 4395 4832
f 4395 4845 4832
f 4395 4394 4845
f 4848 4847 4846
f 4850 4849 4846
f 4850 4846 4847
f 4397 4398 4849
f 4850 4397 4849
f 4851 4397 4850
f 4397 4852 4400
f 4851 4852 4397
f 4833 4402 4835
f 4402 4852 4835
f 4402 4400 4852
f 4402 4833 4404
f 4404 4833 4836
f 4404 4836 4406
f 4406 4836 4838
f 4406 4838 4407
f 4407 4838 4840
f 4407 4840 4388
f 4848 4846 4853
f 4848 4853 4854
f 4410 4853 4409
f 4853 4849 4409
f 4853 4846 4849
f 4409 4849 4398
f 4854 4853 4855
f 4854 4855 4856
f 4415 4857 4410
f 4857 4853 4410
f 4857 4855 4853
f 4416 4857 4415
f 4858 4856 4855
f 4860 4859 4858
f 4855 4860 4858
f 4857 4860 4855
f 4422 4861 4416
f 4861 4857 4416
f 4861 4860 4857
f 4423 4862 4422
f 4422 4862 4861
f 4424 4863 4423
f 4423 4863 4862
f 4425 4863 4424
f 4866 4865 4864
f 4867 4864 4865
f 4868 4859 4860
f 4868 4860 4861
f 4868 4861 4869
f 4869 4861 4862
f 4869 4862 4870
f 4870 4862 4863
f 4870 4863 4871
f 4873 4871 4872
f 4872 4871 4431
f 4871 4863 4431
f 4863 4425 4431
f 4432 4874 4431
f 4431 4874 4872
f 4433 4875 4432
f 4432 4875 4874
f 4434 4876 4433
f 4433 4876 4875
f 4435 4876 4434
f 4879 4878 4877
f 4877 4878 4866
f 4864 4877 4866
f 4880 4877 4864
f 4864 4867 4881
f 4882 4864 4881
f 4880 4864 4882
f 4883 4882 4881
f 4884 4873 4872
f 4884 4872 4874
f 4884 4874 4885
f 4887 4886 4885
f 4874 4887 4885
f 4875 4887 4874
f 4888 4875 4876
f 4887 4875 4888
f 4440 4889 4435
f 4889 4876 4435
f 4889 4888 4876
f 4441 4890 4440
f 4440 4890 4889
f 4442 4891 4441
f 4441 4891 4890
f 4443 4892 4442
f 4442 4892 4891
f 4879 4877 4893
f 4879 4893 4894
f 4895 4877 4880
f 4893 4877 4895
f 4896 4880 4882
f 4895 4880 4896
f 4882 4883 4897
f 4882 4897 4896
f 4900 4899 4898
f 4902 4901 4898
f 4902 4898 4899
f 4904 4903 4901
f 4904 4901 4902
f 4906 4905 4903
f 4906 4903 4904
f 4907 4905 4906
f 4908 4886 4887
f 4908 4887 4888
f 4908 4888 4909
f 4909 4888 4889
f 4909 4889 4910
f 4910 4889 4890
f 4910 4890 4911
f 4911 4890 4891
f 4911 4891 4912
f 4912 4891 4892
f 4912 4892 4913
f 4894 4893 4914
f 4894 4914 4915
f 4446 4914 4445
f 4914 4895 4445
f 4914 4893 4895
f 4445 4895 4447
f 4895 4916 4447
f 4895 4896 4916
f 4896 4897 4917
f 4896 4917 4916
f 4918 4900 4898
f 4920 4919 4918
f 4898 4920 4918
f 4901 4920 4898
f 4921 4901 4903
f 4920 4901 4921
f 4922 4903 4905
f 4921 4903 4922
f 4905 4907 4923
f 4924 4905 4923
f 4922 4905 4924
f 4925 4924 4923
f 4915 4914 4449
f 4450 4915 4449
f 4926 4915 4450
f 4449 4914 4446
f 4916 4451 4447
f 4452 4451 4916
f 4917 4452 4916
f 4927 4452 4917
f 4919 4920 4928
f 4919 4928 4929
f 4930 4920 4921
f 4928 4920 4930
f 4931 4921 4922
f 4930 4921 4931
f 4932 4922 4924
f 4931 4922 4932
f 4924 4925 4933
f 4934 4924 4933
f 4932 4924 4934
f 4936 4935 4934
f 4936 4934 4933
f 4938 4937 4935
f 4938 4935 4936
f 4940 4939 4937
f 4940 4937 4938
f 4942 4941 4939
f 4942 4939 4940
f 4943 4941 4942
f 4454 4926 4450
f 4454 4944 4926
f 4927 4945 4452
f 4452 4945 4457
f 4459 4457 4945
f 4459 4945 4946
f 4949 4948 4947
f 4947 4948 4929
f 4928 4947 4929
f 4950 4947 4928
f 4951 4928 4930
f 4950 4928 4951
f 4952 4930 4931
f 4951 4930 4952
f 4953 4931 4932
f 4952 4931 4953
f 4954 4932 4934
f 4953 4932 4954
f 4955 4934 4935
f 4954 4934 4955
f 4956 4935 4937
f 4955 4935 4956
f 4462 4956 4461
f 4956 4939 4461
f 4956 4937 4939
f 4461 4939 4464
f 4464 4939 4941
f 4943 4957 4941
f 4957 4464 4941
f 4957 4466 4464
f 4466 4958 4468
f 4957 4958 4466
f 4470 4944 4454
f 4470 4959 4944
f 4960 4473 4474
f 4961 4960 4474
f 4459 4961 4474
f 4946 4961 4459
f 4964 4963 4962
f 4962 4963 4949
f 4962 4949 4947
f 4477 4962 4947
f 4476 4477 4947
f 4476 4947 4479
f 4479 4947 4950
f 4479 4950 4481
f 4481 4950 4951
f 4481 4951 4483
f 4483 4951 4952
f 4483 4952 4485
f 4485 4952 4953
f 4485 4953 4487
f 4487 4953 4954
f 4487 4954 4489
f 4489 4954 4955
f 4489 4955 4491
f 4491 4955 4956
f 4491 4956 4462
f 4470 4496 4965
f 4966 4470 4965
f 4959 4470 4966
f 4497 4965 4496
f 4968 4967 4960
f 4967 4473 4960
f 4967 4499 4473
f 4968 4960 4961
f 4964 4962 4501
f 4502 4964 4501
f 4969 4964 4502
f 4501 4962 4477
f 4970 4966 4965
f 4965 4497 4970
f 4497 4971 4970
f 4497 4507 4971
f 4972 4508 4509
f 4973 4972 4509
f 4499 4973 4509
f 4967 4973 4499
f 4511 4974 4510
f 4974 4975 4510
f 4975 4502 4510
f 4975 4969 4502
f 4976 4515 4513
f 4516 4977 4513
f 4513 4977 4976
f 4517 4978 4516
f 4516 4978 4977
f 4507 4518 4979
f 4980 4507 4979
f 4971 4507 4980
f 4508 4972 4518
f 4972 4979 4518
f 4972 4981 4979
f 4972 4973 4982
f 4972 4982 4981
f 4984 4983 4974
f 4511 4984 4974
f 4519 4984 4511
f 4974 4983 4975
f 4985 4523 4524
f 4985 4524 4986
f 4524 4987 4986
f 4524 4525 4987
f 4525 4515 4976
f 4988 4525 4976
f 4987 4525 4988
f 4988 4976 4977
f 4988 4977 4989
f 4989 4977 4978
f 4989 4978 4990
f 4992 4991 4526
f 4992 4526 4527
f 4979 4528 4980
f 4528 4991 4980
f 4528 4526 4991
f 4528 4979 4529
f 4529 4979 4981
f 4530 4529 4981
f 4982 4530 4981
f 4993 4530 4982
f 4531 4995 4994
f 4984 4531 4994
f 4519 4531 4984
f 4995 4996 4994
f 4998 4997 4533
f 4533 4997 4532
f 4999 4533 4534
f 4999 4998 4533
f 5000 4534 4535
f 5000 4999 4534
f 5001 4535 4536
f 5001 5000 4535
f 4536 4523 4985
f 5002 4536 4985
f 5001 4536 5002
f 5002 4985 4986
f 5004 5003 4538
f 5004 4538 4539
f 4527 4538 4992
f 4992 4538 5003
f 4993 5005 4530
f 4530 5005 4540
f 4541 4540 5005
f 4541 5005 5006
f 4542 4995 4531
f 5007 4996 4995
f 4542 5007 4995
f 4543 5007 4542
f 5008 4543 4544
f 5008 5007 4543
f 5009 4544 4545
f 5009 5008 4544
f 5010 4545 4546
f 5010 5009 4545
f 4546 4532 4997
f 4546 4997 5010
f 5012 5011 4548
f 5012 4548 4549
f 4539 4548 5004
f 5004 4548 5011
f 5006 5013 4541
f 4541 5013 4550
f 4551 4550 5013
f 4551 5013 5014
f 4552 5012 4549
f 4552 5015 5012
f 5014 4553 4551
f 5016 4553 5014
f 4554 5015 4552
f 4554 5017 5015
f 5016 4555 4553
f 5018 4555 5016
f 5019 5017 4554
f 5019 4554 4556
f 4556 4557 5019
f 5019 4557 5020
f 5018 4558 4555
f 5021 4558 5018
f 5022 5020 4557
f 5022 4557 4559
f 5023 4559 4560
f 5023 5022 4559
f 5025 5024 4562
f 5024 4560 4562
f 5024 5023 4560
f 4563 4564 5025
f 4564 5024 5025
f 4564 5026 5024
f 5027 4564 4565
f 5027 5026 4564
f 5028 4565 4566
f 5028 5027 4565
f 4566 4558 5021
f 4566 5021 5028
f 4572 5025 4562
f 5025 4572 4563
f 4577 5029 4578
f 4580 4578 5029
f 5032 5031 5030
f 5034 5033 5032
f 5034 5032 5030
f 5036 5035 5033
f 5036 5033 5034
f 5038 5037 5035
f 5038 5035 5036
f 5039 5037 5038
f 5042 5041 5040
f 5044 5043 5040
f 5044 5040 5041
f 5046 5045 5043
f 5046 5043 5044
f 5048 5047 5045
f 5048 5045 5046
f 4583 5049 4582
f 5049 4584 4582
f 4588 5050 5029
f 4588 5029 4577
f 5031 5032 5051
f 4589 5051 5032
f 5051 4589 5050
f 4580 5050 4589
f 5050 4580 5029
f 4589 5032 4590
f 4590 5032 5033
f 4590 5033 4591
f 5033 5052 4591
f 5033 5035 5052
f 4594 5052 4593
f 5052 5037 4593
f 5052 5035 5037
f 5039 5053 5037
f 5053 4593 5037
f 5053 4596 4593
f 5055 5054 4597
f 4596 5055 4597
f 5053 5055 4596
f 5057 5056 5054
f 5057 5054 5055
f 5059 5058 5056
f 5059 5056 5057
f 5058 5059 5042
f 5040 5058 5042
f 5060 5058 5040
f 5061 5040 5043
f 5060 5040 5061
f 5062 5043 5045
f 5061 5043 5062
f 5063 5045 5047
f 5062 5045 5063
f 4598 5049 4583
f 5049 4598 4584
f 5065 5064 5050
f 4588 5065 5050
f 4600 5065 4588
f 5050 5064 5051
f 5052 4602 4591
f 4602 5052 4594
f 5054 4606 4597
f 4606 5054 4609
f 4609 5054 5056
f 4609 5056 4611
f 4611 5056 5058
f 4611 5058 4612
f 5058 5066 4612
f 5058 5060 5066
f 5067 5060 5061
f 5066 5060 5067
f 5068 5061 5062
f 5067 5061 5068
f 5069 5062 5063
f 5068 5062 5069
f 4613 5065 4600
f 4613 5070 5065
f 5066 4616 4612
f 4616 5066 4618
f 4618 5066 5067
f 4618 5067 4620
f 4620 5067 5068
f 4620 5068 4622
f 4622 5068 5069
f 5072 5071 4624
f 5072 4624 4625
f 4613 4624 5070
f 5070 4624 5071
f 5074 5073 4627
f 5074 4627 4628
f 4627 5075 4629
f 5073 5075 4627
f 4629 5076 4630
f 5075 5076 4629
f 5078 5077 4631
f 4630 5078 4631
f 5076 5078 4630
f 5079 5077 5078
f 5081 5080 4633
f 5081 4633 4634
f 4625 4633 5072
f 5072 4633 5080
f 5084 5083 5082
f 4636 4637 5082
f 4637 5084 5082
f 4637 5085 5084
f 5086 4637 4638
f 5086 5085 4637
f 5088 5087 4641
f 5088 4641 4642
f 4628 4641 5074
f 5074 4641 5087
f 5077 4643 4631
f 5090 5089 4644
f 5090 4644 4643
f 5079 5090 4643
f 5077 5079 4643
f 5091 5089 5090
f 4646 5092 4645
f 5092 5093 4645
f 5093 4634 4645
f 5093 5081 4634
f 5096 5095 5094
f 5096 5094 5083
f 5094 5082 5083
f 5094 5097 5082
f 5097 4648 4636
f 5097 4636 5082
f 4650 5088 4642
f 4650 5098 5088
f 5089 4651 4644
f 4652 4651 5089
f 5099 4652 5089
f 5091 5099 5089
f 5100 4652 5099
f 5100 4653 4652
f 4655 5101 4656
f 5101 5102 4656
f 4656 5102 4646
f 5102 5103 4646
f 5103 5092 4646
f 5092 5103 5093
f 5095 5104 5094
f 5094 5104 5097
f 5097 5104 5105
f 5097 5105 4648
f 5105 4657 4648
f 5105 5106 4657
f 4657 5107 4658
f 5106 5107 4657
f 4659 5098 4650
f 4659 5108 5098
f 5099 5109 5100
f 5109 5111 5110
f 5109 5110 4660
f 5100 5109 4660
f 4653 5100 4660
f 5110 4662 4660
f 4664 5112 4665
f 5112 5113 4665
f 4665 5113 4655
f 5113 5114 4655
f 5114 5101 4655
f 5101 5114 5102
f 4667 5115 4666
f 5116 5115 4667
f 4666 5117 4668
f 5115 5117 4666
f 5117 5119 5118
f 4670 5117 5118
f 4668 5117 4670
f 5118 4671 4670
f 4672 5108 4659
f 4672 5120 5108
f 5111 5121 5110
f 5110 5121 4662
f 5121 4673 4662
f 5121 5122 4673
f 4673 5123 4674
f 5122 5123 4673
f 4664 4674 5112
f 4674 5124 5112
f 4674 5123 5124
f 5112 5124 5113
f 5119 5125 5118
f 5118 5125 4671
f 5125 4676 4671
f 5125 5126 4676
f 5128 5127 4677
f 4676 5128 4677
f 5126 5128 4676
f 5130 5129 5127
f 5130 5127 5128
f 5131 5129 5130
f 5134 5133 5132
f 5136 5135 5132
f 5136 5132 5133
f 5136 5120 5135
f 5120 4678 5135
f 5120 4672 4678
f 5137 4682 5127
f 5127 4682 4677
f 5138 5127 5129
f 5137 5127 5138
f 5129 5131 5139
f 5140 5129 5139
f 5138 5129 5140
f 5141 5140 5139
f 5134 5132 5142
f 5134 5142 5143
f 5144 5132 5135
f 5142 5132 5144
f 4683 5144 4678
f 4678 5144 5135
f 5145 4687 4688
f 4689 5146 4688
f 4688 5146 5145
f 4682 5137 4689
f 5137 5146 4689
f 5137 5147 5146
f 5148 5137 5138
f 5147 5137 5148
f 5140 5150 5149
f 5148 5140 5149
f 5138 5140 5148
f 5150 5140 5141
f 5151 5143 5142
f 5151 5142 5144
f 5151 5144 5152
f 5154 5152 5153
f 5153 5152 4690
f 5152 5144 4690
f 5144 4683 4690
f 4691 5155 4690
f 4690 5155 5153
f 5155 4691 5156
f 4691 5157 5156
f 4691 4692 5157
f 5159 5157 5158
f 5157 4693 5158
f 5157 4692 4693
f 4694 5158 4693
f 5160 4695 4696
f 4698 5161 4696
f 4696 5161 5160
f 4687 5145 4698
f 5145 5161 4698
f 5145 5162 5161
f 5146 5164 5163
f 5162 5146 5163
f 5145 5146 5162
f 5164 5146 5147
f 5164 5147 5165
f 5165 5147 5148
f 5165 5148 5166
f 5166 5148 5149
f 5167 5154 5153
f 5167 5153 5155
f 5167 5155 5168
f 5168 5155 5156
f 5159 5158 5169
f 5159 5169 5170
f 4700 5169 4694
f 4694 5169 5158
f 5172 5171 4701
f 5172 4701 4695
f 5173 5172 4695
f 5160 5173 4695
f 5173 5160 5161
f 5173 5161 5174
f 5174 5161 5162
f 5174 5162 5175
f 5175 5162 5163
f 5178 5177 5176
f 5180 5179 5176
f 5180 5176 5177
f 5182 5181 5179
f 5182 5179 5180
f 5181 5182 5170
f 5169 5181 5170
f 5183 5181 5169
f 4702 5183 4700
f 4700 5183 5169
f 5184 5171 5172
f 5178 5176 5185
f 5178 5185 5186
f 4705 5185 4704
f 5185 5179 4704
f 5185 5176 5179
f 4704 5179 4707
f 4707 5179 5181
f 4707 5181 4708
f 4708 5181 5183
f 4708 5183 4702
f 5186 5185 4709
f 4710 5186 4709
f 5187 5186 4710
f 4709 5185 4705
f 4711 5187 4710
f 4711 5188 5187
f 5191 5190 5189
f 4715 4716 5189
f 4716 5191 5189
f 4716 5192 5191
f 5193 4716 4717
f 5193 5192 4716
f 5194 4717 4719
f 5194 5193 4717
f 5195 4719 4721
f 5195 5194 4719
f 5196 4721 4723
f 5196 5195 4721
f 5198 5197 4725
f 5197 4723 4725
f 5197 5196 4723
f 5200 5199 5198
f 5198 5199 5197
f 5202 5201 5200
f 5200 5201 5199
f 5204 5203 5202
f 5202 5203 5201
f 5206 5205 5204
f 5204 5205 5203
f 5208 5207 5206
f 5206 5207 5205
f 5210 5209 5208
f 5208 5209 5207
f 4727 5211 4726
f 5211 5212 4726
f 5212 4711 4726
f 5212 5188 4711
f 5213 4728 4729
f 5213 4729 5214
f 4729 5215 5214
f 4729 4730 5215
f 4731 5189 5190
f 5215 4731 5190
f 4730 4731 5215
f 5189 4731 4715
f 4732 5198 4725
f 5198 4732 4733
f 5198 4733 5200
f 5200 4733 4734
f 5200 4734 5202
f 5202 4734 4735
f 5202 4735 5204
f 5204 4735 4736
f 5204 4736 5206
f 5206 4736 4737
f 5206 4737 5208
f 5208 4737 4738
f 5208 4738 5210
f 4744 5216 4745
f 5216 5217 4745
f 4745 5217 4727
f 5217 5218 4727
f 5218 5211 4727
f 5211 5218 5212
f 5220 5219 4747
f 4747 5219 4746
f 4747 4728 5213
f 5221 4747 5213
f 5220 4747 5221
f 5221 5213 5214
f 4753 5222 4754
f 5223 4755 4754
f 5223 4754 5222
f 5224 4756 4755
f 5224 4755 5223
f 5225 4757 4756
f 5225 4756 5224
f 5226 4758 4757
f 5226 4757 5225
f 5226 5227 4758
f 4758 5227 4744
f 5227 5228 4744
f 5228 5216 4744
f 5216 5228 5217
f 5230 5229 4761
f 4761 5229 4760
f 5231 4761 4762
f 5231 5230 4761
f 5232 4762 4763
f 5232 5231 4762
f 5233 4763 4764
f 5233 5232 4763
f 5234 4764 4765
f 5234 5233 4764
f 5235 4765 4766
f 5235 5234 4765
f 4766 4746 5219
f 4766 5219 5235
f 4771 5222 4753
f 5222 4771 4773
f 5222 4773 5223
f 5223 4773 4775
f 5236 5223 4775
f 5224 5223 5236
f 5224 5237 5225
f 5224 5236 5237
f 5225 5238 5226
f 5225 5237 5238
f 5227 5226 5239
f 5226 5240 5239
f 5226 5238 5240
f 5240 5241 5239
f 5242 4777 4778
f 5242 4778 5243
f 4778 5244 5243
f 4778 4779 5244
f 4779 4760 5229
f 4779 5229 5244
f 4780 5236 4775
f 5236 4780 4782
f 5236 4782 5237
f 5237 4782 4784
f 5237 4784 5238
f 5238 4784 4786
f 5238 4786 5240
f 5245 5241 5240
f 4786 5245 5240
f 4788 5245 4786
f 5246 4788 4790
f 5246 5245 4788
f 5247 4790 4792
f 5247 5246 4790
f 5249 5247 5248
f 5247 4793 5248
f 5247 4792 4793
f 5248 4793 5250
f 4793 5251 5250
f 4793 4794 5251
f 4794 4777 5242
f 5252 4794 5242
f 5251 4794 5252
f 5252 5242 5243
f 5254 5253 4795
f 5254 4795 4796
f 4795 5255 4797
f 5253 5255 4795
f 4797 5256 4798
f 5255 5256 4797
f 4798 5257 4799
f 5256 5257 4798
f 4799 5258 4800
f 5257 5258 4799
f 5258 5260 5259
f 4801 5258 5259
f 4800 5258 4801
f 5261 4802 4801
f 5261 4801 5259
f 5261 4804 4802
f 5262 5249 5248
f 5262 5248 5250
f 4807 5263 4808
f 5263 5264 4808
f 5264 4796 4808
f 5264 5254 4796
f 5260 5265 5259
f 5259 5265 5261
f 5261 5265 5266
f 5266 5268 5267
f 5266 5267 4809
f 5261 5266 4809
f 4804 5261 4809
f 5269 4810 4809
f 5269 4809 5267
f 5270 4811 4810
f 5270 4810 5269
f 5270 4813 4811
f 4816 5271 4817
f 5271 5272 4817
f 4817 5272 4807
f 5272 5273 4807
f 5273 5263 4807
f 5263 5273 5264
f 5267 5268 5274
f 5274 5268 5275
f 5267 5276 5269
f 5267 5274 5276
f 5269 5277 5270
f 5269 5276 5277
f 5277 4819 4813
f 5277 4813 5270
f 5279 5278 4825
f 5279 4825 4824
f 4816 4825 5271
f 4825 5280 5271
f 4825 5278 5280
f 5271 5280 5272
f 5275 5281 5274
f 5283 5282 5281
f 5282 5274 5281
f 5282 5276 5274
f 5276 5284 5277
f 5276 5282 5284
f 5284 4827 4819
f 5284 4819 5277
f 5287 5286 5285
f 5289 5288 5285
f 5289 5285 5286
f 5291 5290 5288
f 5291 5288 5289
f 5293 5292 5290
f 5293 5290 5291
f 4831 4832 5292
f 5293 4831 5292
f 5294 4831 5293
f 5297 5296 5295
f 5299 5298 5295
f 5299 5295 5296
f 4834 4835 5298
f 5299 4834 5298
f 5300 4834 5299
f 4834 5301 4837
f 5300 5301 4834
f 4837 5302 4839
f 5301 5302 4837
f 4839 5303 4841
f 5302 5303 4839
f 5285 4842 5287
f 4842 5303 5287
f 4842 4841 5303
f 4842 5285 4843
f 4843 5285 5288
f 4843 5288 4844
f 4844 5288 5290
f 4844 5290 4845
f 4845 5290 5292
f 4845 5292 4832
f 5306 5305 5304
f 4847 4848 5304
f 5305 4847 5304
f 5307 4847 5305
f 4847 5308 4850
f 5307 5308 4847
f 5295 4851 5297
f 4851 5308 5297
f 4851 4850 5308
f 4851 5295 4852
f 4852 5295 5298
f 4852 5298 4835
f 5311 5310 5309
f 5309 5310 5306
f 5304 5309 5306
f 5312 5309 5304
f 4854 5312 4848
f 4848 5312 5304
f 5313 5311 5309
f 5315 5314 5313
f 5309 5315 5313
f 5312 5315 5309
f 4856 5315 4854
f 4854 5315 5312
f 5318 5317 5316
f 5320 5319 5316
f 5320 5316 5317
f 5321 5319 5320
f 5322 5314 5315
f 5324 5322 5323
f 5323 5322 4858
f 5322 5315 4858
f 5315 4856 4858
f 4859 5323 4858
f 5327 5326 5325
f 5325 5326 5318
f 5325 5318 5316
f 4866 5325 5316
f 4865 4866 5316
f 4865 5316 4867
f 5316 5328 4867
f 5316 5319 5328
f 5319 5321 5329
f 5319 5329 5328
f 5330 5324 5323
f 5330 5323 4859
f 4868 5330 4859
f 5331 5330 4868
f 5333 5331 5332
f 5331 4869 5332
f 5331 4868 4869
f 4870 5334 4869
f 4869 5334 5332
f 4871 5335 4870
f 4870 5335 5334
f 4873 5335 4871
f 5327 5325 4878
f 4879 5327 4878
f 5336 5327 4879
f 4878 5325 4866
f 5328 4881 4867
f 5338 5337 4883
f 5338 4883 4881
f 5329 5338 4881
f 5328 5329 4881
f 5339 5337 5338
f 5333 5332 5340
f 5333 5340 5341
f 5342 5332 5334
f 5340 5332 5342
f 5343 5334 5335
f 5342 5334 5343
f 4884 5344 4873
f 5344 5335 4873
f 5344 5343 5335
f 4885 5345 4884
f 4884 5345 5344
f 4886 5345 4885
f 4894 5336 4879
f 4894 5346 5336
f 5347 4897 5337
f 5337 4897 4883
f 5337 5339 5348
f 5337 5348 5347
f 5350 5349 4899
f 5350 4899 4900
f 5340 4902 5341
f 4902 5349 5341
f 4902 4899 5349
f 4902 5340 4904
f 4904 5340 5342
f 4904 5342 4906
f 4906 5342 5343
f 4906 5343 4907
f 5343 5351 4907
f 5343 5344 5351
f 5352 5344 5345
f 5351 5344 5352
f 4908 5353 4886
f 5353 5345 4886
f 5353 5352 5345
f 4909 5354 4908
f 4908 5354 5353
f 4910 5355 4909
f 4909 5355 5354
f 4911 5356 4910
f 4910 5356 5355
f 4912 5357 4911
f 4911 5357 5356
f 4913 5358 4912
f 4912 5358 5357
f 4915 5346 4894
f 4915 5359 5346
f 5361 5360 5347
f 5360 4897 5347
f 5360 4917 4897
f 5361 5347 5348
f 4900 4918 5362
f 5363 4900 5362
f 5350 4900 5363
f 4919 5362 4918
f 5351 4923 4907
f 4923 5351 4925
f 5351 5364 4925
f 5351 5352 5364
f 5365 5352 5353
f 5364 5352 5365
f 5366 5353 5354
f 5365 5353 5366
f 5367 5354 5355
f 5366 5354 5367
f 5368 5355 5356
f 5367 5355 5368
f 5357 5370 5369
f 5368 5357 5369
f 5356 5357 5368
f 5370 5357 5358
f 5370 5358 5371
f 4926 5359 4915
f 4926 5372 5359
f 5360 4927 4917
f 5373 4927 5360
f 5363 5362 5374
f 5363 5374 5375
f 4929 5374 4919
f 4919 5374 5362
f 5364 4933 4925
f 4933 5364 4936
f 4936 5364 5365
f 4936 5365 4938
f 4938 5365 5366
f 4938 5366 4940
f 4940 5366 5367
f 4940 5367 4942
f 4942 5367 5368
f 5377 5376 4943
f 5377 4943 4942
f 5369 5377 4942
f 5368 5369 4942
f 5378 5376 5377
f 4944 5372 4926
f 4944 5379 5372
f 5373 5380 4927
f 4927 5380 4945
f 4946 4945 5380
f 4946 5380 5381
f 5375 5374 4948
f 4949 5375 4948
f 5382 5375 4949
f 4948 5374 4929
f 5376 4957 4943
f 5378 5383 5376
f 5383 4957 5376
f 5383 4958 4957
f 4959 5379 4944
f 4959 5384 5379
f 5381 4961 4946
f 5385 4961 5381
f 5387 5386 4963
f 5387 4963 4964
f 4949 4963 5382
f 5382 4963 5386
f 4966 5384 4959
f 4966 5388 5384
f 5389 4967 4968
f 5390 5389 4968
f 4961 5390 4968
f 5385 5390 4961
f 4969 5387 4964
f 4969 5391 5387
f 4966 4970 5392
f 5393 4966 5392
f 5388 4966 5393
f 4971 5392 4970
f 5394 4973 5389
f 5389 4973 4967
f 5389 5390 5395
f 5389 5395 5394
f 4975 5391 4969
f 4975 5396 5391
f 5393 5392 5397
f 5393 5397 5398
f 4980 5397 4971
f 4971 5397 5392
f 5399 4982 5394
f 5394 4982 4973
f 5394 5395 5400
f 5394 5400 5399
f 4984 5401 4983
f 5401 5402 4983
f 5402 4975 4983
f 5402 5396 4975
f 5403 4986 4987
f 5403 4987 5404
f 4987 5405 5404
f 4987 4988 5405
f 5406 4988 4989
f 5406 5405 4988
f 5407 4989 4990
f 5407 5406 4989
f 5410 5409 5408
f 5408 5409 5398
f 5408 5398 5397
f 4992 5408 5397
f 4991 4992 5397
f 4991 5397 4980
f 5411 4993 5399
f 5399 4993 4982
f 5399 5400 5412
f 5399 5412 5411
f 4994 5401 4984
f 5414 5413 4996
f 4996 5413 4994
f 5413 5402 4994
f 5402 5401 4994
f 5414 5415 5413
f 5416 4997 4998
f 4999 5417 4998
f 4998 5417 5416
f 5417 4999 5418
f 4999 5419 5418
f 4999 5000 5419
f 5420 5000 5001
f 5420 5419 5000
f 5421 5001 5002
f 5421 5420 5001
f 5002 4986 5403
f 5422 5002 5403
f 5421 5002 5422
f 5422 5403 5404
f 5410 5408 5003
f 5004 5410 5003
f 5423 5410 5004
f 5003 5408 4992
f 5411 5005 4993
f 5425 5424 5006
f 5425 5006 5005
f 5412 5425 5005
f 5411 5412 5005
f 5426 5424 5425
f 5007 5414 4996
f 5427 5415 5414
f 5007 5427 5414
f 5008 5427 5007
f 5428 5008 5009
f 5428 5427 5008
f 5429 5009 5010
f 5429 5428 5009
f 5010 4997 5416
f 5430 5010 5416
f 5429 5010 5430
f 5430 5416 5417
f 5430 5417 5431
f 5431 5417 5418
f 5433 5432 5011
f 5433 5011 5012
f 5004 5011 5423
f 5423 5011 5432
f 5424 5013 5006
f 5014 5013 5424
f 5426 5014 5424
f 5434 5014 5426
f 5015 5433 5012
f 5015 5435 5433
f 5437 5016 5436
f 5016 5434 5436
f 5016 5014 5434
f 5438 5437 5436
f 5017 5435 5015
f 5017 5439 5435
f 5440 5018 5437
f 5437 5018 5016
f 5437 5438 5441
f 5437 5441 5440
f 5442 5439 5017
f 5442 5017 5019
f 5019 5020 5442
f 5442 5020 5443
f 5445 5444 5440
f 5444 5018 5440
f 5444 5021 5018
f 5445 5440 5441
f 5446 5443 5020
f 5446 5020 5022
f 5447 5022 5023
f 5447 5446 5022
f 5448 5023 5024
f 5448 5447 5023
f 5449 5024 5026
f 5449 5448 5024
f 5450 5026 5027
f 5450 5449 5026
f 5451 5027 5028
f 5451 5450 5027
f 5028 5021 5444
f 5028 5444 5451
f 5454 5453 5452
f 5455 5452 5453
f 5457 5456 5030
f 5457 5030 5031
f 5030 5458 5034
f 5456 5458 5030
f 5034 5459 5036
f 5458 5459 5034
f 5036 5460 5038
f 5459 5460 5036
f 5462 5461 5039
f 5038 5462 5039
f 5460 5462 5038
f 5464 5463 5461
f 5464 5461 5462
f 5466 5465 5463
f 5466 5463 5464
f 5465 5466 5454
f 5452 5465 5454
f 5467 5465 5452
f 5468 5041 5042
f 5452 5468 5042
f 5467 5452 5042
f 5468 5452 5455
f 5041 5469 5044
f 5468 5469 5041
f 5044 5470 5046
f 5469 5470 5044
f 5470 5472 5471
f 5048 5470 5471
f 5046 5470 5048
f 5051 5457 5031
f 5051 5473 5457
f 5461 5053 5039
f 5053 5461 5055
f 5055 5461 5463
f 5055 5463 5057
f 5057 5463 5465
f 5057 5465 5059
f 5059 5465 5467
f 5059 5467 5042
f 5472 5474 5471
f 5476 5475 5064
f 5476 5064 5065
f 5051 5064 5473
f 5473 5064 5475
f 5070 5476 5065
f 5070 5477 5476
f 5072 5478 5071
f 5478 5479 5071
f 5479 5070 5071
f 5479 5477 5070
f 5481 5480 5073
f 5481 5073 5074
f 5073 5482 5075
f 5480 5482 5073
f 5075 5483 5076
f 5482 5483 5075
f 5483 5485 5484
f 5078 5483 5484
f 5076 5483 5078
f 5484 5079 5078
f 5081 5486 5080
f 5478 5072 5080
f 5486 5478 5080
f 5487 5478 5486
f 5479 5478 5488
f 5488 5478 5487
f 5489 5083 5084
f 5085 5490 5084
f 5084 5490 5489
f 5086 5491 5085
f 5085 5491 5490
f 5493 5492 5087
f 5493 5087 5088
f 5074 5087 5481
f 5481 5087 5492
f 5485 5494 5484
f 5494 5496 5495
f 5494 5495 5090
f 5484 5494 5090
f 5079 5484 5090
f 5495 5091 5090
f 5093 5497 5486
f 5093 5486 5081
f 5499 5487 5498
f 5487 5497 5498
f 5487 5486 5497
f 5487 5499 5488
f 5502 5501 5500
f 5500 5095 5502
f 5095 5096 5502
f 5504 5503 5502
f 5504 5502 5096
f 5083 5489 5096
f 5489 5504 5096
f 5489 5505 5504
f 5506 5489 5490
f 5505 5489 5506
f 5507 5490 5491
f 5506 5490 5507
f 5098 5493 5088
f 5098 5508 5493
f 5496 5509 5495
f 5091 5495 5509
f 5510 5091 5509
f 5099 5091 5510
f 5102 5511 5103
f 5511 5512 5103
f 5103 5512 5093
f 5512 5513 5093
f 5513 5497 5093
f 5497 5513 5498
f 5501 5514 5500
f 5503 5504 5514
f 5504 5104 5514
f 5095 5500 5514
f 5095 5514 5104
f 5104 5504 5105
f 5105 5504 5505
f 5105 5505 5106
f 5106 5505 5506
f 5106 5506 5107
f 5107 5506 5507
f 5517 5516 5515
f 5516 5508 5515
f 5508 5108 5515
f 5508 5098 5108
f 5510 5518 5099
f 5099 5518 5109
f 5111 5109 5518
f 5111 5518 5519
f 5113 5520 5114
f 5520 5521 5114
f 5114 5521 5102
f 5521 5522 5102
f 5522 5511 5102
f 5511 5522 5512
f 5116 5523 5115
f 5524 5523 5116
f 5115 5525 5117
f 5523 5525 5115
f 5527 5526 5119
f 5117 5527 5119
f 5525 5527 5117
f 5529 5528 5526
f 5529 5526 5527
f 5531 5530 5528
f 5531 5528 5529
f 5532 5530 5531
f 5535 5534 5533
f 5533 5534 5517
f 5515 5533 5517
f 5536 5533 5515
f 5120 5536 5108
f 5108 5536 5515
f 5519 5537 5111
f 5111 5537 5121
f 5121 5538 5122
f 5537 5538 5121
f 5122 5539 5123
f 5538 5539 5122
f 5123 5540 5124
f 5539 5540 5123
f 5113 5124 5520
f 5124 5541 5520
f 5124 5540 5541
f 5520 5541 5521
f 5526 5125 5119
f 5125 5526 5126
f 5126 5526 5528
f 5126 5528 5128
f 5128 5528 5530
f 5532 5542 5530
f 5542 5128 5530
f 5542 5130 5128
f 5544 5543 5131
f 5130 5544 5131
f 5542 5544 5130
f 5546 5545 5543
f 5546 5543 5544
f 5548 5547 5545
f 5548 5545 5546
f 5547 5548 5535
f 5547 5535 5533
f 5134 5547 5533
f 5133 5134 5533
f 5133 5533 5136
f 5136 5533 5536
f 5136 5536 5120
f 5543 5139 5131
f 5139 5543 5141
f 5543 5549 5141
f 5543 5545 5549
f 5550 5545 5547
f 5549 5545 5550
f 5143 5550 5134
f 5134 5550 5547
f 5551 5149 5150
f 5141 5549 5150
f 5549 5551 5150
f 5549 5552 5551
f 5553 5549 5550
f 5552 5549 5553
f 5151 5554 5143
f 5554 5550 5143
f 5554 5553 5550
f 5152 5555 5151
f 5151 5555 5554
f 5154 5555 5152
f 5556 5156 5157
f 5159 5556 5157
f 5557 5163 5164
f 5165 5558 5164
f 5164 5558 5557
f 5166 5559 5165
f 5165 5559 5558
f 5560 5559 5166
f 5560 5166 5149
f 5561 5560 5149
f 5551 5561 5149
f 5561 5551 5552
f 5561 5552 5562
f 5562 5552 5553
f 5562 5553 5563
f 5565 5564 5563
f 5553 5565 5563
f 5554 5565 5553
f 5566 5554 5555
f 5565 5554 5566
f 5167 5567 5154
f 5567 5555 5154
f 5567 5566 5555
f 5168 5568 5167
f 5167 5568 5567
f 5156 5556 5168
f 5556 5568 5168
f 5556 5569 5568
f 5170 5569 5159
f 5159 5569 5556
f 5570 5172 5173
f 5174 5571 5173
f 5173 5571 5570
f 5175 5572 5174
f 5174 5572 5571
f 5163 5557 5175
f 5557 5572 5175
f 5557 5573 5572
f 5558 5575 5574
f 5573 5558 5574
f 5557 5558 5573
f 5575 5558 5559
f 5575 5559 5576
f 5576 5559 5560
f 5577 5564 5565
f 5579 5578 5577
f 5565 5579 5577
f 5566 5579 5565
f 5178 5579 5177
f 5579 5567 5177
f 5579 5566 5567
f 5177 5567 5180
f 5180 5567 5568
f 5180 5568 5182
f 5182 5568 5569
f 5182 5569 5170
f 5172 5570 5184
f 5570 5580 5184
f 5570 5581 5580
f 5582 5570 5571
f 5581 5570 5582
f 5572 5584 5583
f 5582 5572 5583
f 5571 5572 5582
f 5584 5572 5573
f 5584 5573 5585
f 5585 5573 5574
f 5578 5579 5586
f 5578 5586 5587
f 5186 5586 5178
f 5178 5586 5579
f 5588 5580 5581
f 5588 5581 5589
f 5589 5581 5582
f 5589 5582 5590
f 5590 5582 5583
f 5591 5587 5586
f 5586 5186 5591
f 5186 5592 5591
f 5186 5187 5592
f 5188 5594 5593
f 5592 5188 5593
f 5187 5188 5592
f 5594 5595 5593
f 5597 5596 5191
f 5191 5596 5190
f 5598 5191 5192
f 5598 5597 5191
f 5599 5192 5193
f 5599 5598 5192
f 5600 5193 5194
f 5600 5599 5193
f 5601 5194 5195
f 5601 5600 5194
f 5602 5195 5196
f 5602 5601 5195
f 5603 5196 5197
f 5603 5602 5196
f 5604 5197 5199
f 5604 5603 5197
f 5605 5199 5201
f 5605 5604 5199
f 5606 5201 5203
f 5606 5605 5201
f 5607 5203 5205
f 5607 5606 5203
f 5608 5205 5207
f 5608 5607 5205
f 5609 5207 5209
f 5609 5608 5207
f 5611 5610 5594
f 5188 5611 5594
f 5212 5611 5188
f 5594 5610 5595
f 5613 5612 5215
f 5215 5612 5214
f 5215 5190 5596
f 5215 5596 5613
f 5615 5614 5218
f 5615 5218 5217
f 5212 5218 5611
f 5611 5218 5614
f 5617 5616 5220
f 5220 5616 5219
f 5618 5220 5221
f 5618 5617 5220
f 5221 5214 5612
f 5221 5612 5618
f 5227 5619 5228
f 5619 5620 5228
f 5620 5217 5228
f 5620 5615 5217
f 5621 5229 5230
f 5621 5230 5622
f 5230 5623 5622
f 5230 5231 5623
f 5624 5231 5232
f 5624 5623 5231
f 5625 5232 5233
f 5625 5624 5232
f 5626 5233 5234
f 5626 5625 5233
f 5627 5234 5235
f 5627 5626 5234
f 5235 5219 5616
f 5235 5616 5627
f 5239 5619 5227
f 5629 5628 5241
f 5241 5628 5239
f 5628 5620 5239
f 5620 5619 5239
f 5629 5630 5628
f 5631 5243 5244
f 5632 5631 5244
f 5632 5244 5229
f 5633 5632 5229
f 5621 5633 5229
f 5633 5621 5622
f 5245 5629 5241
f 5634 5630 5629
f 5245 5634 5629
f 5246 5634 5245
f 5636 5634 5635
f 5634 5247 5635
f 5634 5246 5247
f 5249 5635 5247
f 5637 5250 5251
f 5252 5638 5251
f 5251 5638 5637
f 5639 5638 5252
f 5639 5252 5243
f 5640 5639 5243
f 5631 5640 5243
f 5640 5631 5632
f 5254 5641 5253
f 5642 5255 5253
f 5642 5253 5641
f 5643 5256 5255
f 5643 5255 5642
f 5644 5257 5256
f 5644 5256 5643
f 5645 5258 5257
f 5645 5257 5644
f 5645 5260 5258
f 5646 5636 5635
f 5648 5646 5647
f 5647 5646 5262
f 5646 5635 5262
f 5635 5249 5262
f 5250 5637 5262
f 5637 5647 5262
f 5637 5649 5647
f 5638 5651 5650
f 5649 5638 5650
f 5637 5638 5649
f 5651 5638 5639
f 5264 5652 5641
f 5264 5641 5254
f 5654 5642 5653
f 5642 5652 5653
f 5642 5641 5652
f 5642 5654 5643
f 5643 5654 5655
f 5643 5655 5644
f 5644 5655 5656
f 5658 5657 5656
f 5657 5644 5656
f 5657 5645 5644
f 5659 5265 5260
f 5645 5659 5260
f 5657 5659 5645
f 5660 5266 5265
f 5660 5265 5659
f 5660 5268 5266
f 5661 5648 5647
f 5661 5647 5649
f 5661 5649 5662
f 5662 5649 5650
f 5272 5663 5273
f 5652 5264 5273
f 5663 5652 5273
f 5664 5652 5663
f 5653 5652 5665
f 5665 5652 5664
f 5658 5666 5657
f 5668 5667 5666
f 5667 5657 5666
f 5667 5659 5657
f 5659 5669 5660
f 5659 5667 5669
f 5669 5275 5268
f 5669 5268 5660
f 5279 5670 5278
f 5671 5280 5278
f 5671 5278 5670
f 5671 5672 5280
f 5280 5672 5272
f 5672 5673 5272
f 5673 5663 5272
f 5663 5673 5664
f 5664 5673 5674
f 5664 5674 5665
f 5668 5675 5667
f 5677 5676 5675
f 5676 5667 5675
f 5676 5669 5667
f 5678 5281 5275
f 5669 5678 5275
f 5676 5678 5669
f 5678 5283 5281
f 5681 5680 5679
f 5683 5682 5679
f 5683 5679 5680
f 5685 5684 5682
f 5685 5682 5683
f 5687 5686 5684
f 5687 5684 5685
f 5286 5287 5686
f 5687 5286 5686
f 5688 5286 5687
f 5690 5289 5689
f 5289 5688 5689
f 5289 5286 5688
f 5289 5690 5291
f 5291 5690 5691
f 5291 5691 5293
f 5293 5691 5692
f 5293 5692 5294
f 5294 5692 5693
f 5696 5695 5694
f 5698 5697 5694
f 5698 5694 5695
f 5296 5297 5697
f 5698 5296 5697
f 5699 5296 5698
f 5296 5700 5299
f 5699 5700 5296
f 5679 5300 5681
f 5300 5700 5681
f 5300 5299 5700
f 5300 5679 5301
f 5301 5679 5682
f 5301 5682 5302
f 5302 5682 5684
f 5302 5684 5303
f 5303 5684 5686
f 5303 5686 5287
f 5703 5702 5701
f 5705 5704 5701
f 5705 5701 5702
f 5707 5706 5704
f 5707 5704 5705
f 5709 5708 5706
f 5709 5706 5707
f 5305 5306 5708
f 5709 5305 5708
f 5710 5305 5709
f 5694 5307 5696
f 5307 5710 5696
f 5307 5305 5710
f 5307 5694 5308
f 5308 5694 5697
f 5308 5697 5297
f 5713 5712 5711
f 5711 5712 5703
f 5701 5711 5703
f 5714 5711 5701
f 5715 5701 5704
f 5714 5701 5715
f 5716 5704 5706
f 5715 5704 5716
f 5311 5716 5310
f 5716 5708 5310
f 5716 5706 5708
f 5310 5708 5306
f 5717 5713 5711
f 5719 5718 5717
f 5711 5719 5717
f 5714 5719 5711
f 5720 5714 5715
f 5719 5714 5720
f 5721 5715 5716
f 5720 5715 5721
f 5313 5722 5311
f 5722 5716 5311
f 5722 5721 5716
f 5314 5722 5313
f 5725 5724 5723
f 5317 5318 5723
f 5724 5317 5723
f 5726 5317 5724
f 5317 5727 5320
f 5726 5727 5317
f 5729 5728 5321
f 5320 5729 5321
f 5727 5729 5320
f 5730 5728 5729
f 5731 5718 5719
f 5731 5719 5720
f 5731 5720 5732
f 5732 5720 5721
f 5732 5721 5733
f 5735 5734 5733
f 5721 5735 5733
f 5722 5735 5721
f 5322 5736 5314
f 5736 5722 5314
f 5736 5735 5722
f 5324 5736 5322
f 5725 5723 5326
f 5327 5725 5326
f 5737 5725 5327
f 5326 5723 5318
f 5738 5329 5728
f 5728 5329 5321
f 5728 5730 5739
f 5728 5739 5738
f 5740 5734 5735
f 5740 5735 5736
f 5740 5736 5741
f 5743 5741 5742
f 5742 5741 5330
f 5741 5736 5330
f 5736 5324 5330
f 5331 5744 5330
f 5330 5744 5742
f 5333 5744 5331
f 5747 5746 5745
f 5746 5737 5745
f 5737 5336 5745
f 5737 5327 5336
f 5738 5338 5329
f 5339 5338 5738
f 5739 5339 5738
f 5748 5339 5739
f 5749 5743 5742
f 5751 5750 5749
f 5742 5751 5749
f 5744 5751 5742
f 5341 5751 5333
f 5333 5751 5744
f 5752 5747 5745
f 5745 5336 5752
f 5336 5753 5752
f 5336 5346 5753
f 5748 5348 5339
f 5754 5348 5748
f 5750 5751 5349
f 5350 5750 5349
f 5755 5750 5350
f 5349 5751 5341
f 5758 5757 5756
f 5359 5753 5346
f 5359 5759 5753
f 5760 5360 5361
f 5761 5760 5361
f 5348 5761 5361
f 5754 5761 5348
f 5363 5755 5350
f 5363 5762 5755
f 5764 5763 5370
f 5370 5763 5369
f 5371 5756 5757
f 5764 5371 5757
f 5370 5371 5764
f 5372 5759 5359
f 5372 5765 5759
f 5766 5373 5760
f 5760 5373 5360
f 5760 5761 5767
f 5760 5767 5766
f 5375 5762 5363
f 5375 5768 5762
f 5377 5369 5769
f 5369 5770 5769
f 5369 5763 5770
f 5769 5378 5377
f 5379 5765 5372
f 5379 5771 5765
f 5766 5380 5373
f 5381 5380 5766
f 5767 5381 5766
f 5772 5381 5767
f 5382 5768 5375
f 5382 5773 5768
f 5770 5774 5769
f 5774 5776 5775
f 5774 5775 5383
f 5769 5774 5383
f 5378 5769 5383
f 5779 5778 5777
f 5778 5771 5777
f 5771 5384 5777
f 5771 5379 5384
f 5772 5385 5381
f 5780 5385 5772
f 5782 5781 5386
f 5782 5386 5387
f 5382 5386 5773
f 5773 5386 5781
f 5776 5783 5775
f 5779 5777 5784
f 5779 5784 5785
f 5388 5784 5384
f 5384 5784 5777
f 5780 5390 5385
f 5786 5390 5780
f 5391 5782 5387
f 5391 5787 5782
f 5785 5784 5788
f 5785 5788 5789
f 5393 5788 5388
f 5388 5788 5784
f 5786 5395 5390
f 5790 5395 5786
f 5396 5787 5391
f 5396 5791 5787
f 5789 5788 5792
f 5789 5792 5793
f 5398 5792 5393
f 5393 5792 5788
f 5790 5400 5395
f 5794 5400 5790
f 5402 5791 5396
f 5402 5795 5791
f 5796 5404 5405
f 5796 5405 5797
f 5405 5798 5797
f 5405 5406 5798
f 5799 5406 5407
f 5799 5798 5406
f 5793 5792 5409
f 5410 5793 5409
f 5800 5793 5410
f 5409 5792 5398
f 5802 5412 5801
f 5412 5794 5801
f 5412 5400 5794
f 5803 5802 5801
f 5804 5795 5402
f 5804 5402 5413
f 5806 5805 5415
f 5805 5413 5415
f 5805 5804 5413
f 5806 5807 5805
f 5808 5418 5419
f 5808 5419 5809
f 5419 5810 5809
f 5419 5420 5810
f 5811 5420 5421
f 5811 5810 5420
f 5812 5421 5422
f 5812 5811 5421
f 5422 5404 5796
f 5813 5422 5796
f 5812 5422 5813
f 5813 5796 5797
f 5423 5800 5410
f 5423 5814 5800
f 5802 5425 5412
f 5426 5425 5802
f 5803 5426 5802
f 5815 5426 5803
f 5427 5806 5415
f 5816 5807 5806
f 5427 5816 5806
f 5428 5816 5427
f 5817 5428 5429
f 5817 5816 5428
f 5818 5429 5430
f 5818 5817 5429
f 5819 5430 5431
f 5819 5818 5430
f 5431 5418 5808
f 5820 5431 5808
f 5819 5431 5820
f 5820 5808 5809
f 5822 5821 5432
f 5822 5432 5433
f 5423 5432 5814
f 5814 5432 5821
f 5815 5434 5426
f 5823 5434 5815
f 5435 5822 5433
f 5435 5824 5822
f 5823 5825 5434
f 5434 5825 5436
f 5438 5436 5825
f 5438 5825 5826
f 5439 5828 5827
f 5824 5439 5827
f 5435 5439 5824
f 5828 5829 5827
f 5826 5441 5438
f 5830 5441 5826
f 5442 5828 5439
f 5832 5831 5443
f 5443 5831 5442
f 5831 5829 5442
f 5829 5828 5442
f 5832 5833 5831
f 5835 5834 5445
f 5445 5834 5444
f 5445 5441 5830
f 5445 5830 5835
f 5446 5832 5443
f 5836 5833 5832
f 5446 5836 5832
f 5447 5836 5446
f 5837 5447 5448
f 5837 5836 5447
f 5838 5448 5449
f 5838 5837 5448
f 5839 5449 5450
f 5839 5838 5449
f 5840 5450 5451
f 5840 5839 5450
f 5451 5444 5834
f 5451 5834 5840
f 5843 5842 5841
f 5845 5844 5841
f 5845 5841 5842
f 5847 5846 5844
f 5847 5844 5845
f 5849 5848 5846
f 5849 5846 5847
f 5851 5850 5848
f 5851 5848 5849
f 5853 5852 5850
f 5853 5850 5851
f 5453 5454 5852
f 5853 5453 5852
f 5854 5453 5853
f 5856 5855 5455
f 5453 5856 5455
f 5854 5856 5453
f 5858 5857 5855
f 5858 5855 5856
f 5860 5859 5857
f 5860 5857 5858
f 5862 5861 5859
f 5862 5859 5860
f 5864 5863 5456
f 5864 5456 5457
f 5841 5458 5843
f 5458 5863 5843
f 5458 5456 5863
f 5458 5841 5459
f 5459 5841 5844
f 5459 5844 5460
f 5460 5844 5846
f 5460 5846 5462
f 5462 5846 5848
f 5462 5848 5464
f 5464 5848 5850
f 5464 5850 5466
f 5466 5850 5852
f 5466 5852 5454
f 5855 5468 5455
f 5468 5855 5469
f 5469 5855 5857
f 5469 5857 5470
f 5470 5857 5859
f 5470 5859 5472
f 5859 5865 5472
f 5859 5861 5865
f 5473 5864 5457
f 5473 5866 5864
f 5865 5474 5472
f 5476 5867 5475
f 5867 5868 5475
f 5868 5473 5475
f 5868 5866 5473
f 5870 5869 5867
f 5476 5870 5867
f 5477 5870 5476
f 5867 5869 5868
f 5479 5870 5477
f 5479 5871 5870
f 5481 5872 5480
f 5480 5872 5873
f 5874 5480 5873
f 5482 5480 5874
f 5874 5876 5875
f 5483 5874 5875
f 5482 5874 5483
f 5875 5485 5483
f 5488 5871 5479
f 5488 5877 5871
f 5493 5878 5492
f 5878 5879 5492
f 5492 5879 5481
f 5879 5880 5481
f 5880 5872 5481
f 5872 5880 5873
f 5876 5881 5875
f 5875 5881 5485
f 5881 5494 5485
f 5881 5882 5494
f 5496 5494 5882
f 5496 5882 5883
f 5498 5884 5499
f 5884 5885 5499
f 5885 5488 5499
f 5885 5877 5488
f 5886 5501 5502
f 5503 5886 5502
f 5888 5887 5878
f 5493 5888 5878
f 5508 5888 5493
f 5878 5887 5879
f 5509 5496 5889
f 5496 5890 5889
f 5496 5883 5890
f 5889 5510 5509
f 5512 5891 5513
f 5891 5892 5513
f 5513 5892 5498
f 5892 5893 5498
f 5893 5884 5498
f 5884 5893 5885
f 5886 5514 5501
f 5514 5886 5503
f 5895 5894 5516
f 5895 5516 5517
f 5508 5516 5888
f 5888 5516 5894
f 5890 5896 5889
f 5889 5896 5510
f 5896 5518 5510
f 5896 5897 5518
f 5519 5518 5897
f 5519 5897 5898
f 5521 5899 5522
f 5899 5900 5522
f 5522 5900 5512
f 5900 5901 5512
f 5901 5891 5512
f 5891 5901 5892
f 5524 5902 5523
f 5903 5902 5524
f 5523 5904 5525
f 5902 5904 5523
f 5525 5905 5527
f 5904 5905 5525
f 5527 5906 5529
f 5905 5906 5527
f 5529 5907 5531
f 5906 5907 5529
f 5909 5908 5532
f 5531 5909 5532
f 5907 5909 5531
f 5911 5910 5908
f 5911 5908 5909
f 5913 5912 5910
f 5913 5910 5911
f 5915 5914 5912
f 5915 5912 5913
f 5534 5535 5914
f 5915 5534 5914
f 5916 5534 5915
f 5517 5534 5895
f 5895 5534 5916
f 5898 5917 5519
f 5519 5917 5537
f 5537 5918 5538
f 5917 5918 5537
f 5538 5919 5539
f 5918 5919 5538
f 5539 5920 5540
f 5919 5920 5539
f 5540 5921 5541
f 5920 5921 5540
f 5521 5541 5899
f 5541 5922 5899
f 5541 5921 5922
f 5899 5922 5900
f 5908 5542 5532
f 5542 5908 5544
f 5544 5908 5910
f 5544 5910 5546
f 5546 5910 5912
f 5546 5912 5548
f 5548 5912 5914
f 5548 5914 5535
f 5923 5560 5561
f 5562 5924 5561
f 5561 5924 5923
f 5563 5925 5562
f 5562 5925 5924
f 5564 5925 5563
f 5926 5574 5575
f 5576 5927 5575
f 5575 5927 5926
f 5928 5927 5576
f 5928 5576 5560
f 5929 5928 5560
f 5923 5929 5560
f 5929 5923 5924
f 5929 5924 5930
f 5932 5931 5930
f 5924 5932 5930
f 5925 5932 5924
f 5577 5933 5564
f 5933 5925 5564
f 5933 5932 5925
f 5578 5933 5577
f 5934 5583 5584
f 5934 5584 5935
f 5584 5936 5935
f 5584 5585 5936
f 5585 5574 5926
f 5937 5585 5926
f 5936 5585 5937
f 5937 5926 5927
f 5937 5927 5938
f 5938 5927 5928
f 5939 5931 5932
f 5939 5932 5933
f 5939 5933 5940
f 5933 5578 5940
f 5578 5941 5940
f 5578 5587 5941
f 5943 5588 5942
f 5588 5944 5942
f 5588 5589 5944
f 5945 5589 5590
f 5945 5944 5589
f 5590 5583 5934
f 5946 5590 5934
f 5945 5590 5946
f 5946 5934 5935
f 5947 5941 5587
f 5947 5587 5591
f 5949 5948 5592
f 5948 5591 5592
f 5948 5947 5591
f 5951 5950 5949
f 5949 5950 5948
f 5953 5952 5951
f 5951 5952 5950
f 5955 5954 5953
f 5953 5954 5952
f 5955 5956 5954
f 5959 5958 5957
f 5961 5960 5957
f 5957 5960 5959
f 5963 5962 5961
f 5961 5962 5960
f 5965 5964 5963
f 5963 5964 5962
f 5966 5943 5942
f 5593 5949 5592
f 5949 5593 5595
f 5967 5949 5595
f 5951 5949 5967
f 5951 5968 5953
f 5951 5967 5968
f 5970 5955 5969
f 5955 5968 5969
f 5955 5953 5968
f 5955 5970 5956
f 5972 5971 5597
f 5597 5971 5596
f 5973 5597 5598
f 5973 5972 5597
f 5974 5598 5599
f 5974 5973 5598
f 5975 5599 5600
f 5975 5974 5599
f 5976 5600 5601
f 5976 5975 5600
f 5977 5601 5602
f 5977 5976 5601
f 5978 5602 5603
f 5978 5977 5602
f 5979 5603 5604
f 5979 5978 5603
f 5980 5604 5605
f 5980 5979 5604
f 5606 5957 5958
f 5980 5606 5958
f 5605 5606 5980
f 5957 5606 5607
f 5957 5607 5961
f 5961 5607 5608
f 5961 5608 5963
f 5963 5608 5609
f 5963 5609 5965
f 5982 5981 5610
f 5982 5610 5611
f 5595 5610 5967
f 5610 5983 5967
f 5610 5981 5983
f 5967 5983 5968
f 5968 5983 5984
f 5968 5984 5969
f 5986 5985 5613
f 5613 5985 5612
f 5613 5596 5971
f 5613 5971 5986
f 5988 5987 5614
f 5988 5614 5615
f 5611 5614 5982
f 5982 5614 5987
f 5990 5989 5617
f 5617 5989 5616
f 5991 5617 5618
f 5991 5990 5617
f 5618 5612 5985
f 5618 5985 5991
f 5620 5988 5615
f 5620 5992 5988
f 5994 5993 5623
f 5623 5993 5622
f 5995 5623 5624
f 5995 5994 5623
f 5996 5624 5625
f 5996 5995 5624
f 5997 5625 5626
f 5997 5996 5625
f 5998 5626 5627
f 5998 5997 5626
f 5627 5616 5989
f 5627 5989 5998
f 5620 5628 5999
f 6000 5620 5999
f 5992 5620 6000
f 5630 5999 5628
f 6002 6001 5633
f 5633 6001 5632
f 5633 5622 5993
f 5633 5993 6002
f 6003 6000 5999
f 6005 6003 6004
f 6004 6003 5634
f 6003 5999 5634
f 5999 5630 5634
f 5636 6004 5634
f 6006 5639 5640
f 6007 6006 5640
f 5632 6007 5640
f 6001 6007 5632
f 6005 6004 6008
f 6005 6008 6009
f 5646 6010 5636
f 6010 6004 5636
f 6010 6008 6004
f 5648 6010 5646
f 6011 5650 5651
f 5639 6006 5651
f 6006 6011 5651
f 6006 6012 6011
f 6006 6007 6013
f 6006 6013 6012
f 5653 6014 5654
f 6015 5655 5654
f 6015 5654 6014
f 6016 5656 5655
f 6016 5655 6015
f 6016 5658 5656
f 6017 6009 6008
f 6017 6008 6010
f 6017 6010 6018
f 6018 6010 5648
f 5661 6018 5648
f 6019 6018 5661
f 6020 5661 5662
f 6020 6019 5661
f 5662 5650 6011
f 6021 5662 6011
f 6020 5662 6021
f 6021 6011 6012
f 6021 6012 6022
f 6022 6012 6013
f 5665 6023 6014
f 5665 6014 5653
f 6014 6024 6015
f 6014 6023 6024
f 6015 6025 6016
f 6015 6024 6025
f 6026 5666 5658
f 6016 6026 5658
f 6025 6026 6016
f 6026 5668 5666
f 5672 6027 5673
f 6028 5674 5673
f 6028 5673 6027
f 6023 5665 5674
f 6028 6023 5674
f 6029 6023 6028
f 6023 6030 6024
f 6023 6029 6030
f 6024 6031 6025
f 6024 6030 6031
f 6025 6032 6026
f 6025 6031 6032
f 6033 5675 5668
f 6026 6033 5668
f 6032 6033 6026
f 6033 5677 5675
f 6036 6035 6034
f 6038 6037 6034
f 6038 6034 6035
f 5680 5681 6037
f 6038 5680 6037
f 6039 5680 6038
f 5680 6040 5683
f 6039 6040 5680
f 6042 5685 6041
f 5685 6040 6041
f 5685 5683 6040
f 5685 6042 5687
f 5687 6042 6043
f 5687 6043 5688
f 5688 6043 6044
f 5688 6044 5689
f 6047 6046 6045
f 6049 6048 6045
f 6049 6045 6046
f 5695 5696 6048
f 6049 5695 6048
f 6050 5695 6049
f 5695 6051 5698
f 6050 6051 5695
f 6034 5699 6036
f 5699 6051 6036
f 5699 5698 6051
f 5699 6034 5700
f 5700 6034 6037
f 5700 6037 5681
f 6054 6053 6052
f 5702 5703 6052
f 6053 5702 6052
f 6055 5702 6053
f 5702 6056 5705
f 6055 6056 5702
f 5705 6057 5707
f 6056 6057 5705
f 6045 5709 6047
f 5709 6057 6047
f 5709 5707 6057
f 5709 6045 5710
f 5710 6045 6048
f 5710 6048 5696
f 6060 6059 6058
f 6058 6059 6054
f 6058 6054 6052
f 5713 6058 6052
f 5712 5713 6052
f 5712 6052 5703
f 6060 6058 6061
f 6060 6061 6062
f 5717 6063 5713
f 6063 6058 5713
f 6063 6061 6058
f 5718 6063 5717
f 6065 6064 5724
f 6065 5724 5725
f 5724 6066 5726
f 6064 6066 5724
f 5726 6067 5727
f 6066 6067 5726
f 5727 6068 5729
f 6067 6068 5727
f 5730 5729 6068
f 5730 6068 6069
f 6070 6062 6061
f 6072 6071 6070
f 6061 6072 6070
f 6063 6072 6061
f 5731 6073 5718
f 6073 6063 5718
f 6073 6072 6063
f 5732 6074 5731
f 5731 6074 6073
f 5733 6075 5732
f 5732 6075 6074
f 5734 6075 5733
f 5737 6065 5725
f 5737 6076 6065
f 6078 5739 6077
f 5739 6069 6077
f 5739 5730 6069
f 6079 6078 6077
f 6080 6071 6072
f 6080 6072 6073
f 6080 6073 6081
f 6081 6073 6074
f 6081 6074 6082
f 6082 6074 6075
f 6082 6075 6083
f 6085 6083 6084
f 6084 6083 5740
f 6083 6075 5740
f 6075 5734 5740
f 5741 6086 5740
f 5740 6086 6084
f 5743 6086 5741
f 6088 6087 5746
f 6088 5746 5747
f 5737 5746 6076
f 6076 5746 6087
f 6089 5748 6078
f 6078 5748 5739
f 6078 6079 6090
f 6078 6090 6089
f 6091 6085 6084
f 6091 6084 6086
f 6091 6086 6092
f 6094 6092 6093
f 6093 6092 5749
f 6092 6086 5749
f 6086 5743 5749
f 5750 6093 5749
f 5747 5752 6095
f 6096 5747 6095
f 6088 5747 6096
f 5753 6095 5752
f 6098 6097 6089
f 6097 5748 6089
f 6097 5754 5748
f 6098 6089 6090
f 6099 6094 6093
f 6093 5750 6099
f 5750 6100 6099
f 5750 5755 6100
f 6103 6102 6101
f 5757 5758 6101
f 5758 6103 6101
f 5758 6104 6103
f 6105 6096 6095
f 6095 5753 6105
f 5753 6106 6105
f 5753 5759 6106
f 6097 5761 5754
f 6107 5761 6097
f 5762 6100 5755
f 5762 6108 6100
f 6111 6110 6109
f 6113 6112 6109
f 6109 6112 6111
f 6112 6113 6102
f 6102 6113 6101
f 6113 5763 6101
f 5763 5764 6101
f 6101 5764 5757
f 5765 6106 5759
f 5765 6114 6106
f 6117 6116 6115
f 6107 6117 6115
f 5767 6107 6115
f 5761 6107 5767
f 5768 6108 5762
f 5768 6118 6108
f 6110 6119 6109
f 6121 6120 6119
f 6120 6109 6119
f 6120 6113 6109
f 6120 5770 5763
f 6120 5763 6113
f 5771 6114 5765
f 5771 6122 6114
f 6115 6116 6123
f 6123 6116 6124
f 6123 5772 5767
f 6123 5767 6115
f 5773 6118 5768
f 5773 6125 6118
f 6121 6126 6120
f 6126 6128 6127
f 6126 6127 5774
f 6120 6126 5774
f 5770 6120 5774
f 6127 5776 5774
f 5779 6129 5778
f 6129 6130 5778
f 6130 5771 5778
f 6130 6122 5771
f 6124 6131 6123
f 5772 6123 6131
f 6132 5772 6131
f 5780 5772 6132
f 6134 6133 5781
f 6134 5781 5782
f 5773 5781 6125
f 6125 5781 6133
f 6128 6135 6127
f 6135 6137 6136
f 6135 6136 5783
f 6127 6135 5783
f 5776 6127 5783
f 6139 6138 6129
f 5779 6139 6129
f 5785 6139 5779
f 6129 6138 6130
f 6132 5786 5780
f 6140 5786 6132
f 5787 6134 5782
f 5787 6141 6134
f 6137 6142 6136
f 5789 6139 5785
f 5789 6143 6139
f 6145 5790 6144
f 5790 6140 6144
f 5790 5786 6140
f 6146 6145 6144
f 5791 6141 5787
f 5791 6147 6141
f 5793 6143 5789
f 5793 6148 6143
f 6149 5794 6145
f 6145 5794 5790
f 6145 6146 6150
f 6145 6150 6149
f 5795 6152 6151
f 6147 5795 6151
f 5791 5795 6147
f 6152 6153 6151
f 6155 6154 5798
f 5798 6154 5797
f 6156 5798 5799
f 6156 6155 5798
f 5800 6148 5793
f 5800 6157 6148
f 6149 5801 5794
f 5803 5801 6149
f 6150 5803 6149
f 6158 5803 6150
f 5804 6152 5795
f 6159 6153 6152
f 5804 6159 6152
f 5805 6159 5804
f 5805 5807 6159
f 6159 5807 6160
f 6162 6161 5810
f 5810 6161 5809
f 6163 5810 5811
f 6163 6162 5810
f 6164 5811 5812
f 6164 6163 5811
f 6165 5812 5813
f 6165 6164 5812
f 5813 5797 6154
f 5813 6154 6165
f 5814 6157 5800
f 5814 6166 6157
f 6158 5815 5803
f 6167 5815 6158
f 6168 6160 5807
f 6168 5807 5816
f 6169 5816 5817
f 6169 6168 5816
f 6170 5817 5818
f 6170 6169 5817
f 6171 5818 5819
f 6171 6170 5818
f 6172 5819 5820
f 6172 6171 5819
f 5820 5809 6161
f 5820 6161 6172
f 5822 6173 5821
f 6173 6174 5821
f 6174 5814 5821
f 6174 6166 5814
f 6167 5823 5815
f 6175 5823 6167
f 5824 6176 6173
f 5824 6173 5822
f 6174 6173 6177
f 6177 6173 6176
f 5825 5823 6178
f 5823 6179 6178
f 5823 6175 6179
f 6178 5826 5825
f 5827 6176 5824
f 5827 5829 6176
f 5829 6177 6176
f 5829 6180 6177
f 6178 6179 6181
f 6181 6179 6182
f 6181 5830 5826
f 6181 5826 6178
f 6183 6180 5829
f 6183 5829 5831
f 5831 5833 6183
f 6183 5833 6184
f 6187 6186 6185
f 6187 6185 6182
f 6182 6185 6181
f 6185 5834 6181
f 5834 5835 6181
f 6181 5835 5830
f 6188 6184 5833
f 6188 5833 5836
f 6189 5836 5837
f 6189 6188 5836
f 6190 5837 5838
f 6190 6189 5837
f 6191 5838 5839
f 6191 6190 5838
f 5840 6185 6186
f 6191 5840 6186
f 5839 5840 6191
f 6185 5840 5834
f 6193 6192 5842
f 6193 5842 5843
f 5842 6194 5845
f 6192 6194 5842
f 5845 6195 5847
f 6194 6195 5845
f 5847 6196 5849
f 6195 6196 5847
f 5849 6197 5851
f 6196 6197 5849
f 5851 6198 5853
f 6197 6198 5851
f 5853 6199 5854
f 6198 6199 5853
f 5854 6200 5856
f 6199 6200 5854
f 5856 6201 5858
f 6200 6201 5856
f 5858 6202 5860
f 6201 6202 5858
f 5860 6203 5862
f 6202 6203 5860
f 6205 6204 5863
f 6205 5863 5864
f 5843 5863 6193
f 6193 5863 6204
f 5866 6205 5864
f 5866 6206 6205
f 6209 6208 6207
f 6208 6206 6207
f 6206 5868 6207
f 6206 5866 5868
f 6209 6207 5869
f 5870 6209 5869
f 6210 6209 5870
f 5869 6207 5868
f 5871 6212 6211
f 6210 5871 6211
f 5870 5871 6210
f 6212 6213 6211
f 5873 6214 5874
f 6214 5876 5874
f 5877 6215 6212
f 5877 6212 5871
f 6213 6212 6216
f 6216 6212 6215
f 5879 6217 5880
f 6214 5873 5880
f 6217 6214 5880
f 6218 6214 6217
f 6219 5881 5876
f 6214 6219 5876
f 6218 6219 6214
f 6220 5882 5881
f 6220 5881 6219
f 6220 5883 5882
f 5885 6221 6215
f 5885 6215 5877
f 6216 6215 6222
f 6222 6215 6221
f 6224 6223 5887
f 6224 5887 5888
f 5879 5887 6217
f 5887 6225 6217
f 5887 6223 6225
f 6217 6225 6218
f 6218 6225 6226
f 6218 6226 6219
f 6219 6226 6227
f 6219 6227 6220
f 6220 6227 6228
f 5883 6220 6228
f 6229 5883 6228
f 5890 5883 6229
f 5892 6230 5893
f 6230 6231 5893
f 5893 6231 5885
f 6231 6232 5885
f 6232 6221 5885
f 6221 6232 6222
f 6235 6234 6233
f 5894 5895 6233
f 6234 5894 6233
f 6236 5894 6234
f 5888 5894 6224
f 6224 5894 6236
f 6229 6237 5890
f 5890 6237 5896
f 5896 6238 5897
f 6237 6238 5896
f 5898 5897 6238
f 5898 6238 6239
f 5900 6240 5901
f 6240 6241 5901
f 5901 6241 5892
f 6241 6242 5892
f 6242 6230 5892
f 6230 6242 6231
f 5903 6243 5902
f 6244 6243 5903
f 5902 6245 5904
f 6243 6245 5902
f 5904 6246 5905
f 6245 6246 5904
f 5905 6247 5906
f 6246 6247 5905
f 5906 6248 5907
f 6247 6248 5906
f 5907 6249 5909
f 6248 6249 5907
f 5909 6250 5911
f 6249 6250 5909
f 5911 6251 5913
f 6250 6251 5911
f 5913 6252 5915
f 6251 6252 5913
f 6233 5916 6235
f 5916 6252 6235
f 5916 5915 6252
f 5916 6233 5895
f 6239 6253 5898
f 5898 6253 5917
f 5917 6254 5918
f 6253 6254 5917
f 5918 6255 5919
f 6254 6255 5918
f 5919 6256 5920
f 6255 6256 5919
f 5920 6257 5921
f 6256 6257 5920
f 5921 6258 5922
f 6257 6258 5921
f 5900 5922 6240
f 5922 6259 6240
f 5922 6258 6259
f 6240 6259 6241
f 6260 5928 5929
f 5930 6261 5929
f 5929 6261 6260
f 5931 6261 5930
f 6262 5935 5936
f 5937 6263 5936
f 5936 6263 6262
f 6263 5937 6264
f 5937 6265 6264
f 5937 5938 6265
f 5938 5928 6260
f 6266 5938 6260
f 6265 5938 6266
f 6266 6260 6261
f 6266 6261 6267
f 6267 6261 5931
f 5939 6267 5931
f 6268 6267 5939
f 6270 6268 6269
f 6268 5940 6269
f 6268 5939 5940
f 5941 6269 5940
f 6271 5942 5944
f 5945 6272 5944
f 5944 6272 6271
f 6272 5945 6273
f 5945 6274 6273
f 5945 5946 6274
f 5946 5935 6262
f 6275 5946 6262
f 6274 5946 6275
f 6275 6262 6263
f 6275 6263 6276
f 6276 6263 6264
f 6277 6270 6269
f 6277 6269 5941
f 5947 6277 5941
f 6278 6277 5947
f 6280 6278 6279
f 6278 5948 6279
f 6278 5947 5948
f 5950 6281 5948
f 5948 6281 6279
f 5952 6282 5950
f 5950 6282 6281
f 5954 6283 5952
f 5952 6283 6282
f 5956 6283 5954
f 6286 6285 6284
f 6288 6287 6284
f 6284 6287 6286
f 5958 5959 6288
f 5959 6287 6288
f 5959 6289 6287
f 6290 5959 5960
f 6290 6289 5959
f 6291 5960 5962
f 6291 6290 5960
f 6292 5962 5964
f 6292 6291 5962
f 6294 6293 5966
f 6294 5966 5942
f 6295 6294 5942
f 6271 6295 5942
f 6295 6271 6272
f 6295 6272 6296
f 6296 6272 6273
f 6280 6279 6297
f 6280 6297 6298
f 6299 6279 6281
f 6297 6279 6299
f 6300 6281 6282
f 6299 6281 6300
f 5969 6300 5970
f 6300 6283 5970
f 6300 6282 6283
f 5970 6283 5956
f 6302 6301 5972
f 5972 6301 5971
f 6303 5972 5973
f 6303 6302 5972
f 6304 5973 5974
f 6304 6303 5973
f 6305 5974 5975
f 6305 6304 5974
f 6306 5975 5976
f 6306 6305 5975
f 6307 5976 5977
f 6307 6306 5976
f 6308 5977 5978
f 6308 6307 5977
f 5979 6284 6285
f 6308 5979 6285
f 5978 5979 6308
f 6284 5979 5980
f 6284 5980 6288
f 6288 5980 5958
f 6293 6294 6309
f 6310 6293 6309
f 6311 6293 6310
f 6312 6310 6309
f 6298 6297 5981
f 5982 6298 5981
f 6313 6298 5982
f 5981 6297 5983
f 5983 6297 6299
f 5983 6299 5984
f 5984 6299 6300
f 5984 6300 5969
f 6315 6314 5986
f 5986 6314 5985
f 5986 5971 6301
f 5986 6301 6315
f 6316 6311 6310
f 6317 6311 6316
f 6310 6312 6318
f 6319 6310 6318
f 6316 6310 6319
f 6321 6320 6319
f 6321 6319 6318
f 6322 6320 6321
f 6324 6323 5987
f 6324 5987 5988
f 5982 5987 6313
f 6313 5987 6323
f 6327 6326 6325
f 6329 6328 6325
f 6325 6328 6327
f 5989 5990 6329
f 5990 6328 6329
f 5990 6330 6328
f 6331 5990 5991
f 6331 6330 5990
f 5991 5985 6314
f 5991 6314 6331
f 6332 6317 6316
f 6333 6317 6332
f 6334 6316 6319
f 6332 6316 6334
f 6335 6319 6320
f 6334 6319 6335
f 6320 6322 6336
f 6320 6336 6335
f 6339 6338 6337
f 6338 6324 6337
f 6324 5992 6337
f 6324 5988 5992
f 6341 6340 5994
f 5994 6340 5993
f 6342 5994 5995
f 6342 6341 5994
f 6343 5995 5996
f 6343 6342 5995
f 5997 6325 6326
f 6343 5997 6326
f 5996 5997 6343
f 6325 5997 5998
f 6325 5998 6329
f 6329 5998 5989
f 6344 6333 6332
f 6344 6332 6345
f 6345 6332 6334
f 6345 6334 6346
f 6346 6334 6335
f 6346 6335 6347
f 6347 6335 6336
f 6339 6337 6348
f 6339 6348 6349
f 6000 6348 5992
f 5992 6348 6337
f 6350 6001 6002
f 6351 6350 6002
f 5993 6351 6002
f 6340 6351 5993
f 6352 6349 6348
f 6354 6352 6353
f 6353 6352 6003
f 6352 6348 6003
f 6348 6000 6003
f 6005 6353 6003
f 6355 6007 6350
f 6350 6007 6001
f 6350 6351 6356
f 6350 6356 6355
f 6354 6353 6357
f 6354 6357 6358
f 6009 6357 6005
f 6005 6357 6353
f 6360 6359 6355
f 6359 6007 6355
f 6359 6013 6007
f 6360 6355 6356
f 6361 6358 6357
f 6363 6361 6362
f 6362 6361 6017
f 6361 6357 6017
f 6357 6009 6017
f 6018 6364 6017
f 6017 6364 6362
f 6019 6365 6018
f 6018 6365 6364
f 6020 6366 6019
f 6019 6366 6365
f 6021 6367 6020
f 6020 6367 6366
f 6367 6021 6368
f 6021 6369 6368
f 6021 6022 6369
f 6022 6013 6359
f 6022 6359 6369
f 6370 6363 6362
f 6370 6362 6364
f 6370 6364 6371
f 6371 6364 6365
f 6371 6365 6372
f 6372 6365 6366
f 6372 6366 6373
f 6373 6366 6367
f 6373 6367 6374
f 6374 6367 6368
f 6377 6376 6375
f 6379 6378 6375
f 6379 6375 6376
f 6035 6036 6378
f 6379 6035 6378
f 6380 6035 6379
f 6035 6381 6038
f 6380 6381 6035
f 6383 6039 6382
f 6039 6381 6382
f 6039 6038 6381
f 6039 6383 6040
f 6040 6383 6384
f 6040 6384 6041
f 6387 6386 6385
f 6389 6388 6385
f 6389 6385 6386
f 6046 6047 6388
f 6389 6046 6388
f 6390 6046 6389
f 6046 6391 6049
f 6390 6391 6046
f 6375 6050 6377
f 6050 6391 6377
f 6050 6049 6391
f 6050 6375 6051
f 6051 6375 6378
f 6051 6378 6036
f 6394 6393 6392
f 6053 6054 6392
f 6393 6053 6392
f 6395 6053 6393
f 6053 6396 6055
f 6395 6396 6053
f 6385 6056 6387
f 6056 6396 6387
f 6056 6055 6396
f 6056 6385 6057
f 6057 6385 6388
f 6057 6388 6047
f 6399 6398 6397
f 6397 6398 6394
f 6397 6394 6392
f 6060 6397 6392
f 6059 6060 6392
f 6059 6392 6054
f 6399 6397 6400
f 6399 6400 6401
f 6062 6400 6060
f 6060 6400 6397
f 6065 6402 6064
f 6064 6402 6403
f 6404 6064 6403
f 6066 6064 6404
f 6066 6405 6067
f 6404 6405 6066
f 6405 6407 6406
f 6068 6405 6406
f 6067 6405 6068
f 6406 6069 6068
f 6401 6400 6408
f 6401 6408 6409
f 6070 6410 6062
f 6410 6400 6062
f 6410 6408 6400
f 6071 6410 6070
f 6412 6411 6402
f 6065 6412 6402
f 6076 6412 6065
f 6402 6411 6403
f 6407 6413 6406
f 6406 6413 6069
f 6413 6077 6069
f 6413 6414 6077
f 6079 6077 6414
f 6079 6414 6415
f 6416 6409 6408
f 6416 6408 6410
f 6416 6410 6417
f 6419 6417 6418
f 6418 6417 6080
f 6417 6410 6080
f 6410 6071 6080
f 6081 6420 6080
f 6080 6420 6418
f 6082 6421 6081
f 6081 6421 6420
f 6083 6422 6082
f 6082 6422 6421
f 6085 6422 6083
f 6424 6423 6087
f 6424 6087 6088
f 6076 6087 6412
f 6412 6087 6423
f 6415 6090 6079
f 6425 6090 6415
f 6426 6419 6418
f 6426 6418 6420
f 6426 6420 6427
f 6427 6420 6421
f 6427 6421 6428
f 6428 6421 6422
f 6428 6422 6429
f 6429 6422 6085
f 6091 6429 6085
f 6430 6429 6091
f 6432 6430 6431
f 6430 6092 6431
f 6430 6091 6092
f 6094 6431 6092
f 6096 6434 6433
f 6424 6096 6433
f 6088 6096 6424
f 6434 6435 6433
f 6437 6436 6098
f 6098 6436 6097
f 6098 6090 6425
f 6098 6425 6437
f 6438 6432 6431
f 6438 6431 6094
f 6099 6438 6094
f 6439 6438 6099
f 6099 6100 6439
f 6439 6100 6440
f 6443 6442 6441
f 6445 6444 6441
f 6441 6444 6443
f 6102 6103 6445
f 6103 6444 6445
f 6103 6446 6444
f 6447 6103 6104
f 6447 6446 6103
f 6105 6434 6096
f 6105 6106 6434
f 6106 6435 6434
f 6106 6448 6435
f 6436 6107 6097
f 6449 6107 6436
f 6108 6440 6100
f 6108 6450 6440
f 6453 6452 6451
f 6453 6451 6442
f 6442 6451 6441
f 6451 6110 6441
f 6110 6111 6441
f 6441 6111 6112
f 6441 6112 6445
f 6445 6112 6102
f 6114 6448 6106
f 6114 6454 6448
f 6456 6455 6117
f 6117 6455 6116
f 6117 6107 6449
f 6117 6449 6456
f 6118 6450 6108
f 6118 6457 6450
f 6451 6452 6458
f 6458 6452 6459
f 6460 6119 6110
f 6451 6460 6110
f 6458 6460 6451
f 6460 6121 6119
f 6122 6462 6461
f 6454 6122 6461
f 6114 6122 6454
f 6462 6463 6461
f 6455 6124 6116
f 6464 6124 6455
f 6125 6457 6118
f 6125 6465 6457
f 6459 6466 6458
f 6468 6467 6466
f 6467 6458 6466
f 6467 6460 6458
f 6469 6126 6121
f 6460 6469 6121
f 6467 6469 6460
f 6469 6128 6126
f 6471 6470 6462
f 6122 6471 6462
f 6130 6471 6122
f 6462 6470 6463
f 6131 6124 6472
f 6124 6473 6472
f 6124 6464 6473
f 6472 6132 6131
f 6475 6474 6133
f 6475 6133 6134
f 6125 6133 6465
f 6465 6133 6474
f 6468 6476 6467
f 6478 6477 6476
f 6477 6467 6476
f 6477 6469 6467
f 6479 6135 6128
f 6469 6479 6128
f 6477 6479 6469
f 6479 6137 6135
f 6139 6480 6138
f 6480 6481 6138
f 6481 6130 6138
f 6481 6471 6130
f 6473 6482 6472
f 6132 6472 6482
f 6483 6132 6482
f 6140 6132 6483
f 6141 6475 6134
f 6141 6484 6475
f 6478 6485 6477
f 6487 6486 6485
f 6486 6477 6485
f 6486 6479 6477
f 6488 6142 6137
f 6479 6488 6137
f 6486 6488 6479
f 6490 6489 6480
f 6139 6490 6480
f 6143 6490 6139
f 6480 6489 6481
f 6144 6140 6491
f 6140 6492 6491
f 6140 6483 6492
f 6491 6146 6144
f 6147 6484 6141
f 6147 6493 6484
f 6487 6494 6486
f 6496 6495 6494
f 6495 6486 6494
f 6495 6488 6486
f 6148 6490 6143
f 6148 6497 6490
f 6492 6498 6491
f 6146 6491 6498
f 6499 6146 6498
f 6150 6146 6499
f 6500 6493 6147
f 6500 6147 6151
f 6151 6153 6500
f 6500 6153 6501
f 6504 6503 6502
f 6154 6155 6502
f 6155 6504 6502
f 6155 6505 6504
f 6156 6495 6496
f 6505 6156 6496
f 6155 6156 6505
f 6157 6497 6148
f 6157 6506 6497
f 6499 6158 6150
f 6507 6158 6499
f 6508 6501 6153
f 6508 6153 6159
f 6159 6160 6508
f 6508 6160 6509
f 6512 6511 6510
f 6161 6162 6510
f 6162 6512 6510
f 6162 6513 6512
f 6514 6162 6163
f 6514 6513 6162
f 6515 6163 6164
f 6515 6514 6163
f 6165 6502 6503
f 6515 6165 6503
f 6164 6165 6515
f 6502 6165 6154
f 6166 6506 6157
f 6166 6516 6506
f 6507 6167 6158
f 6517 6167 6507
f 6518 6509 6160
f 6518 6160 6168
f 6519 6168 6169
f 6519 6518 6168
f 6520 6169 6170
f 6520 6519 6169
f 6521 6170 6171
f 6521 6520 6170
f 6172 6510 6511
f 6521 6172 6511
f 6171 6172 6521
f 6510 6172 6161
f 6174 6516 6166
f 6174 6522 6516
f 6517 6175 6167
f 6523 6175 6517
f 6177 6522 6174
f 6177 6524 6522
f 6527 6526 6525
f 6523 6527 6525
f 6179 6523 6525
f 6175 6523 6179
f 6180 6529 6528
f 6524 6180 6528
f 6177 6180 6524
f 6529 6530 6528
f 6525 6526 6531
f 6531 6526 6532
f 6531 6182 6179
f 6531 6179 6525
f 6183 6529 6180
f 6534 6533 6184
f 6184 6533 6183
f 6533 6530 6183
f 6530 6529 6183
f 6534 6535 6533
f 6538 6537 6536
f 6538 6536 6532
f 6532 6536 6531
f 6536 6186 6531
f 6186 6187 6531
f 6531 6187 6182
f 6541 6540 6539
f 6543 6542 6539
f 6543 6539 6540
f 6545 6544 6542
f 6545 6542 6543
f 6547 6546 6544
f 6547 6544 6545
f 6548 6546 6547
f 6188 6534 6184
f 6549 6535 6534
f 6188 6549 6534
f 6189 6549 6188
f 6550 6189 6190
f 6550 6549 6189
f 6191 6536 6537
f 6550 6191 6537
f 6190 6191 6550
f 6536 6191 6186
f 6553 6552 6551
f 6192 6193 6551
f 6552 6192 6551
f 6554 6192 6552
f 6192 6555 6194
f 6554 6555 6192
f 6539 6195 6541
f 6195 6555 6541
f 6195 6194 6555
f 6195 6539 6196
f 6196 6539 6542
f 6196 6542 6197
f 6197 6542 6544
f 6197 6544 6198
f 6198 6544 6546
f 6548 6556 6546
f 6556 6198 6546
f 6556 6199 6198
f 6199 6557 6200
f 6556 6557 6199
f 6200 6558 6201
f 6557 6558 6200
f 6201 6559 6202
f 6558 6559 6201
f 6202 6560 6203
f 6559 6560 6202
f 6563 6562 6561
f 6561 6562 6553
f 6561 6553 6551
f 6205 6561 6551
f 6204 6205 6551
f 6204 6551 6193
f 6563 6561 6564
f 6563 6564 6565
f 6206 6564 6205
f 6205 6564 6561
f 6565 6564 6208
f 6209 6565 6208
f 6566 6565 6209
f 6208 6564 6206
f 6210 6566 6209
f 6210 6567 6566
f 6568 6567 6210
f 6568 6210 6211
f 6211 6213 6568
f 6568 6213 6569
f 6216 6569 6213
f 6216 6570 6569
f 6222 6572 6571
f 6570 6222 6571
f 6216 6222 6570
f 6572 6573 6571
f 6575 6574 6223
f 6575 6223 6224
f 6223 6576 6225
f 6574 6576 6223
f 6225 6577 6226
f 6576 6577 6225
f 6226 6578 6227
f 6577 6578 6226
f 6227 6579 6228
f 6578 6579 6227
f 6229 6228 6579
f 6229 6579 6580
f 6231 6581 6232
f 6581 6582 6232
f 6232 6582 6222
f 6582 6583 6222
f 6583 6572 6222
f 6572 6583 6573
f 6585 6584 6234
f 6585 6234 6235
f 6234 6586 6236
f 6584 6586 6234
f 6224 6236 6575
f 6575 6236 6586
f 6580 6587 6229
f 6229 6587 6237
f 6237 6588 6238
f 6587 6588 6237
f 6239 6238 6588
f 6239 6588 6589
f 6591 6590 6242
f 6591 6242 6241
f 6231 6242 6581
f 6242 6592 6581
f 6242 6590 6592
f 6581 6592 6582
f 6244 6593 6243
f 6594 6593 6244
f 6243 6595 6245
f 6593 6595 6243
f 6245 6596 6246
f 6595 6596 6245
f 6246 6597 6247
f 6596 6597 6246
f 6247 6598 6248
f 6597 6598 6247
f 6248 6599 6249
f 6598 6599 6248
f 6249 6600 6250
f 6599 6600 6249
f 6250 6601 6251
f 6600 6601 6250
f 6251 6602 6252
f 6601 6602 6251
f 6235 6252 6585
f 6585 6252 6602
f 6589 6603 6239
f 6239 6603 6253
f 6253 6604 6254
f 6603 6604 6253
f 6254 6605 6255
f 6604 6605 6254
f 6255 6606 6256
f 6605 6606 6255
f 6256 6607 6257
f 6606 6607 6256
f 6257 6608 6258
f 6607 6608 6257
f 6258 6609 6259
f 6608 6609 6258
f 6241 6259 6591
f 6591 6259 6609
f 6610 6264 6265
f 6266 6611 6265
f 6265 6611 6610
f 6267 6612 6266
f 6266 6612 6611
f 6268 6613 6267
f 6267 6613 6612
f 6270 6613 6268
f 6616 6615 6614
f 6618 6617 6614
f 6614 6617 6616
f 6619 6273 6274
f 6275 6620 6274
f 6274 6620 6619
f 6620 6275 6621
f 6275 6622 6621
f 6275 6276 6622
f 6276 6264 6610
f 6623 6276 6610
f 6622 6276 6623
f 6623 6610 6611
f 6623 6611 6624
f 6624 6611 6612
f 6624 6612 6625
f 6625 6612 6613
f 6625 6613 6626
f 6628 6626 6627
f 6627 6626 6277
f 6626 6613 6277
f 6613 6270 6277
f 6278 6629 6277
f 6277 6629 6627
f 6280 6629 6278
f 6632 6631 6630
f 6634 6633 6630
f 6630 6633 6632
f 6636 6635 6634
f 6634 6635 6633
f 6285 6286 6636
f 6286 6635 6636
f 6286 6637 6635
f 6638 6286 6287
f 6638 6637 6286
f 6639 6287 6289
f 6639 6638 6287
f 6640 6289 6290
f 6640 6639 6289
f 6291 6614 6615
f 6640 6291 6615
f 6290 6291 6640
f 6614 6291 6292
f 6614 6292 6618
f 6641 6294 6295
f 6296 6642 6295
f 6295 6642 6641
f 6273 6619 6296
f 6619 6642 6296
f 6619 6643 6642
f 6620 6645 6644
f 6643 6620 6644
f 6619 6620 6643
f 6645 6620 6621
f 6646 6628 6627
f 6648 6647 6646
f 6627 6648 6646
f 6629 6648 6627
f 6298 6648 6280
f 6280 6648 6629
f 6650 6649 6302
f 6302 6649 6301
f 6651 6302 6303
f 6651 6650 6302
f 6652 6303 6304
f 6652 6651 6303
f 6653 6304 6305
f 6653 6652 6304
f 6306 6630 6631
f 6653 6306 6631
f 6305 6306 6653
f 6630 6306 6307
f 6630 6307 6634
f 6634 6307 6308
f 6634 6308 6636
f 6636 6308 6285
f 6641 6309 6294
f 6309 6641 6312
f 6641 6654 6312
f 6641 6642 6654
f 6655 6642 6643
f 6654 6642 6655
f 6643 6644 6656
f 6657 6643 6656
f 6655 6643 6657
f 6658 6657 6656
f 6647 6648 6659
f 6647 6659 6660
f 6313 6659 6298
f 6298 6659 6648
f 6663 6662 6661
f 6665 6664 6661
f 6661 6664 6663
f 6314 6315 6665
f 6315 6664 6665
f 6315 6666 6664
f 6315 6301 6649
f 6315 6649 6666
f 6654 6318 6312
f 6318 6654 6321
f 6321 6654 6655
f 6321 6655 6322
f 6655 6667 6322
f 6655 6657 6667
f 6657 6658 6668
f 6669 6657 6668
f 6667 6657 6669
f 6671 6670 6669
f 6671 6669 6668
f 6673 6672 6670
f 6673 6670 6671
f 6675 6674 6672
f 6675 6672 6673
f 6677 6676 6674
f 6677 6674 6675
f 6679 6678 6676
f 6679 6676 6677
f 6678 6679 6660
f 6678 6660 6659
f 6324 6678 6659
f 6323 6324 6659
f 6323 6659 6313
f 6682 6681 6680
f 6684 6683 6680
f 6680 6683 6682
f 6326 6327 6684
f 6327 6683 6684
f 6327 6685 6683
f 6686 6327 6328
f 6686 6685 6327
f 6330 6661 6662
f 6686 6330 6662
f 6328 6330 6686
f 6661 6330 6331
f 6661 6331 6665
f 6665 6331 6314
f 6687 6336 6667
f 6667 6336 6322
f 6688 6667 6669
f 6687 6667 6688
f 6689 6669 6670
f 6688 6669 6689
f 6690 6670 6672
f 6689 6670 6690
f 6691 6672 6674
f 6690 6672 6691
f 6692 6674 6676
f 6691 6674 6692
f 6339 6692 6338
f 6692 6678 6338
f 6692 6676 6678
f 6338 6678 6324
f 6693 6340 6341
f 6681 6694 6680
f 6694 6341 6680
f 6341 6342 6680
f 6341 6694 6693
f 6680 6342 6343
f 6680 6343 6684
f 6684 6343 6326
f 6345 6695 6344
f 6344 6695 6696
f 6346 6697 6345
f 6345 6697 6695
f 6347 6698 6346
f 6346 6698 6697
f 6699 6698 6347
f 6699 6347 6336
f 6700 6699 6336
f 6687 6700 6336
f 6700 6687 6688
f 6700 6688 6701
f 6701 6688 6689
f 6701 6689 6702
f 6702 6689 6690
f 6702 6690 6703
f 6703 6690 6691
f 6703 6691 6704
f 6706 6705 6704
f 6691 6706 6704
f 6692 6706 6691
f 6349 6706 6339
f 6339 6706 6692
f 6708 6707 6693
f 6707 6340 6693
f 6707 6351 6340
f 6708 6693 6694
f 6709 6696 6695
f 6709 6695 6710
f 6710 6695 6697
f 6710 6697 6711
f 6711 6697 6698
f 6711 6698 6712
f 6712 6698 6699
f 6705 6706 6713
f 6705 6713 6714
f 6352 6715 6349
f 6715 6706 6349
f 6715 6713 6706
f 6354 6715 6352
f 6707 6356 6351
f 6716 6356 6707
f 6717 6714 6713
f 6719 6718 6717
f 6713 6719 6717
f 6715 6719 6713
f 6358 6719 6354
f 6354 6719 6715
f 6720 6359 6360
f 6721 6720 6360
f 6356 6721 6360
f 6716 6721 6356
f 6722 6718 6719
f 6724 6722 6723
f 6723 6722 6361
f 6722 6719 6361
f 6719 6358 6361
f 6363 6723 6361
f 6725 6368 6369
f 6726 6725 6369
f 6726 6369 6359
f 6727 6726 6359
f 6720 6727 6359
f 6727 6720 6721
f 6728 6724 6723
f 6728 6723 6363
f 6370 6728 6363
f 6729 6728 6370
f 6731 6729 6730
f 6729 6371 6730
f 6729 6370 6371
f 6372 6732 6371
f 6371 6732 6730
f 6373 6733 6372
f 6372 6733 6732
f 6374 6734 6373
f 6373 6734 6733
f 6735 6734 6374
f 6735 6374 6368
f 6736 6735 6368
f 6725 6736 6368
f 6736 6725 6726
f 6739 6738 6737
f 6376 6377 6737
f 6738 6376 6737
f 6740 6376 6738
f 6376 6741 6379
f 6740 6741 6376
f 6743 6380 6742
f 6380 6741 6742
f 6380 6379 6741
f 6380 6743 6381
f 6381 6743 6744
f 6381 6744 6382
f 6747 6746 6745
f 6386 6387 6745
f 6746 6386 6745
f 6748 6386 6746
f 6386 6749 6389
f 6748 6749 6386
f 6389 6750 6390
f 6749 6750 6389
f 6737 6391 6739
f 6391 6750 6739
f 6391 6390 6750
f 6391 6737 6377
f 6752 6751 6393
f 6752 6393 6394
f 6393 6753 6395
f 6751 6753 6393
f 6745 6396 6747
f 6396 6753 6747
f 6396 6395 6753
f 6396 6745 6387
f 6755 6754 6398
f 6755 6398 6399
f 6394 6398 6752
f 6752 6398 6754
f 6401 6755 6399
f 6401 6756 6755
f 6403 6757 6404
f 6758 6405 6404
f 6758 6404 6757
f 6758 6407 6405
f 6409 6756 6401
f 6409 6759 6756
f 6412 6760 6411
f 6760 6761 6411
f 6411 6761 6403
f 6761 6762 6403
f 6762 6757 6403
f 6757 6762 6758
f 6758 6762 6763
f 6763 6765 6764
f 6763 6764 6413
f 6758 6763 6413
f 6407 6758 6413
f 6766 6414 6413
f 6766 6413 6764
f 6766 6415 6414
f 6767 6759 6409
f 6767 6409 6416
f 6769 6767 6768
f 6767 6417 6768
f 6767 6416 6417
f 6419 6768 6417
f 6424 6770 6423
f 6770 6771 6423
f 6423 6771 6412
f 6771 6772 6412
f 6772 6760 6412
f 6760 6772 6761
f 6765 6773 6764
f 6775 6774 6773
f 6774 6764 6773
f 6774 6766 6764
f 6774 6425 6415
f 6774 6415 6766
f 6776 6769 6768
f 6776 6768 6419
f 6426 6776 6419
f 6777 6776 6426
f 6778 6426 6427
f 6778 6777 6426
f 6779 6427 6428
f 6779 6778 6427
f 6780 6428 6429
f 6780 6779 6428
f 6782 6780 6781
f 6780 6430 6781
f 6780 6429 6430
f 6432 6781 6430
f 6785 6784 6783
f 6787 6786 6783
f 6783 6786 6785
f 6433 6770 6424
f 6433 6435 6770
f 6435 6771 6770
f 6435 6788 6771
f 6791 6790 6789
f 6791 6789 6775
f 6775 6789 6774
f 6789 6436 6774
f 6436 6437 6774
f 6774 6437 6425
f 6792 6782 6781
f 6792 6781 6432
f 6438 6792 6432
f 6793 6792 6438
f 6794 6438 6439
f 6794 6793 6438
f 6439 6440 6794
f 6794 6440 6795
f 6798 6797 6796
f 6800 6799 6796
f 6796 6799 6798
f 6442 6443 6800
f 6443 6799 6800
f 6443 6801 6799
f 6802 6443 6444
f 6802 6801 6443
f 6446 6783 6784
f 6802 6446 6784
f 6444 6446 6802
f 6783 6446 6447
f 6783 6447 6787
f 6448 6804 6803
f 6788 6448 6803
f 6435 6448 6788
f 6804 6805 6803
f 6808 6807 6806
f 6808 6806 6790
f 6806 6789 6790
f 6806 6809 6789
f 6809 6449 6436
f 6809 6436 6789
f 6450 6811 6810
f 6795 6450 6810
f 6440 6450 6795
f 6811 6812 6810
f 6815 6814 6813
f 6815 6813 6797
f 6813 6796 6797
f 6813 6816 6796
f 6816 6452 6453
f 6800 6816 6453
f 6796 6816 6800
f 6800 6453 6442
f 6454 6817 6804
f 6454 6804 6448
f 6805 6804 6818
f 6804 6819 6818
f 6804 6817 6819
f 6818 6819 6807
f 6819 6806 6807
f 6819 6820 6806
f 6820 6455 6456
f 6809 6820 6456
f 6806 6820 6809
f 6809 6456 6449
f 6457 6821 6811
f 6457 6811 6450
f 6812 6811 6822
f 6822 6811 6821
f 6814 6823 6813
f 6825 6824 6823
f 6824 6813 6823
f 6824 6816 6813
f 6824 6459 6452
f 6824 6452 6816
f 6461 6817 6454
f 6817 6461 6463
f 6826 6817 6463
f 6819 6817 6826
f 6819 6827 6820
f 6819 6826 6827
f 6827 6464 6455
f 6827 6455 6820
f 6829 6828 6821
f 6457 6829 6821
f 6465 6829 6457
f 6821 6828 6822
f 6825 6830 6824
f 6830 6832 6831
f 6830 6831 6466
f 6824 6830 6466
f 6459 6824 6466
f 6831 6468 6466
f 6471 6833 6470
f 6826 6463 6470
f 6833 6826 6470
f 6834 6826 6833
f 6826 6835 6827
f 6826 6834 6835
f 6835 6473 6464
f 6835 6464 6827
f 6475 6836 6474
f 6836 6837 6474
f 6837 6465 6474
f 6837 6829 6465
f 6832 6838 6831
f 6838 6840 6839
f 6838 6839 6476
f 6831 6838 6476
f 6468 6831 6476
f 6839 6478 6476
f 6481 6841 6833
f 6481 6833 6471
f 6833 6842 6834
f 6833 6841 6842
f 6834 6843 6835
f 6834 6842 6843
f 6844 6482 6473
f 6835 6844 6473
f 6843 6844 6835
f 6844 6483 6482
f 6484 6845 6836
f 6484 6836 6475
f 6837 6836 6846
f 6846 6836 6845
f 6840 6847 6839
f 6847 6849 6848
f 6847 6848 6485
f 6839 6847 6485
f 6478 6839 6485
f 6848 6487 6485
f 6490 6850 6489
f 6850 6851 6489
f 6489 6851 6481
f 6851 6852 6481
f 6852 6841 6481
f 6841 6852 6842
f 6842 6852 6853
f 6842 6853 6843
f 6843 6853 6854
f 6856 6855 6854
f 6855 6843 6854
f 6855 6844 6843
f 6855 6492 6483
f 6855 6483 6844
f 6493 6857 6845
f 6493 6845 6484
f 6846 6845 6858
f 6858 6845 6857
f 6848 6849 6859
f 6859 6849 6860
f 6861 6494 6487
f 6848 6861 6487
f 6859 6861 6848
f 6861 6496 6494
f 6863 6862 6850
f 6490 6863 6850
f 6497 6863 6490
f 6850 6862 6851
f 6856 6864 6855
f 6864 6866 6865
f 6864 6865 6498
f 6855 6864 6498
f 6492 6855 6498
f 6865 6499 6498
f 6500 6857 6493
f 6500 6501 6857
f 6501 6858 6857
f 6501 6867 6858
f 6870 6869 6868
f 6870 6868 6860
f 6860 6868 6859
f 6868 6503 6859
f 6503 6504 6859
f 6859 6504 6505
f 6859 6505 6861
f 6861 6505 6496
f 6506 6863 6497
f 6506 6871 6863
f 6866 6872 6865
f 6499 6865 6872
f 6873 6499 6872
f 6507 6499 6873
f 6874 6867 6501
f 6874 6501 6508
f 6876 6875 6509
f 6875 6508 6509
f 6875 6874 6508
f 6878 6877 6876
f 6876 6877 6875
f 6880 6879 6878
f 6878 6879 6877
f 6882 6881 6880
f 6880 6881 6879
f 6511 6512 6882
f 6512 6881 6882
f 6512 6883 6881
f 6884 6512 6513
f 6884 6883 6512
f 6885 6513 6514
f 6885 6884 6513
f 6515 6868 6869
f 6885 6515 6869
f 6514 6515 6885
f 6868 6515 6503
f 6516 6871 6506
f 6516 6886 6871
f 6873 6517 6507
f 6887 6517 6873
f 6518 6876 6509
f 6876 6518 6519
f 6876 6519 6878
f 6878 6519 6520
f 6878 6520 6880
f 6880 6520 6521
f 6880 6521 6882
f 6882 6521 6511
f 6522 6886 6516
f 6522 6888 6886
f 6891 6890 6889
f 6887 6891 6889
f 6523 6887 6889
f 6517 6887 6523
f 6524 6893 6892
f 6888 6524 6892
f 6522 6524 6888
f 6893 6894 6892
f 6889 6890 6527
f 6890 6526 6527
f 6890 6895 6526
f 6889 6527 6523
f 6528 6893 6524
f 6528 6530 6893
f 6530 6894 6893
f 6530 6896 6894
f 6895 6532 6526
f 6897 6532 6895
f 6898 6896 6530
f 6898 6530 6533
f 6533 6535 6898
f 6898 6535 6899
f 6902 6901 6900
f 6537 6538 6900
f 6538 6902 6900
f 6538 6903 6902
f 6538 6532 6897
f 6538 6897 6903
f 6905 6904 6540
f 6905 6540 6541
f 6540 6906 6543
f 6904 6906 6540
f 6543 6907 6545
f 6906 6907 6543
f 6907 6909 6908
f 6547 6907 6908
f 6545 6907 6547
f 6908 6548 6547
f 6910 6899 6535
f 6910 6535 6549
f 6550 6900 6901
f 6910 6550 6901
f 6549 6550 6910
f 6900 6550 6537
f 6913 6912 6911
f 6552 6553 6911
f 6912 6552 6911
f 6914 6552 6912
f 6552 6915 6554
f 6914 6915 6552
f 6554 6916 6555
f 6915 6916 6554
f 6541 6555 6905
f 6905 6555 6916
f 6909 6917 6908
f 6908 6917 6548
f 6917 6556 6548
f 6917 6918 6556
f 6556 6919 6557
f 6918 6919 6556
f 6557 6920 6558
f 6919 6920 6557
f 6558 6921 6559
f 6920 6921 6558
f 6559 6922 6560
f 6921 6922 6559
f 6925 6924 6923
f 6927 6926 6923
f 6927 6923 6924
f 6926 6927 6913
f 6926 6913 6911
f 6563 6926 6911
f 6562 6563 6911
f 6562 6911 6553
f 6925 6923 6928
f 6925 6928 6929
f 6930 6923 6926
f 6928 6923 6930
f 6565 6930 6563
f 6563 6930 6926
f 6931 6929 6928
f 6933 6932 6931
f 6928 6933 6931
f 6930 6933 6928
f 6566 6933 6565
f 6565 6933 6930
f 6934 6932 6933
f 6933 6566 6934
f 6566 6935 6934
f 6566 6567 6935
f 6936 6935 6567
f 6936 6567 6568
f 6568 6569 6936
f 6936 6569 6937
f 6570 6937 6569
f 6570 6938 6937
f 6941 6940 6939
f 6943 6942 6939
f 6943 6939 6940
f 6945 6944 6942
f 6945 6942 6943
f 6947 6946 6944
f 6947 6944 6945
f 6948 6946 6947
f 6570 6571 6949
f 6950 6570 6949
f 6938 6570 6950
f 6573 6949 6571
f 6952 6951 6574
f 6952 6574 6575
f 6939 6576 6941
f 6576 6951 6941
f 6576 6574 6951
f 6576 6939 6577
f 6577 6939 6942
f 6577 6942 6578
f 6578 6942 6944
f 6578 6944 6579
f 6579 6944 6946
f 6580 6579 6946
f 6948 6580 6946
f 6953 6580 6948
f 6956 6955 6954
f 6954 6955 6950
f 6954 6950 6949
f 6582 6954 6949
f 6583 6582 6949
f 6583 6949 6573
f 6585 6957 6584
f 6584 6957 6958
f 6959 6584 6958
f 6586 6584 6959
f 6575 6586 6952
f 6952 6586 6959
f 6953 6960 6580
f 6580 6960 6587
f 6587 6961 6588
f 6960 6961 6587
f 6589 6588 6961
f 6589 6961 6962
f 6964 6963 6590
f 6964 6590 6591
f 6954 6592 6956
f 6592 6963 6956
f 6592 6590 6963
f 6592 6954 6582
f 6965 6593 6594
f 6965 6594 6966
f 6967 6595 6593
f 6967 6593 6965
f 6968 6596 6595
f 6968 6595 6967
f 6969 6597 6596
f 6969 6596 6968
f 6970 6598 6597
f 6970 6597 6969
f 6971 6599 6598
f 6971 6598 6970
f 6972 6600 6599
f 6972 6599 6971
f 6600 6972 6973
f 6974 6600 6973
f 6601 6600 6974
f 6601 6975 6602
f 6974 6975 6601
f 6585 6602 6957
f 6602 6976 6957
f 6602 6975 6976
f 6957 6976 6958
f 6962 6977 6589
f 6589 6977 6603
f 6603 6978 6604
f 6977 6978 6603
f 6604 6979 6605
f 6978 6979 6604
f 6979 6981 6980
f 6606 6979 6980
f 6605 6979 6606
f 6982 6607 6606
f 6982 6606 6980
f 6983 6608 6607
f 6983 6607 6982
f 6608 6983 6984
f 6985 6608 6984
f 6609 6608 6985
f 6591 6609 6964
f 6964 6609 6985
f 6966 6986 6965
f 6965 6986 6987
f 6965 6987 6967
f 6967 6987 6988
f 6967 6988 6968
f 6968 6988 6989
f 6968 6989 6969
f 6969 6989 6990
f 6969 6990 6970
f 6970 6990 6991
f 6970 6991 6971
f 6971 6991 6992
f 6971 6992 6972
f 6972 6992 6993
f 6972 6993 6973
f 6981 6994 6980
f 6980 6994 6982
f 6982 6994 6995
f 6982 6995 6983
f 6983 6995 6996
f 6983 6996 6984
f 6999 6998 6997
f 7001 7000 6997
f 6997 7000 6999
f 7003 7002 7001
f 7001 7002 7000
f 7003 7004 7002
f 7007 7006 7005
f 7009 7008 7005
f 7005 7008 7007
f 7008 7009 6998
f 7009 6997 6998
f 7009 7010 6997
f 6997 7011 7001
f 6997 7010 7011
f 7001 7012 7003
f 7001 7011 7012
f 7004 7003 7013
f 7003 7014 7013
f 7003 7012 7014
f 7014 7015 7013
f 7018 7017 7016
f 7020 7019 7016
f 7016 7019 7018
f 7022 7021 7020
f 7020 7021 7019
f 7022 7023 7021
f 7026 7025 7024
f 7026 7024 7006
f 7024 7005 7006
f 7024 7027 7005
f 7005 7028 7009
f 7005 7027 7028
f 7009 7029 7010
f 7009 7028 7029
f 7010 7030 7011
f 7010 7029 7030
f 7011 7031 7012
f 7011 7030 7031
f 7033 7014 7032
f 7014 7031 7032
f 7014 7012 7031
f 7014 7033 7015
f 7017 7034 7016
f 7036 7035 7034
f 7035 7016 7034
f 7035 7020 7016
f 7020 7037 7022
f 7020 7035 7037
f 7023 7022 7038
f 7038 7022 7037
f 7025 7039 7024
f 7024 7039 7027
f 7027 7039 7040
f 7027 7040 7028
f 7028 7040 7041
f 7043 7042 7041
f 7042 7028 7041
f 7042 7029 7028
f 7045 7030 7044
f 7030 7042 7044
f 7030 7029 7042
f 7030 7045 7031
f 7031 7045 7046
f 7031 7046 7032
f 7036 7047 7035
f 7035 7047 7037
f 7037 7047 7048
f 7037 7048 7038
f 7043 7049 7042
f 7042 7049 7044
f 7052 7051 7050
f 7054 7053 7050
f 7050 7053 7052
f 6615 6616 7054
f 6616 7053 7054
f 6616 7055 7053
f 7056 6616 6617
f 7056 7055 6616
f 7057 6621 6622
f 6623 7058 6622
f 6622 7058 7057
f 6624 7059 6623
f 6623 7059 7058
f 6625 7060 6624
f 6624 7060 7059
f 6626 7061 6625
f 6625 7061 7060
f 6628 7061 6626
f 7064 7063 7062
f 6631 6632 7062
f 6632 7064 7062
f 6632 7065 7064
f 7066 6632 6633
f 7066 7065 6632
f 7067 6633 6635
f 7067 7066 6633
f 7068 6635 6637
f 7068 7067 6635
f 7069 6637 6638
f 7069 7068 6637
f 6639 7050 7051
f 7069 6639 7051
f 6638 6639 7069
f 7050 6639 6640
f 7050 6640 7054
f 7054 6640 6615
f 7070 6644 6645
f 6621 7057 6645
f 7057 7070 6645
f 7057 7071 7070
f 7072 7057 7058
f 7071 7057 7072
f 7073 7058 7059
f 7072 7058 7073
f 7074 7059 7060
f 7073 7059 7074
f 7075 7060 7061
f 7074 7060 7075
f 6646 7076 6628
f 7076 7061 6628
f 7076 7075 7061
f 6647 7076 6646
f 7079 7078 7077
f 7081 7080 7077
f 7077 7080 7079
f 6649 6650 7081
f 6650 7080 7081
f 6650 7082 7080
f 7083 6650 6651
f 7083 7082 6650
f 7084 6651 6652
f 7084 7083 6651
f 6653 7062 7063
f 7084 6653 7063
f 6652 6653 7084
f 7062 6653 6631
f 7070 6656 6644
f 6656 7070 6658
f 7070 7085 6658
f 7070 7071 7085
f 7086 7071 7072
f 7085 7071 7086
f 7087 7072 7073
f 7086 7072 7087
f 7088 7073 7074
f 7087 7073 7088
f 7089 7074 7075
f 7088 7074 7089
f 7090 7075 7076
f 7089 7075 7090
f 6660 7090 6647
f 6647 7090 7076
f 7093 7092 7091
f 7095 7094 7091
f 7091 7094 7093
f 7097 7096 7095
f 7095 7096 7094
f 6662 6663 7097
f 6663 7096 7097
f 6663 7098 7096
f 6664 7077 7078
f 7098 6664 7078
f 6663 6664 7098
f 7077 6664 6666
f 7077 6666 7081
f 7081 6666 6649
f 7085 6668 6658
f 6668 7085 6671
f 6671 7085 7086
f 6671 7086 6673
f 6673 7086 7087
f 6673 7087 6675
f 6675 7087 7088
f 6675 7088 6677
f 6677 7088 7089
f 6677 7089 6679
f 6679 7089 7090
f 6679 7090 6660
f 7100 7099 6682
f 6682 7099 6681
f 6683 7091 7092
f 7100 6683 7092
f 6682 6683 7100
f 7091 6683 6685
f 7091 6685 7095
f 7095 6685 6686
f 7095 6686 7097
f 7097 6686 6662
f 7099 6694 6681
f 7101 6694 7099
f 7102 6699 6700
f 6701 7103 6700
f 6700 7103 7102
f 6702 7104 6701
f 6701 7104 7103
f 6703 7105 6702
f 6702 7105 7104
f 6704 7106 6703
f 6703 7106 7105
f 6705 7106 6704
f 7107 6707 6708
f 7108 7107 6708
f 6694 7108 6708
f 7101 7108 6694
f 6710 7109 6709
f 6709 7109 7110
f 6711 7111 6710
f 6710 7111 7109
f 6712 7112 6711
f 6711 7112 7111
f 6699 7102 6712
f 7102 7112 6712
f 7102 7113 7112
f 7114 7102 7103
f 7113 7102 7114
f 7115 7103 7104
f 7114 7103 7115
f 7116 7104 7105
f 7115 7104 7116
f 7117 7105 7106
f 7116 7105 7117
f 6714 7117 6705
f 6705 7117 7106
f 7118 6716 7107
f 7107 6716 6707
f 7107 7108 7119
f 7107 7119 7118
f 7120 7110 7109
f 7121 7110 7120
f 7122 7109 7111
f 7120 7109 7122
f 7123 7111 7112
f 7122 7111 7123
f 7124 7112 7113
f 7123 7112 7124
f 7125 7113 7114
f 7124 7113 7125
f 7126 7114 7115
f 7125 7114 7126
f 7127 7115 7116
f 7126 7115 7127
f 7128 7116 7117
f 7127 7116 7128
f 6717 7129 6714
f 7129 7117 6714
f 7129 7128 7117
f 6718 7129 6717
f 7130 6721 7118
f 7118 6721 6716
f 7118 7119 7131
f 7118 7131 7130
f 7132 7121 7120
f 7133 7121 7132
f 7134 7120 7122
f 7132 7120 7134
f 7123 7136 7135
f 7134 7123 7135
f 7122 7123 7134
f 7136 7123 7124
f 7136 7124 7137
f 7137 7124 7125
f 7137 7125 7138
f 7138 7125 7126
f 7138 7126 7139
f 7141 7140 7139
f 7126 7141 7139
f 7127 7141 7126
f 7142 7127 7128
f 7141 7127 7142
f 7143 7128 7129
f 7142 7128 7143
f 6722 7144 6718
f 7144 7129 6718
f 7144 7143 7129
f 6724 7144 6722
f 7145 6726 6727
f 7146 7145 6727
f 7146 6727 6721
f 7147 7146 6721
f 7130 7147 6721
f 7147 7130 7131
f 7148 7133 7132
f 7148 7132 7149
f 7149 7132 7134
f 7149 7134 7150
f 7150 7134 7135
f 7151 7140 7141
f 7151 7141 7142
f 7151 7142 7152
f 7152 7142 7143
f 7152 7143 7153
f 7155 7154 7153
f 7143 7155 7153
f 7144 7155 7143
f 6728 7156 6724
f 7156 7144 6724
f 7156 7155 7144
f 6729 7157 6728
f 6728 7157 7156
f 6731 7157 6729
f 7158 6735 6736
f 7159 7158 6736
f 7159 6736 6726
f 7160 7159 6726
f 7145 7160 6726
f 7160 7145 7146
f 7163 7162 7161
f 7165 7164 7161
f 7165 7161 7162
f 6738 6739 7164
f 7165 6738 7164
f 7166 6738 7165
f 7168 6740 7167
f 6740 7166 7167
f 6740 6738 7166
f 6740 7168 6741
f 6741 7168 7169
f 6741 7169 6742
f 7171 7170 6746
f 7171 6746 6747
f 6746 7172 6748
f 7170 7172 6746
f 7161 6749 7163
f 6749 7172 7163
f 6749 6748 7172
f 6749 7161 6750
f 6750 7161 7164
f 6750 7164 6739
f 7174 7173 6751
f 7174 6751 6752
f 6751 7175 6753
f 7173 7175 6751
f 6747 6753 7171
f 7171 6753 7175
f 7177 7176 6754
f 7177 6754 6755
f 6752 6754 7174
f 7174 6754 7176
f 6756 7177 6755
f 6756 7178 7177
f 6759 7178 6756
f 6759 7179 7178
f 6761 7180 6762
f 7181 6763 6762
f 7181 6762 7180
f 7181 6765 6763
f 7182 7179 6759
f 7182 6759 6767
f 6767 6769 7182
f 7182 6769 7183
f 7186 7185 7184
f 6771 7187 6772
f 7180 6761 6772
f 7187 7180 6772
f 7188 7180 7187
f 7180 7189 7181
f 7180 7188 7189
f 7190 6773 6765
f 7181 7190 6765
f 7189 7190 7181
f 7190 6775 6773
f 7191 7183 6769
f 7191 6769 6776
f 7192 6776 6777
f 7192 7191 6776
f 7193 6777 6778
f 7193 7192 6777
f 7195 7193 7194
f 7193 6779 7194
f 7193 6778 6779
f 6780 7196 6779
f 6779 7196 7194
f 6782 7196 6780
f 7199 7198 7197
f 7201 7200 7197
f 7197 7200 7199
f 6784 6785 7201
f 6785 7200 7201
f 6785 7202 7200
f 6786 7184 7185
f 7202 6786 7185
f 6785 6786 7202
f 6788 7203 7187
f 6788 7187 6771
f 7187 7204 7188
f 7187 7203 7204
f 7188 7205 7189
f 7188 7204 7205
f 7205 6790 6791
f 7190 7205 6791
f 7189 7205 7190
f 7190 6791 6775
f 7206 7195 7194
f 7206 7194 7196
f 7206 7196 7207
f 7207 7196 6782
f 6792 7207 6782
f 7208 7207 6792
f 7209 6792 6793
f 7209 7208 6792
f 7210 6793 6794
f 7210 7209 6793
f 7212 7211 6795
f 7211 6794 6795
f 7211 7210 6794
f 7212 7213 7211
f 7216 7215 7214
f 7218 7217 7214
f 7214 7217 7216
f 6797 6798 7218
f 6798 7217 7218
f 6798 7219 7217
f 7220 6798 6799
f 7220 7219 6798
f 6801 7197 7198
f 7220 6801 7198
f 6799 6801 7220
f 7197 6801 6802
f 7197 6802 7201
f 7201 6802 6784
f 6803 7203 6788
f 7203 6803 6805
f 7221 7203 6805
f 7204 7203 7221
f 7221 6807 6808
f 7205 7221 6808
f 7204 7221 7205
f 7205 6808 6790
f 6810 7212 6795
f 7223 7222 6812
f 6812 7222 6810
f 7222 7213 6810
f 7213 7212 6810
f 7225 7224 7223
f 7223 7224 7222
f 7227 7226 7225
f 7225 7226 7224
f 7226 7227 7215
f 7227 7214 7215
f 7227 7228 7214
f 7228 6814 6815
f 7218 7228 6815
f 7214 7228 7218
f 7218 6815 6797
f 6818 7221 6805
f 7221 6818 6807
f 6822 7229 7223
f 6822 7223 6812
f 7223 7230 7225
f 7223 7229 7230
f 7225 7231 7227
f 7225 7230 7231
f 7227 7232 7228
f 7227 7231 7232
f 7233 6823 6814
f 7228 7233 6814
f 7232 7233 7228
f 7233 6825 6823
f 6829 7234 6828
f 7229 6822 6828
f 7234 7229 6828
f 7235 7229 7234
f 7237 7230 7236
f 7230 7235 7236
f 7230 7229 7235
f 7230 7237 7231
f 7231 7237 7238
f 7231 7238 7232
f 7232 7238 7239
f 7241 7240 7239
f 7240 7232 7239
f 7240 7233 7232
f 7242 6830 6825
f 7233 7242 6825
f 7240 7242 7233
f 7242 6832 6830
f 6837 7243 7234
f 6837 7234 6829
f 7245 7235 7244
f 7235 7243 7244
f 7235 7234 7243
f 7235 7245 7236
f 7241 7246 7240
f 7248 7247 7246
f 7247 7240 7246
f 7247 7242 7240
f 7249 6838 6832
f 7242 7249 6832
f 7247 7249 7242
f 7249 6840 6838
f 6846 7250 7243
f 6846 7243 6837
f 7244 7243 7251
f 7251 7243 7250
f 7248 7252 7247
f 7254 7253 7252
f 7253 7247 7252
f 7253 7249 7247
f 7255 6847 6840
f 7249 7255 6840
f 7253 7255 7249
f 7255 6849 6847
f 6851 7256 6852
f 7257 6853 6852
f 7257 6852 7256
f 7258 6854 6853
f 7258 6853 7257
f 7258 6856 6854
f 7260 7259 7250
f 6846 7260 7250
f 6858 7260 6846
f 7250 7259 7251
f 7254 7261 7253
f 7263 7262 7261
f 7262 7253 7261
f 7262 7255 7253
f 7262 6860 6849
f 7262 6849 7255
f 6863 7264 6862
f 7264 7265 6862
f 6862 7265 6851
f 7265 7266 6851
f 7266 7256 6851
f 7256 7266 7257
f 7257 7266 7267
f 7257 7267 7258
f 7258 7267 7268
f 7268 7270 7269
f 7268 7269 6864
f 7258 7268 6864
f 6856 7258 6864
f 7269 6866 6864
f 6867 7272 7271
f 7260 6867 7271
f 6858 6867 7260
f 7272 7273 7271
f 7276 7275 7274
f 7278 7277 7274
f 7274 7277 7276
f 7277 7278 7263
f 7263 7278 7262
f 7278 6869 7262
f 6869 6870 7262
f 7262 6870 6860
f 6871 7279 7264
f 6871 7264 6863
f 7265 7264 7280
f 7280 7264 7279
f 7270 7281 7269
f 7281 7283 7282
f 7281 7282 6872
f 7269 7281 6872
f 6866 7269 6872
f 7282 6873 6872
f 6874 7272 6867
f 7284 7273 7272
f 6874 7284 7272
f 6875 7284 6874
f 7285 6875 6877
f 7285 7284 6875
f 7286 6877 6879
f 7286 7285 6877
f 7287 6879 6881
f 7287 7286 6879
f 7288 6881 6883
f 7288 7287 6881
f 6884 7274 7275
f 7288 6884 7275
f 6883 6884 7288
f 7274 6884 6885
f 7274 6885 7278
f 7278 6885 6869
f 7290 7289 7279
f 6871 7290 7279
f 6886 7290 6871
f 7279 7289 7280
f 7283 7291 7282
f 6873 7282 7291
f 7292 6873 7291
f 6887 6873 7292
f 7295 7294 7293
f 6888 7290 6886
f 6888 7296 7290
f 7297 6890 6891
f 7298 7297 6891
f 6887 7298 6891
f 7292 7298 6887
f 7299 7295 7293
f 6888 6892 7300
f 7301 6888 7300
f 7296 6888 7301
f 6894 7300 6892
f 7302 6895 7297
f 7297 6895 6890
f 7297 7298 7303
f 7297 7303 7302
f 7304 7301 7300
f 7300 6894 7304
f 6894 7305 7304
f 6894 6896 7305
f 7307 7306 7302
f 7306 6895 7302
f 7306 6897 6895
f 7307 7302 7303
f 7308 7305 6896
f 7308 6896 6898
f 7310 7309 6899
f 7309 6898 6899
f 7309 7308 6898
f 6901 6902 7310
f 6902 7309 7310
f 6902 7311 7309
f 7312 6902 6903
f 7312 7311 6902
f 6903 6897 7306
f 6903 7306 7312
f 7315 7314 7313
f 7314 6905 7313
f 7314 6904 6905
f 7314 7317 7316
f 6904 7314 7316
f 7318 6906 6904
f 7318 6904 7316
f 7319 6907 6906
f 7319 6906 7318
f 7319 6909 6907
f 6910 7310 6899
f 7310 6910 6901
f 7322 7321 7320
f 7324 7323 7320
f 7324 7320 7321
f 7326 7325 7323
f 7326 7323 7324
f 7328 7327 7325
f 7328 7325 7326
f 7330 7329 7327
f 7330 7327 7328
f 6912 6913 7329
f 7330 6912 7329
f 7331 6912 7330
f 6912 7332 6914
f 7331 7332 6912
f 6914 7333 6915
f 7332 7333 6914
f 7313 6916 7315
f 6916 7333 7315
f 6916 6915 7333
f 7317 7334 7316
f 6916 7313 6905
f 7316 7334 7318
f 7318 7334 7335
f 7318 7335 7319
f 7319 7335 7336
f 7319 7336 6909
f 7336 6917 6909
f 7336 7337 6917
f 6917 7338 6918
f 7337 7338 6917
f 6918 7339 6919
f 7338 7339 6918
f 6919 7340 6920
f 7339 7340 6919
f 7340 7342 7341
f 6921 7340 7341
f 6920 7340 6921
f 7343 6922 6921
f 7343 6921 7341
f 7346 7345 7344
f 7344 7345 7322
f 7320 7344 7322
f 7347 7344 7320
f 7348 7320 7323
f 7347 7320 7348
f 7349 7323 7325
f 7348 7323 7349
f 6925 7349 6924
f 7349 7327 6924
f 7349 7325 7327
f 6924 7327 6927
f 6927 7327 7329
f 6927 7329 6913
f 7342 7350 7341
f 7352 7351 7350
f 7351 7341 7350
f 7351 7343 7341
f 7346 7344 7353
f 7346 7353 7354
f 7355 7344 7347
f 7353 7344 7355
f 7356 7347 7348
f 7355 7347 7356
f 7357 7348 7349
f 7356 7348 7357
f 6929 7357 6925
f 6925 7357 7349
f 7351 7352 7358
f 7358 7352 7359
f 7360 7354 7353
f 7360 7353 7355
f 7360 7355 7361
f 7363 7362 7361
f 7355 7363 7361
f 7356 7363 7355
f 7364 7356 7357
f 7363 7356 7364
f 6931 7365 6929
f 7365 7357 6929
f 7365 7364 7357
f 6932 7365 6931
f 7359 7366 7358
f 7367 7362 7363
f 7367 7363 7364
f 7367 7364 7368
f 7368 7364 7365
f 7368 7365 7369
f 7369 7365 6932
f 6934 7369 6932
f 7370 7369 6934
f 6934 6935 7370
f 7370 6935 7371
f 6935 6936 7372
f 7373 6935 7372
f 7371 6935 7373
f 6937 7372 6936
f 7376 7375 7374
f 7377 7374 7375
f 7373 7372 7378
f 7373 7378 7379
f 6938 7378 6937
f 6937 7378 7372
f 7381 7380 6940
f 7381 6940 6941
f 7374 6943 7376
f 6943 7380 7376
f 6943 6940 7380
f 7377 7382 7374
f 7382 6943 7374
f 7382 6945 6943
f 6945 7383 6947
f 7382 7383 6945
f 6948 6947 7383
f 6948 7383 7384
f 7379 7378 7385
f 7379 7385 7386
f 6950 7385 6938
f 6938 7385 7378
f 6952 7387 6951
f 7387 7388 6951
f 7388 6941 6951
f 7388 7381 6941
f 7384 6953 6948
f 7389 6953 7384
f 7392 7391 7390
f 7390 7391 7386
f 7390 7386 7385
f 6956 7390 7385
f 6955 6956 7385
f 6955 7385 6950
f 7394 7393 6959
f 7394 6959 6958
f 6952 6959 7387
f 6959 7395 7387
f 6959 7393 7395
f 7387 7395 7388
f 7389 7396 6953
f 6953 7396 6960
f 6960 7397 6961
f 7396 7397 6960
f 6962 6961 7397
f 6962 7397 7398
f 7392 7390 6963
f 6964 7392 6963
f 7399 7392 6964
f 6963 7390 6956
f 6973 7400 6974
f 6974 7400 7401
f 7402 6974 7401
f 6975 6974 7402
f 6975 7403 6976
f 7402 7403 6975
f 6958 6976 7394
f 7394 6976 7403
f 7398 7404 6962
f 6962 7404 6977
f 6977 7405 6978
f 7404 7405 6977
f 7405 7407 7406
f 6979 7405 7406
f 6978 7405 6979
f 7406 6981 6979
f 6984 7408 6985
f 7408 7409 6985
f 7409 6964 6985
f 7409 7399 6964
f 6986 7410 6987
f 7411 7410 6986
f 6987 7412 6988
f 7410 7412 6987
f 6988 7413 6989
f 7412 7413 6988
f 6989 7414 6990
f 7413 7414 6989
f 6990 7415 6991
f 7414 7415 6990
f 6991 7416 6992
f 7415 7416 6991
f 6992 7417 6993
f 7416 7417 6992
f 6973 6993 7400
f 6993 7418 7400
f 6993 7417 7418
f 7400 7418 7401
f 7407 7419 7406
f 7419 7421 7420
f 7419 7420 6994
f 7406 7419 6994
f 6981 7406 6994
f 7422 6995 6994
f 7422 6994 7420
f 7423 6996 6995
f 7423 6995 7422
f 7408 6984 6996
f 7423 7408 6996
f 7424 7408 7423
f 7409 7408 7425
f 7425 7408 7424
f 7428 7427 7426
f 7430 7429 7426
f 7426 7429 7428
f 7429 7430 7421
f 7430 7420 7421
f 7430 7431 7420
f 7420 7432 7422
f 7420 7431 7432
f 7432 6998 6999
f 7423 7432 6999
f 7422 7432 7423
f 7423 6999 7000
f 7423 7000 7424
f 7433 7425 7424
f 7000 7433 7424
f 7002 7433 7000
f 7002 7004 7433
f 7433 7004 7434
f 7437 7436 7435
f 7439 7438 7435
f 7435 7438 7437
f 7441 7440 7439
f 7439 7440 7438
f 7443 7442 7441
f 7441 7442 7440
f 7445 7444 7443
f 7443 7444 7442
f 7447 7446 7445
f 7445 7446 7444
f 7449 7448 7447
f 7447 7448 7446
f 7451 7450 7449
f 7449 7450 7448
f 7450 7451 7427
f 7451 7426 7427
f 7451 7452 7426
f 7426 7453 7430
f 7426 7452 7453
f 7453 7006 7007
f 7431 7453 7007
f 7430 7453 7431
f 7431 7007 7008
f 7431 7008 7432
f 7432 7008 6998
f 7004 7013 7454
f 7455 7004 7454
f 7434 7004 7455
f 7015 7454 7013
f 7435 7436 7456
f 7456 7436 7457
f 7456 7017 7018
f 7439 7456 7018
f 7435 7456 7439
f 7439 7018 7019
f 7439 7019 7441
f 7441 7019 7021
f 7441 7021 7443
f 7443 7021 7023
f 7458 7443 7023
f 7445 7443 7458
f 7445 7459 7447
f 7445 7458 7459
f 7447 7460 7449
f 7447 7459 7460
f 7449 7461 7451
f 7449 7460 7461
f 7451 7462 7452
f 7451 7461 7462
f 7462 7025 7026
f 7453 7462 7026
f 7452 7462 7453
f 7453 7026 7006
f 7455 7454 7033
f 7032 7455 7033
f 7463 7455 7032
f 7033 7454 7015
f 7457 7464 7456
f 7464 7466 7465
f 7464 7465 7034
f 7456 7464 7034
f 7017 7456 7034
f 7465 7036 7034
f 7038 7467 7458
f 7038 7458 7023
f 7469 7459 7468
f 7459 7467 7468
f 7459 7458 7467
f 7459 7469 7460
f 7460 7469 7470
f 7460 7470 7461
f 7461 7470 7471
f 7473 7472 7471
f 7472 7461 7471
f 7472 7462 7461
f 7474 7039 7025
f 7462 7474 7025
f 7472 7474 7462
f 7475 7040 7039
f 7475 7039 7474
f 7476 7041 7040
f 7476 7040 7475
f 7476 7043 7041
f 7044 7477 7045
f 7045 7477 7478
f 7479 7045 7478
f 7046 7045 7479
f 7032 7046 7463
f 7463 7046 7479
f 7466 7480 7465
f 7465 7480 7036
f 7480 7047 7036
f 7480 7481 7047
f 7047 7482 7048
f 7481 7482 7047
f 7038 7048 7467
f 7048 7483 7467
f 7048 7482 7483
f 7467 7483 7468
f 7473 7484 7472
f 7472 7484 7474
f 7474 7484 7485
f 7474 7485 7475
f 7475 7485 7486
f 7475 7486 7476
f 7476 7486 7487
f 7476 7487 7043
f 7487 7049 7043
f 7487 7488 7049
f 7044 7049 7477
f 7049 7489 7477
f 7049 7488 7489
f 7477 7489 7478
f 7492 7491 7490
f 7494 7493 7490
f 7490 7493 7492
f 7051 7052 7494
f 7052 7493 7494
f 7052 7495 7493
f 7496 7052 7053
f 7496 7495 7052
f 7497 7053 7055
f 7497 7496 7053
f 7498 7055 7056
f 7498 7497 7055
f 7501 7500 7499
f 7063 7064 7499
f 7064 7501 7499
f 7064 7502 7501
f 7503 7064 7065
f 7503 7502 7064
f 7504 7065 7066
f 7504 7503 7065
f 7505 7066 7067
f 7505 7504 7066
f 7068 7490 7491
f 7505 7068 7491
f 7067 7068 7505
f 7490 7068 7069
f 7490 7069 7494
f 7494 7069 7051
f 7508 7507 7506
f 7510 7509 7506
f 7506 7509 7508
f 7512 7511 7510
f 7510 7511 7509
f 7078 7079 7512
f 7079 7511 7512
f 7079 7513 7511
f 7514 7079 7080
f 7514 7513 7079
f 7515 7080 7082
f 7515 7514 7080
f 7516 7082 7083
f 7516 7515 7082
f 7084 7499 7500
f 7516 7084 7500
f 7083 7084 7516
f 7499 7084 7063
f 7518 7517 7093
f 7093 7517 7092
f 7094 7506 7507
f 7518 7094 7507
f 7093 7094 7518
f 7506 7094 7096
f 7506 7096 7510
f 7510 7096 7098
f 7510 7098 7512
f 7512 7098 7078
f 7520 7519 7100
f 7100 7519 7099
f 7100 7092 7517
f 7100 7517 7520
f 7519 7101 7099
f 7521 7101 7519
f 7521 7108 7101
f 7522 7108 7521
f 7522 7119 7108
f 7523 7119 7522
f 7523 7131 7119
f 7524 7131 7523
f 7525 7135 7136
f 7137 7526 7136
f 7136 7526 7525
f 7138 7527 7137
f 7137 7527 7526
f 7139 7528 7138
f 7138 7528 7527
f 7140 7528 7139
f 7529 7146 7147
f 7530 7529 7147
f 7131 7530 7147
f 7524 7530 7131
f 7149 7531 7148
f 7148 7531 7532
f 7150 7533 7149
f 7149 7533 7531
f 7135 7525 7150
f 7525 7533 7150
f 7525 7534 7533
f 7535 7525 7526
f 7534 7525 7535
f 7536 7526 7527
f 7535 7526 7536
f 7537 7527 7528
f 7536 7527 7537
f 7151 7538 7140
f 7538 7528 7140
f 7538 7537 7528
f 7152 7539 7151
f 7151 7539 7538
f 7153 7540 7152
f 7152 7540 7539
f 7154 7540 7153
f 7541 7159 7160
f 7146 7529 7160
f 7529 7541 7160
f 7529 7542 7541
f 7529 7530 7543
f 7529 7543 7542
f 7546 7545 7544
f 7162 7163 7544
f 7545 7162 7544
f 7547 7162 7545
f 7162 7548 7165
f 7547 7548 7162
f 7550 7166 7549
f 7166 7548 7549
f 7166 7165 7548
f 7166 7550 7167
f 7553 7552 7551
f 7170 7171 7551
f 7552 7170 7551
f 7554 7170 7552
f 7544 7172 7546
f 7172 7554 7546
f 7172 7170 7554
f 7172 7544 7163
f 7556 7555 7173
f 7556 7173 7174
f 7551 7175 7553
f 7175 7555 7553
f 7175 7173 7555
f 7175 7551 7171
f 7558 7557 7176
f 7558 7176 7177
f 7174 7176 7556
f 7556 7176 7557
f 7178 7558 7177
f 7178 7559 7558
f 7179 7559 7178
f 7179 7560 7559
f 7563 7562 7561
f 7564 7560 7179
f 7564 7179 7182
f 7182 7183 7564
f 7564 7183 7565
f 7568 7567 7566
f 7570 7569 7566
f 7566 7569 7568
f 7572 7571 7570
f 7570 7571 7569
f 7571 7572 7562
f 7562 7572 7561
f 7572 7185 7561
f 7185 7186 7561
f 7573 7565 7183
f 7573 7183 7191
f 7574 7191 7192
f 7574 7573 7191
f 7576 7574 7575
f 7574 7193 7575
f 7574 7192 7193
f 7195 7575 7193
f 7579 7578 7577
f 7581 7580 7577
f 7577 7580 7579
f 7583 7582 7581
f 7581 7582 7580
f 7582 7583 7567
f 7567 7583 7566
f 7583 7198 7566
f 7198 7199 7566
f 7566 7199 7200
f 7566 7200 7570
f 7570 7200 7202
f 7570 7202 7572
f 7572 7202 7185
f 7584 7576 7575
f 7584 7575 7195
f 7206 7584 7195
f 7585 7584 7206
f 7586 7206 7207
f 7586 7585 7206
f 7587 7207 7208
f 7587 7586 7207
f 7588 7208 7209
f 7588 7587 7208
f 7589 7209 7210
f 7589 7588 7209
f 7590 7210 7211
f 7590 7589 7210
f 7592 7591 7213
f 7591 7211 7213
f 7591 7590 7211
f 7594 7593 7592
f 7592 7593 7591
f 7596 7595 7594
f 7594 7595 7593
f 7215 7216 7596
f 7216 7595 7596
f 7216 7597 7595
f 7217 7577 7578
f 7597 7217 7578
f 7216 7217 7597
f 7577 7217 7219
f 7577 7219 7581
f 7581 7219 7220
f 7581 7220 7583
f 7583 7220 7198
f 7222 7592 7213
f 7592 7222 7224
f 7592 7224 7594
f 7594 7224 7226
f 7594 7226 7596
f 7596 7226 7215
f 7236 7598 7237
f 7599 7238 7237
f 7599 7237 7598
f 7600 7239 7238
f 7600 7238 7599
f 7600 7241 7239
f 7244 7601 7245
f 7598 7236 7245
f 7601 7598 7245
f 7602 7598 7601
f 7598 7603 7599
f 7598 7602 7603
f 7599 7604 7600
f 7599 7603 7604
f 7605 7246 7241
f 7600 7605 7241
f 7604 7605 7600
f 7605 7248 7246
f 7251 7606 7601
f 7251 7601 7244
f 7608 7602 7607
f 7602 7606 7607
f 7602 7601 7606
f 7602 7608 7603
f 7603 7608 7609
f 7603 7609 7604
f 7604 7609 7610
f 7612 7611 7610
f 7611 7604 7610
f 7611 7605 7604
f 7613 7252 7248
f 7605 7613 7248
f 7611 7613 7605
f 7613 7254 7252
f 7260 7614 7259
f 7606 7251 7259
f 7614 7606 7259
f 7615 7606 7614
f 7607 7606 7616
f 7616 7606 7615
f 7612 7617 7611
f 7619 7618 7617
f 7618 7611 7617
f 7618 7613 7611
f 7620 7261 7254
f 7613 7620 7254
f 7618 7620 7613
f 7620 7263 7261
f 7265 7621 7266
f 7622 7267 7266
f 7622 7266 7621
f 7623 7268 7267
f 7623 7267 7622
f 7623 7270 7268
f 7271 7614 7260
f 7614 7271 7273
f 7624 7614 7273
f 7615 7614 7624
f 7616 7615 7625
f 7615 7626 7625
f 7615 7624 7626
f 7628 7627 7626
f 7626 7627 7625
f 7630 7629 7628
f 7628 7629 7627
f 7632 7631 7630
f 7630 7631 7629
f 7631 7632 7619
f 7619 7632 7618
f 7632 7275 7618
f 7275 7276 7618
f 7618 7276 7277
f 7618 7277 7620
f 7620 7277 7263
f 7634 7633 7621
f 7265 7634 7621
f 7280 7634 7265
f 7621 7633 7622
f 7622 7633 7635
f 7622 7635 7623
f 7623 7635 7636
f 7636 7638 7637
f 7636 7637 7281
f 7623 7636 7281
f 7270 7623 7281
f 7637 7283 7281
f 7284 7624 7273
f 7624 7284 7285
f 7624 7285 7626
f 7626 7285 7286
f 7626 7286 7628
f 7628 7286 7287
f 7628 7287 7630
f 7630 7287 7288
f 7630 7288 7632
f 7632 7288 7275
f 7641 7640 7639
f 7643 7642 7639
f 7643 7639 7640
f 7290 7644 7289
f 7644 7645 7289
f 7645 7280 7289
f 7645 7634 7280
f 7638 7646 7637
f 7637 7646 7283
f 7646 7291 7283
f 7646 7647 7291
f 7292 7291 7647
f 7292 7647 7648
f 7651 7650 7649
f 7649 7650 7641
f 7639 7649 7641
f 7652 7649 7639
f 7295 7652 7294
f 7652 7642 7294
f 7652 7639 7642
f 7654 7653 7644
f 7290 7654 7644
f 7296 7654 7290
f 7644 7653 7645
f 7648 7298 7292
f 7655 7298 7648
f 7656 7651 7649
f 7658 7657 7656
f 7649 7658 7656
f 7652 7658 7649
f 7299 7659 7295
f 7659 7652 7295
f 7659 7658 7652
f 7301 7654 7296
f 7301 7660 7654
f 7655 7303 7298
f 7661 7303 7655
f 7664 7663 7662
f 7665 7662 7663
f 7666 7657 7658
f 7668 7667 7666
f 7658 7668 7666
f 7659 7668 7658
f 7669 7660 7301
f 7669 7301 7304
f 7304 7305 7669
f 7669 7305 7670
f 7672 7671 7307
f 7307 7671 7306
f 7307 7303 7661
f 7307 7661 7672
f 7675 7674 7673
f 7673 7674 7664
f 7662 7673 7664
f 7676 7673 7662
f 7662 7665 7677
f 7662 7677 7676
f 7678 7667 7668
f 7679 7670 7305
f 7679 7305 7308
f 7680 7308 7309
f 7680 7679 7308
f 7681 7309 7311
f 7681 7680 7309
f 7682 7311 7312
f 7682 7681 7311
f 7312 7306 7671
f 7312 7671 7682
f 7685 7684 7683
f 7687 7686 7683
f 7687 7683 7684
f 7689 7688 7686
f 7689 7686 7687
f 7688 7689 7675
f 7673 7688 7675
f 7690 7688 7673
f 7691 7673 7676
f 7690 7673 7691
f 7676 7677 7692
f 7693 7676 7692
f 7691 7676 7693
f 7695 7694 7693
f 7695 7693 7692
f 7697 7696 7694
f 7697 7694 7695
f 7698 7314 7315
f 7699 7696 7697
f 7698 7317 7314
f 7702 7701 7700
f 7700 7701 7685
f 7700 7685 7683
f 7322 7700 7683
f 7321 7322 7683
f 7321 7683 7324
f 7324 7683 7686
f 7324 7686 7326
f 7326 7686 7688
f 7326 7688 7328
f 7328 7688 7690
f 7328 7690 7330
f 7330 7690 7691
f 7330 7691 7331
f 7331 7691 7693
f 7331 7693 7332
f 7332 7693 7694
f 7332 7694 7333
f 7333 7694 7696
f 7696 7699 7333
f 7699 7703 7333
f 7698 7315 7333
f 7698 7333 7703
f 7698 7703 7317
f 7703 7334 7317
f 7703 7704 7334
f 7334 7705 7335
f 7704 7705 7334
f 7335 7706 7336
f 7705 7706 7335
f 7336 7707 7337
f 7706 7707 7336
f 7337 7708 7338
f 7707 7708 7337
f 7338 7709 7339
f 7708 7709 7338
f 7709 7711 7710
f 7340 7709 7710
f 7339 7709 7340
f 7710 7342 7340
f 7714 7713 7712
f 7712 7713 7702
f 7712 7702 7700
f 7346 7712 7700
f 7345 7346 7700
f 7345 7700 7322
f 7711 7715 7710
f 7715 7717 7716
f 7715 7716 7350
f 7710 7715 7350
f 7342 7710 7350
f 7716 7352 7350
f 7714 7712 7718
f 7714 7718 7719
f 7354 7718 7346
f 7346 7718 7712
f 7717 7720 7716
f 7352 7716 7720
f 7721 7352 7720
f 7359 7352 7721
f 7722 7719 7718
f 7724 7722 7723
f 7723 7722 7360
f 7722 7718 7360
f 7718 7354 7360
f 7361 7725 7360
f 7360 7725 7723
f 7362 7725 7361
f 7721 7726 7359
f 7359 7726 7366
f 7727 7724 7723
f 7727 7723 7725
f 7727 7725 7728
f 7728 7725 7362
f 7367 7728 7362
f 7729 7728 7367
f 7730 7367 7368
f 7730 7729 7367
f 7731 7368 7369
f 7731 7730 7368
f 7733 7731 7732
f 7731 7370 7732
f 7731 7369 7370
f 7371 7732 7370
f 7734 7733 7732
f 7732 7371 7734
f 7371 7735 7734
f 7371 7373 7735
f 7376 7736 7375
f 7736 7377 7375
f 7379 7735 7373
f 7379 7737 7735
f 7381 7738 7380
f 7736 7376 7380
f 7738 7736 7380
f 7739 7736 7738
f 7740 7382 7377
f 7736 7740 7377
f 7739 7740 7736
f 7741 7383 7382
f 7741 7382 7740
f 7741 7384 7383
f 7744 7743 7742
f 7743 7737 7742
f 7737 7386 7742
f 7737 7379 7386
f 7388 7745 7738
f 7388 7738 7381
f 7747 7739 7746
f 7739 7745 7746
f 7739 7738 7745
f 7739 7747 7740
f 7740 7747 7748
f 7750 7749 7748
f 7749 7740 7748
f 7749 7741 7740
f 7749 7389 7384
f 7749 7384 7741
f 7744 7742 7391
f 7392 7744 7391
f 7751 7744 7392
f 7391 7742 7386
f 7394 7752 7393
f 7393 7752 7753
f 7754 7393 7753
f 7395 7393 7754
f 7388 7395 7745
f 7395 7755 7745
f 7395 7754 7755
f 7745 7755 7746
f 7750 7756 7749
f 7749 7756 7389
f 7756 7396 7389
f 7756 7757 7396
f 7396 7758 7397
f 7757 7758 7396
f 7760 7759 7398
f 7397 7760 7398
f 7758 7760 7397
f 7761 7759 7760
f 7399 7751 7392
f 7399 7762 7751
f 7401 7763 7402
f 7402 7763 7764
f 7765 7402 7764
f 7403 7402 7765
f 7394 7403 7752
f 7403 7766 7752
f 7403 7765 7766
f 7752 7766 7753
f 7759 7404 7398
f 7761 7767 7759
f 7767 7404 7759
f 7767 7405 7404
f 7407 7405 7767
f 7407 7767 7768
f 7409 7762 7399
f 7409 7769 7762
f 7770 7410 7411
f 7770 7411 7771
f 7772 7412 7410
f 7772 7410 7770
f 7773 7413 7412
f 7773 7412 7772
f 7774 7414 7413
f 7774 7413 7773
f 7775 7415 7414
f 7775 7414 7774
f 7776 7416 7415
f 7776 7415 7775
f 7777 7417 7416
f 7777 7416 7776
f 7417 7777 7778
f 7779 7417 7778
f 7418 7417 7779
f 7401 7418 7763
f 7418 7780 7763
f 7418 7779 7780
f 7763 7780 7764
f 7783 7782 7781
f 7781 7784 7419
f 7768 7781 7419
f 7407 7768 7419
f 7781 7768 7783
f 7784 7421 7419
f 7425 7786 7785
f 7769 7425 7785
f 7409 7425 7769
f 7786 7787 7785
f 7771 7788 7770
f 7770 7788 7789
f 7770 7789 7772
f 7772 7789 7790
f 7772 7790 7773
f 7773 7790 7791
f 7773 7791 7774
f 7774 7791 7792
f 7774 7792 7775
f 7775 7792 7793
f 7775 7793 7776
f 7776 7793 7794
f 7776 7794 7777
f 7777 7794 7795
f 7777 7795 7778
f 7798 7797 7796
f 7800 7799 7796
f 7796 7799 7798
f 7802 7801 7800
f 7800 7801 7799
f 7804 7803 7802
f 7802 7803 7801
f 7806 7805 7804
f 7804 7805 7803
f 7808 7807 7806
f 7806 7807 7805
f 7810 7809 7808
f 7808 7809 7807
f 7812 7811 7810
f 7810 7811 7809
f 7811 7812 7782
f 7782 7812 7781
f 7812 7427 7781
f 7427 7428 7781
f 7781 7428 7429
f 7781 7429 7784
f 7784 7429 7421
f 7433 7786 7425
f 7433 7434 7786
f 7434 7787 7786
f 7434 7813 7787
f 7816 7815 7814
f 7816 7814 7797
f 7797 7814 7796
f 7814 7436 7796
f 7436 7437 7796
f 7796 7437 7438
f 7796 7438 7800
f 7800 7438 7440
f 7800 7440 7802
f 7802 7440 7442
f 7802 7442 7804
f 7804 7442 7444
f 7804 7444 7806
f 7806 7444 7446
f 7806 7446 7808
f 7808 7446 7448
f 7808 7448 7810
f 7810 7448 7450
f 7810 7450 7812
f 7812 7450 7427
f 7455 7813 7434
f 7455 7817 7813
f 7814 7815 7818
f 7818 7815 7819
f 7818 7457 7436
f 7818 7436 7814
f 7822 7821 7820
f 7821 7817 7820
f 7817 7463 7820
f 7817 7455 7463
f 7819 7823 7818
f 7818 7823 7457
f 7823 7464 7457
f 7823 7824 7464
f 7826 7825 7466
f 7464 7826 7466
f 7824 7826 7464
f 7828 7827 7825
f 7828 7825 7826
f 7830 7829 7827
f 7830 7827 7828
f 7832 7831 7829
f 7832 7829 7830
f 7469 7468 7831
f 7832 7469 7831
f 7833 7469 7832
f 7469 7834 7470
f 7833 7834 7469
f 7834 7836 7835
f 7471 7834 7835
f 7470 7834 7471
f 7835 7473 7471
f 7839 7838 7837
f 7841 7840 7837
f 7841 7837 7838
f 7840 7841 7822
f 7840 7822 7820
f 7478 7840 7820
f 7479 7478 7820
f 7479 7820 7463
f 7825 7480 7466
f 7480 7825 7481
f 7481 7825 7827
f 7481 7827 7482
f 7482 7827 7829
f 7482 7829 7483
f 7483 7829 7831
f 7483 7831 7468
f 7836 7842 7835
f 7835 7842 7473
f 7842 7484 7473
f 7842 7843 7484
f 7484 7844 7485
f 7843 7844 7484
f 7485 7845 7486
f 7844 7845 7485
f 7486 7846 7487
f 7845 7846 7486
f 7837 7488 7839
f 7488 7846 7839
f 7488 7487 7846
f 7488 7837 7489
f 7489 7837 7840
f 7489 7840 7478
f 7849 7848 7847
f 7851 7850 7847
f 7847 7850 7849
f 7491 7492 7851
f 7492 7850 7851
f 7492 7852 7850
f 7853 7492 7493
f 7853 7852 7492
f 7854 7493 7495
f 7854 7853 7493
f 7855 7495 7496
f 7855 7854 7495
f 7856 7496 7497
f 7856 7855 7496
f 7858 7856 7857
f 7856 7498 7857
f 7856 7497 7498
f 7861 7860 7859
f 7500 7501 7859
f 7501 7861 7859
f 7501 7862 7861
f 7863 7501 7502
f 7863 7862 7501
f 7864 7502 7503
f 7864 7863 7502
f 7504 7847 7848
f 7864 7504 7848
f 7503 7504 7864
f 7847 7504 7505
f 7847 7505 7851
f 7851 7505 7491
f 7865 7858 7857
f 7868 7867 7866
f 7507 7508 7866
f 7508 7868 7866
f 7508 7869 7868
f 7870 7508 7509
f 7870 7869 7508
f 7871 7509 7511
f 7871 7870 7509
f 7872 7511 7513
f 7872 7871 7511
f 7873 7513 7514
f 7873 7872 7513
f 7874 7514 7515
f 7874 7873 7514
f 7516 7859 7860
f 7874 7516 7860
f 7515 7516 7874
f 7859 7516 7500
f 7866 7867 7518
f 7867 7517 7518
f 7867 7875 7517
f 7866 7518 7507
f 7877 7876 7520
f 7520 7876 7519
f 7520 7517 7875
f 7520 7875 7877
f 7876 7521 7519
f 7878 7521 7876
f 7880 7522 7879
f 7522 7878 7879
f 7522 7521 7878
f 7881 7880 7879
f 7882 7523 7880
f 7880 7523 7522
f 7880 7881 7883
f 7880 7883 7882
f 7884 7524 7882
f 7882 7524 7523
f 7882 7883 7885
f 7882 7885 7884
f 7886 7530 7884
f 7884 7530 7524
f 7884 7885 7887
f 7884 7887 7886
f 7888 7543 7886
f 7886 7543 7530
f 7886 7887 7889
f 7886 7889 7888
f 7891 7890 7545
f 7891 7545 7546
f 7545 7892 7547
f 7890 7892 7545
f 7894 7548 7893
f 7548 7892 7893
f 7548 7547 7892
f 7548 7894 7549
f 7896 7895 7552
f 7896 7552 7553
f 7552 7897 7554
f 7895 7897 7552
f 7546 7554 7891
f 7891 7554 7897
f 7899 7898 7555
f 7899 7555 7556
f 7553 7555 7896
f 7896 7555 7898
f 7558 7900 7557
f 7900 7901 7557
f 7901 7556 7557
f 7901 7899 7556
f 7559 7902 7900
f 7559 7900 7558
f 7901 7900 7903
f 7903 7900 7902
f 7560 7904 7902
f 7560 7902 7559
f 7903 7902 7905
f 7905 7902 7904
f 7908 7907 7906
f 7910 7909 7906
f 7906 7909 7908
f 7912 7911 7910
f 7910 7911 7909
f 7562 7563 7912
f 7563 7911 7912
f 7563 7913 7911
f 7564 7904 7560
f 7915 7914 7565
f 7565 7914 7564
f 7914 7905 7564
f 7905 7904 7564
f 7915 7916 7914
f 7919 7918 7917
f 7921 7920 7917
f 7917 7920 7919
f 7923 7922 7921
f 7921 7922 7920
f 7922 7923 7907
f 7907 7923 7906
f 7923 7567 7906
f 7567 7568 7906
f 7906 7568 7569
f 7906 7569 7910
f 7910 7569 7571
f 7910 7571 7912
f 7912 7571 7562
f 7573 7915 7565
f 7924 7916 7915
f 7573 7924 7915
f 7574 7924 7573
f 7926 7925 7576
f 7925 7574 7576
f 7925 7924 7574
f 7926 7927 7925
f 7930 7929 7928
f 7932 7931 7928
f 7928 7931 7930
f 7934 7933 7932
f 7932 7933 7931
f 7936 7935 7934
f 7934 7935 7933
f 7938 7937 7936
f 7936 7937 7935
f 7940 7939 7938
f 7938 7939 7937
f 7942 7941 7940
f 7940 7941 7939
f 7944 7943 7942
f 7942 7943 7941
f 7943 7944 7918
f 7918 7944 7917
f 7944 7578 7917
f 7578 7579 7917
f 7917 7579 7580
f 7917 7580 7921
f 7921 7580 7582
f 7921 7582 7923
f 7923 7582 7567
f 7584 7926 7576
f 7945 7927 7926
f 7584 7945 7926
f 7585 7945 7584
f 7946 7585 7586
f 7946 7945 7585
f 7587 7928 7929
f 7946 7587 7929
f 7586 7587 7946
f 7928 7587 7588
f 7928 7588 7932
f 7932 7588 7589
f 7932 7589 7934
f 7934 7589 7590
f 7934 7590 7936
f 7936 7590 7591
f 7936 7591 7938
f 7938 7591 7593
f 7938 7593 7940
f 7940 7593 7595
f 7940 7595 7942
f 7942 7595 7597
f 7942 7597 7944
f 7944 7597 7578
f 7607 7947 7608
f 7948 7609 7608
f 7948 7608 7947
f 7949 7610 7609
f 7949 7609 7948
f 7949 7612 7610
f 7616 7950 7947
f 7616 7947 7607
f 7947 7951 7948
f 7947 7950 7951
f 7948 7952 7949
f 7948 7951 7952
f 7953 7617 7612
f 7949 7953 7612
f 7952 7953 7949
f 7953 7619 7617
f 7625 7950 7616
f 7950 7625 7627
f 7950 7627 7951
f 7951 7627 7629
f 7951 7629 7952
f 7952 7629 7631
f 7952 7631 7953
f 7953 7631 7619
f 7634 7954 7633
f 7955 7635 7633
f 7955 7633 7954
f 7956 7636 7635
f 7956 7635 7955
f 7956 7638 7636
f 7959 7958 7957
f 7961 7960 7957
f 7961 7957 7958
f 7963 7962 7960
f 7963 7960 7961
f 7965 7964 7962
f 7965 7962 7963
f 7967 7966 7964
f 7967 7964 7965
f 7969 7968 7966
f 7969 7966 7967
f 7970 7968 7969
f 7973 7972 7971
f 7975 7974 7971
f 7975 7971 7972
f 7640 7641 7974
f 7975 7640 7974
f 7976 7640 7975
f 7640 7977 7643
f 7976 7977 7640
f 7979 7978 7954
f 7634 7979 7954
f 7645 7979 7634
f 7954 7978 7955
f 7955 7978 7980
f 7955 7980 7956
f 7956 7980 7981
f 7981 7983 7982
f 7981 7982 7646
f 7956 7981 7646
f 7638 7956 7646
f 7984 7647 7646
f 7984 7646 7982
f 7984 7648 7647
f 7987 7986 7985
f 7985 7986 7959
f 7957 7985 7959
f 7988 7985 7957
f 7989 7957 7960
f 7988 7957 7989
f 7990 7960 7962
f 7989 7960 7990
f 7991 7962 7964
f 7990 7962 7991
f 7992 7964 7966
f 7991 7964 7992
f 7993 7966 7968
f 7992 7966 7993
f 7968 7970 7994
f 7968 7994 7993
f 7973 7971 7995
f 7973 7995 7996
f 7651 7995 7650
f 7995 7974 7650
f 7995 7971 7974
f 7650 7974 7641
f 7654 7997 7653
f 7997 7998 7653
f 7998 7645 7653
f 7998 7979 7645
f 7983 7999 7982
f 8001 8000 7999
f 8000 7982 7999
f 8000 7984 7982
f 8000 7655 7648
f 8000 7648 7984
f 7987 7985 8002
f 7987 8002 8003
f 8004 7985 7988
f 8002 7985 8004
f 8005 7988 7989
f 8004 7988 8005
f 8006 7989 7990
f 8005 7989 8006
f 8007 7990 7991
f 8006 7990 8007
f 8008 7991 7992
f 8007 7991 8008
f 8009 7992 7993
f 8008 7992 8009
f 7993 7994 8010
f 7993 8010 8009
f 8011 7996 7995
f 8013 8011 8012
f 8012 8011 7656
f 8011 7995 7656
f 7995 7651 7656
f 7657 8012 7656
f 7660 8014 7997
f 7660 7997 7654
f 7998 7997 8015
f 8015 7997 8014
f 8001 8016 8000
f 7655 8000 8016
f 8017 7655 8016
f 7661 7655 8017
f 8003 8002 8018
f 8003 8018 8019
f 8020 8002 8004
f 8018 8002 8020
f 8021 8004 8005
f 8020 8004 8021
f 8022 8005 8006
f 8021 8005 8022
f 7664 8022 7663
f 8022 8007 7663
f 8022 8006 8007
f 7663 8007 7665
f 8007 8023 7665
f 8007 8008 8023
f 8024 8008 8009
f 8023 8008 8024
f 8009 8010 8025
f 8009 8025 8024
f 8026 8013 8012
f 8028 8026 8027
f 8027 8026 7666
f 8026 8012 7666
f 8012 7657 7666
f 7667 8027 7666
f 7669 8014 7660
f 7669 7670 8014
f 7670 8015 8014
f 7670 8029 8015
f 8031 8030 7672
f 7672 8030 7671
f 7672 7661 8017
f 7672 8017 8031
f 8034 8033 8032
f 8032 8033 8019
f 8018 8032 8019
f 8035 8032 8018
f 8036 8018 8020
f 8035 8018 8036
f 8037 8020 8021
f 8036 8020 8037
f 7675 8037 7674
f 8037 8022 7674
f 8037 8021 8022
f 7674 8022 7664
f 8038 7677 8023
f 8023 7677 7665
f 8039 8023 8024
f 8038 8023 8039
f 8024 8025 8040
f 8024 8040 8039
f 8041 8028 8027
f 8041 8027 7667
f 7678 8041 7667
f 8042 8041 7678
f 8043 8029 7670
f 8043 7670 7679
f 8045 8043 8044
f 8043 7680 8044
f 8043 7679 7680
f 7681 8046 7680
f 7680 8046 8044
f 8046 7681 8047
f 7681 8048 8047
f 7681 7682 8048
f 7682 7671 8030
f 7682 8030 8048
f 8034 8032 8049
f 8034 8049 8050
f 7685 8049 7684
f 8049 8035 7684
f 8049 8032 8035
f 7684 8035 7687
f 7687 8035 8036
f 7687 8036 7689
f 7689 8036 8037
f 7689 8037 7675
f 8038 7692 7677
f 7692 8038 7695
f 7695 8038 8039
f 8040 8051 8039
f 8051 7695 8039
f 8051 7697 7695
f 7699 7697 8051
f 7699 8051 8052
f 8053 8045 8044
f 8053 8044 8046
f 8053 8046 8054
f 8054 8046 8047
f 8057 8056 8055
f 8055 8056 8050
f 8055 8050 8049
f 7702 8055 8049
f 7701 7702 8049
f 7701 8049 7685
f 8052 8058 7699
f 7699 8058 7703
f 7703 8059 7704
f 8058 8059 7703
f 7704 8060 7705
f 8059 8060 7704
f 7705 8061 7706
f 8060 8061 7705
f 7706 8062 7707
f 8061 8062 7706
f 7707 8063 7708
f 8062 8063 7707
f 8063 8065 8064
f 7709 8063 8064
f 7708 8063 7709
f 8064 7711 7709
f 8057 8055 7713
f 7714 8057 7713
f 8066 8057 7714
f 7713 8055 7702
f 8065 8067 8064
f 8064 8067 7711
f 8067 7715 7711
f 8067 8068 7715
f 7717 7715 8068
f 7717 8068 8069
f 7719 8066 7714
f 7719 8070 8066
f 8069 8071 7717
f 7717 8071 7720
f 7721 7720 8071
f 7721 8071 8072
f 8073 8070 7719
f 8073 7719 7722
f 7722 7724 8073
f 8073 7724 8074
f 8072 8075 7721
f 7721 8075 7726
f 8076 8074 7724
f 8076 7724 7727
f 8077 7727 7728
f 8077 8076 7727
f 8078 7728 7729
f 8078 8077 7728
f 8079 7729 7730
f 8079 8078 7729
f 8080 7730 7731
f 8080 8079 7730
f 8082 8081 7733
f 8081 7731 7733
f 8081 8080 7731
f 8082 8083 8081
f 7734 8082 7733
f 7734 7735 8082
f 7735 8083 8082
f 7735 8084 8083
f 8087 8086 8085
f 8086 8084 8085
f 8084 7737 8085
f 8084 7735 7737
f 8087 8085 7743
f 7744 8087 7743
f 8088 8087 7744
f 7743 8085 7737
f 8091 8090 8089
f 8093 8092 8089
f 8093 8089 8090
f 7747 7746 8092
f 8093 7747 8092
f 8094 7747 8093
f 7747 8095 7748
f 8094 8095 7747
f 8097 8096 7750
f 7748 8097 7750
f 8095 8097 7748
f 8099 8098 8096
f 8099 8096 8097
f 8101 8100 8098
f 8101 8098 8099
f 8103 8102 8100
f 8103 8100 8101
f 8104 8102 8103
f 8107 8106 8105
f 8106 8088 8105
f 8088 7751 8105
f 8088 7744 7751
f 8110 8109 8108
f 8108 8109 8091
f 8108 8091 8089
f 7753 8108 8089
f 7754 7753 8089
f 7754 8089 7755
f 7755 8089 8092
f 7755 8092 7746
f 8096 7756 7750
f 7756 8096 7757
f 7757 8096 8098
f 7757 8098 7758
f 7758 8098 8100
f 7758 8100 7760
f 7760 8100 8102
f 8112 8111 7761
f 8112 7761 7760
f 8104 8112 7760
f 8102 8104 7760
f 8114 8113 8111
f 8114 8111 8112
f 8115 8113 8114
f 8107 8105 8116
f 8107 8116 8117
f 7762 8116 7751
f 7751 8116 8105
f 8119 8118 7765
f 8119 7765 7764
f 8108 7766 8110
f 7766 8118 8110
f 7766 7765 8118
f 7766 8108 7753
f 8111 7767 7761
f 7767 8111 7768
f 8111 8120 7768
f 8111 8113 8120
f 8113 8115 8121
f 8113 8121 8120
f 8117 8116 8122
f 8117 8122 8123
f 7769 8122 7762
f 7762 8122 8116
f 7778 8124 7779
f 8125 7780 7779
f 8125 7779 8124
f 8125 8126 7780
f 8126 7764 7780
f 8126 8119 7764
f 8129 8128 8127
f 7782 7783 8127
f 7783 8129 8127
f 7783 8130 8129
f 7783 7768 8120
f 8131 7783 8120
f 8130 7783 8131
f 8131 8120 8121
f 8132 8123 8122
f 8134 8132 8133
f 8133 8132 7785
f 8132 8122 7785
f 8122 7769 7785
f 7787 8133 7785
f 8135 7789 7788
f 8135 7788 8136
f 8137 7790 7789
f 8137 7789 8135
f 8138 7791 7790
f 8138 7790 8137
f 8139 7792 7791
f 8139 7791 8138
f 8140 7793 7792
f 8140 7792 8139
f 8141 7794 7793
f 8141 7793 8140
f 7794 8141 8142
f 8143 7794 8142
f 7795 7794 8143
f 7778 7795 8124
f 7795 8144 8124
f 7795 8143 8144
f 8124 8144 8125
f 8125 8144 8145
f 8125 8145 8126
f 8148 8147 8146
f 7797 7798 8146
f 7798 8148 8146
f 7798 8149 8148
f 8150 7798 7799
f 8150 8149 7798
f 8151 7799 7801
f 8151 8150 7799
f 8152 7801 7803
f 8152 8151 7801
f 8153 7803 7805
f 8153 8152 7803
f 8154 7805 7807
f 8154 8153 7805
f 8155 7807 7809
f 8155 8154 7807
f 7811 8127 8128
f 8155 7811 8128
f 7809 7811 8155
f 8127 7811 7782
f 8134 8133 8156
f 8134 8156 8157
f 7813 8156 7787
f 7787 8156 8133
f 8136 8158 8135
f 8135 8158 8159
f 8135 8159 8137
f 8137 8159 8160
f 8137 8160 8138
f 8138 8160 8161
f 8163 8162 8161
f 8162 8138 8161
f 8162 8139 8138
f 8139 8164 8140
f 8139 8162 8164
f 8166 8141 8165
f 8141 8164 8165
f 8141 8140 8164
f 8141 8166 8142
f 8169 8168 8167
f 8169 8167 8147
f 8147 8167 8146
f 8167 7815 8146
f 7815 7816 8146
f 8146 7816 7797
f 8157 8156 8170
f 8157 8170 8171
f 7817 8170 7813
f 7813 8170 8156
f 8163 8172 8162
f 8162 8172 8164
f 8164 8172 8173
f 8164 8173 8165
f 8168 8174 8167
f 7815 8167 8174
f 8175 7815 8174
f 7819 7815 8175
f 8178 8177 8176
f 8180 8179 8176
f 8180 8176 8177
f 8182 8181 8179
f 8182 8179 8180
f 8184 8183 8181
f 8184 8181 8182
f 8183 8184 8171
f 8183 8171 8170
f 7822 8183 8170
f 7821 7822 8170
f 7821 8170 7817
f 8175 8185 7819
f 7819 8185 7823
f 7823 8186 7824
f 8185 8186 7823
f 7824 8187 7826
f 8186 8187 7824
f 7826 8188 7828
f 8187 8188 7826
f 7828 8189 7830
f 8188 8189 7828
f 7830 8190 7832
f 8189 8190 7830
f 7832 8191 7833
f 8190 8191 7832
f 7833 8192 7834
f 8191 8192 7833
f 8194 8193 7836
f 7834 8194 7836
f 8192 8194 7834
f 8196 8195 8193
f 8196 8193 8194
f 8198 8197 8195
f 8198 8195 8196
f 8197 8198 8178
f 8176 8197 8178
f 8199 8197 8176
f 8200 8176 8179
f 8199 8176 8200
f 7839 8200 7838
f 8200 8181 7838
f 8200 8179 8181
f 7838 8181 7841
f 7841 8181 8183
f 7841 8183 7822
f 8193 7842 7836
f 7842 8193 7843
f 7843 8193 8195
f 7843 8195 7844
f 7844 8195 8197
f 7844 8197 7845
f 7845 8197 8199
f 7845 8199 7846
f 7846 8199 8200
f 7846 8200 7839
f 8202 8201 7849
f 7849 8201 7848
f 8203 7849 7850
f 8203 8202 7849
f 8204 7850 7852
f 8204 8203 7850
f 8205 7852 7853
f 8205 8204 7852
f 8206 7853 7854
f 8206 8205 7853
f 8208 8206 8207
f 8206 7855 8207
f 8206 7854 7855
f 7856 8209 7855
f 7855 8209 8207
f 7858 8209 7856
f 8211 8210 7861
f 7861 8210 7860
f 8212 7861 7862
f 8212 8211 7861
f 8213 7862 7863
f 8213 8212 7862
f 8214 7863 7864
f 8214 8213 7863
f 7864 7848 8201
f 7864 8201 8214
f 8215 8208 8207
f 8215 8207 8209
f 8215 8209 8216
f 8218 8216 8217
f 8217 8216 7865
f 8216 8209 7865
f 8209 7858 7865
f 8219 7867 7868
f 8219 7868 8220
f 7868 8221 8220
f 7868 7869 8221
f 8222 7869 7870
f 8222 8221 7869
f 8223 7870 7871
f 8223 8222 7870
f 8224 7871 7872
f 8224 8223 7871
f 8225 7872 7873
f 8225 8224 7872
f 8226 7873 7874
f 8226 8225 7873
f 7874 7860 8210
f 7874 8210 8226
f 8227 8218 8217
f 8229 8228 8219
f 8228 7867 8219
f 8228 7875 7867
f 8229 8219 8220
f 8230 7876 7877
f 8231 8230 7877
f 7875 8231 7877
f 8228 8231 7875
f 8232 7878 8230
f 8230 7878 7876
f 8230 8231 8233
f 8230 8233 8232
f 8232 7879 7878
f 7881 7879 8232
f 8233 7881 8232
f 8234 7881 8233
f 8236 7883 8235
f 7883 8234 8235
f 7883 7881 8234
f 8237 8236 8235
f 8238 7885 8236
f 8236 7885 7883
f 8236 8237 8239
f 8236 8239 8238
f 8240 7887 8238
f 8238 7887 7885
f 8238 8239 8241
f 8238 8241 8240
f 8243 8242 8240
f 8242 7887 8240
f 8242 7889 7887
f 8243 8240 8241
f 8246 8245 8244
f 7890 7891 8244
f 8245 7890 8244
f 8247 7890 8245
f 8249 7892 8248
f 7892 8247 8248
f 7892 7890 8247
f 7892 8249 7893
f 8251 8250 7895
f 8251 7895 7896
f 8244 7897 8246
f 7897 8250 8246
f 7897 7895 8250
f 7897 8244 7891
f 8253 8252 7898
f 8253 7898 7899
f 7896 7898 8251
f 8251 7898 8252
f 7901 8253 7899
f 7901 8254 8253
f 7903 8256 8255
f 8254 7903 8255
f 7901 7903 8254
f 8256 8257 8255
f 8260 8259 8258
f 8262 8261 8258
f 8258 8261 8260
f 8264 8263 8262
f 8262 8263 8261
f 7905 8265 8256
f 7905 8256 7903
f 8257 8256 8266
f 8266 8256 8265
f 8269 8268 8267
f 8271 8270 8267
f 8267 8270 8269
f 8273 8272 8271
f 8271 8272 8270
f 7907 7908 8273
f 7908 8272 8273
f 7908 8274 8272
f 7909 8258 8259
f 8274 7909 8259
f 7908 7909 8274
f 8258 7909 7911
f 8258 7911 8262
f 8262 7911 7913
f 8262 7913 8264
f 7914 8265 7905
f 8276 8275 7916
f 7916 8275 7914
f 8275 8266 7914
f 8266 8265 7914
f 8278 8277 8276
f 8276 8277 8275
f 8278 8279 8277
f 8282 8281 8280
f 8284 8283 8280
f 8280 8283 8282
f 8286 8285 8284
f 8284 8285 8283
f 8288 8287 8286
f 8286 8287 8285
f 8290 8289 8288
f 8288 8289 8287
f 8292 8291 8290
f 8290 8291 8289
f 8294 8293 8292
f 8292 8293 8291
f 8293 8294 8268
f 8268 8294 8267
f 8294 7918 8267
f 7918 7919 8267
f 8267 7919 7920
f 8267 7920 8271
f 8271 7920 7922
f 8271 7922 8273
f 8273 7922 7907
f 7924 8276 7916
f 8276 7924 7925
f 8276 7925 8278
f 8296 8295 7927
f 7927 8295 7925
f 8295 8279 7925
f 8279 8278 7925
f 8298 8297 8296
f 8296 8297 8295
f 7929 7930 8298
f 7930 8297 8298
f 7930 8299 8297
f 7931 8280 8281
f 8299 7931 8281
f 7930 7931 8299
f 8280 7931 7933
f 8280 7933 8284
f 8284 7933 7935
f 8284 7935 8286
f 8286 7935 7937
f 8286 7937 8288
f 8288 7937 7939
f 8288 7939 8290
f 8290 7939 7941
f 8290 7941 8292
f 8292 7941 7943
f 8292 7943 8294
f 8294 7943 7918
f 7945 8296 7927
f 8296 7945 7946
f 8296 7946 8298
f 8298 7946 7929
f 8302 8301 8300
f 8304 8303 8300
f 8304 8300 8301
f 7958 7959 8303
f 8304 7958 8303
f 8305 7958 8304
f 7958 8306 7961
f 8305 8306 7958
f 7961 8307 7963
f 8306 8307 7961
f 7963 8308 7965
f 8307 8308 7963
f 7965 8309 7967
f 8308 8309 7965
f 7967 8310 7969
f 8309 8310 7967
f 8312 8311 7970
f 7969 8312 7970
f 8310 8312 7969
f 8313 8311 8312
f 8316 8315 8314
f 8318 8317 8314
f 8318 8314 8315
f 7972 7973 8317
f 8318 7972 8317
f 8319 7972 8318
f 7972 8320 7975
f 8319 8320 7972
f 7975 8321 7976
f 8320 8321 7975
f 8321 8323 8322
f 7977 8321 8322
f 7976 8321 7977
f 7979 8324 7978
f 7978 8324 8325
f 8326 7978 8325
f 7980 7978 8326
f 8326 8328 8327
f 7981 8326 8327
f 7980 8326 7981
f 8327 7983 7981
f 8331 8330 8329
f 8329 8330 8302
f 8300 8329 8302
f 8332 8329 8300
f 7987 8332 7986
f 8332 8303 7986
f 8332 8300 8303
f 7986 8303 7959
f 8333 7994 8311
f 8311 7994 7970
f 8311 8313 8334
f 8335 8311 8334
f 8333 8311 8335
f 8336 8335 8334
f 8339 8338 8337
f 8337 8338 8316
f 8314 8337 8316
f 8340 8337 8314
f 8341 8314 8317
f 8340 8314 8341
f 7996 8341 7973
f 7973 8341 8317
f 8323 8342 8322
f 7998 8343 8324
f 7998 8324 7979
f 8325 8324 8344
f 8344 8324 8343
f 8327 8328 8345
f 8345 8328 8346
f 8347 7999 7983
f 8327 8347 7983
f 8345 8347 8327
f 8347 8001 7999
f 8331 8329 8348
f 8331 8348 8349
f 8350 8329 8332
f 8348 8329 8350
f 8003 8350 7987
f 7987 8350 8332
f 8351 8010 8333
f 8333 8010 7994
f 8352 8333 8335
f 8351 8333 8352
f 8335 8336 8353
f 8335 8353 8352
f 8354 8339 8337
f 8354 8337 8340
f 8354 8340 8355
f 8357 8356 8355
f 8340 8357 8355
f 8341 8357 8340
f 8011 8358 7996
f 8358 8341 7996
f 8358 8357 8341
f 8013 8358 8011
f 8360 8359 8343
f 7998 8360 8343
f 8015 8360 7998
f 8343 8359 8344
f 8346 8361 8345
f 8345 8361 8347
f 8347 8361 8362
f 8362 8364 8363
f 8362 8363 8016
f 8347 8362 8016
f 8001 8347 8016
f 8363 8017 8016
f 8349 8348 8365
f 8349 8365 8366
f 8367 8348 8350
f 8365 8348 8367
f 8019 8367 8003
f 8003 8367 8350
f 8368 8025 8351
f 8351 8025 8010
f 8352 8370 8369
f 8368 8352 8369
f 8351 8352 8368
f 8370 8352 8353
f 8371 8356 8357
f 8371 8357 8358
f 8371 8358 8372
f 8374 8372 8373
f 8373 8372 8026
f 8372 8358 8026
f 8358 8013 8026
f 8028 8373 8026
f 8029 8360 8015
f 8029 8375 8360
f 8376 8030 8031
f 8364 8377 8363
f 8378 8363 8377
f 8363 8378 8017
f 8379 8017 8378
f 8017 8379 8031
f 8376 8031 8379
f 8381 8380 8379
f 8381 8379 8378
f 8380 8381 8366
f 8365 8380 8366
f 8382 8380 8365
f 8034 8382 8033
f 8382 8367 8033
f 8382 8365 8367
f 8033 8367 8019
f 8383 8040 8368
f 8368 8040 8025
f 8368 8369 8384
f 8368 8384 8383
f 8385 8374 8373
f 8385 8373 8028
f 8041 8385 8028
f 8386 8385 8041
f 8387 8041 8042
f 8387 8386 8041
f 8029 8043 8388
f 8389 8029 8388
f 8375 8029 8389
f 8045 8388 8043
f 8390 8047 8048
f 8030 8376 8048
f 8376 8390 8048
f 8376 8391 8390
f 8379 8393 8392
f 8391 8379 8392
f 8376 8379 8391
f 8395 8394 8393
f 8379 8395 8393
f 8380 8395 8379
f 8396 8380 8382
f 8395 8380 8396
f 8050 8396 8034
f 8034 8396 8382
f 8383 8051 8040
f 8052 8051 8383
f 8384 8052 8383
f 8397 8052 8384
f 8398 8389 8388
f 8400 8398 8399
f 8399 8398 8053
f 8398 8388 8053
f 8388 8045 8053
f 8399 8053 8401
f 8053 8402 8401
f 8053 8054 8402
f 8054 8047 8390
f 8403 8054 8390
f 8402 8054 8403
f 8403 8390 8391
f 8403 8391 8404
f 8404 8391 8392
f 8405 8394 8395
f 8057 8406 8056
f 8406 8395 8056
f 8395 8396 8056
f 8406 8405 8395
f 8056 8396 8050
f 8409 8408 8407
f 8411 8410 8407
f 8407 8410 8409
f 8411 8412 8058
f 8397 8411 8058
f 8052 8397 8058
f 8411 8397 8410
f 8413 8059 8058
f 8413 8058 8412
f 8414 8060 8059
f 8414 8059 8413
f 8415 8061 8060
f 8415 8060 8414
f 8416 8062 8061
f 8416 8061 8415
f 8417 8063 8062
f 8417 8062 8416
f 8417 8065 8063
f 8418 8400 8399
f 8418 8399 8401
f 8066 8420 8419
f 8406 8066 8419
f 8057 8066 8406
f 8420 8421 8419
f 8424 8423 8422
f 8426 8425 8422
f 8422 8425 8424
f 8428 8427 8426
f 8426 8427 8425
f 8430 8429 8428
f 8428 8429 8427
f 8429 8430 8408
f 8430 8407 8408
f 8430 8431 8407
f 8407 8432 8411
f 8407 8431 8432
f 8411 8433 8412
f 8411 8432 8433
f 8412 8434 8413
f 8412 8433 8434
f 8413 8435 8414
f 8413 8434 8435
f 8437 8415 8436
f 8415 8435 8436
f 8415 8414 8435
f 8415 8437 8416
f 8416 8437 8438
f 8416 8438 8417
f 8417 8438 8439
f 8417 8439 8065
f 8439 8067 8065
f 8439 8440 8067
f 8067 8441 8068
f 8440 8441 8067
f 8069 8068 8441
f 8069 8441 8442
f 8070 8443 8420
f 8070 8420 8066
f 8421 8420 8444
f 8420 8445 8444
f 8420 8443 8445
f 8447 8446 8445
f 8445 8446 8444
f 8449 8448 8447
f 8447 8448 8446
f 8448 8449 8423
f 8449 8422 8423
f 8449 8450 8422
f 8422 8451 8426
f 8422 8450 8451
f 8426 8452 8428
f 8426 8451 8452
f 8428 8453 8430
f 8428 8452 8453
f 8430 8454 8431
f 8430 8453 8454
f 8431 8455 8432
f 8431 8454 8455
f 8432 8456 8433
f 8432 8455 8456
f 8433 8457 8434
f 8433 8456 8457
f 8459 8435 8458
f 8435 8457 8458
f 8435 8434 8457
f 8435 8459 8436
f 8442 8460 8069
f 8069 8460 8071
f 8072 8071 8460
f 8072 8460 8461
f 8073 8443 8070
f 8443 8073 8074
f 8462 8443 8074
f 8445 8443 8462
f 8445 8463 8447
f 8445 8462 8463
f 8447 8464 8449
f 8447 8463 8464
f 8449 8465 8450
f 8449 8464 8465
f 8450 8466 8451
f 8450 8465 8466
f 8451 8467 8452
f 8451 8466 8467
f 8452 8468 8453
f 8452 8467 8468
f 8453 8469 8454
f 8453 8468 8469
f 8471 8455 8470
f 8455 8469 8470
f 8455 8454 8469
f 8455 8471 8456
f 8456 8471 8472
f 8456 8472 8457
f 8457 8472 8473
f 8457 8473 8458
f 8461 8474 8072
f 8072 8474 8075
f 8076 8462 8074
f 8462 8076 8077
f 8462 8077 8463
f 8463 8077 8078
f 8463 8078 8464
f 8464 8078 8079
f 8464 8079 8465
f 8465 8079 8080
f 8465 8080 8466
f 8466 8080 8081
f 8466 8081 8467
f 8467 8081 8083
f 8475 8467 8083
f 8468 8467 8475
f 8477 8469 8476
f 8469 8475 8476
f 8469 8468 8475
f 8469 8477 8470
f 8480 8479 8478
f 8482 8481 8478
f 8482 8478 8479
f 8484 8483 8481
f 8484 8481 8482
f 8486 8485 8483
f 8486 8483 8484
f 8487 8485 8486
f 8490 8489 8488
f 8489 8491 8475
f 8084 8489 8475
f 8083 8084 8475
f 8488 8489 8084
f 8475 8491 8476
f 8494 8493 8492
f 8492 8493 8480
f 8478 8492 8480
f 8495 8492 8478
f 8496 8478 8481
f 8495 8478 8496
f 8497 8481 8483
f 8496 8481 8497
f 8498 8483 8485
f 8497 8483 8498
f 8485 8487 8499
f 8500 8485 8499
f 8498 8485 8500
f 8502 8501 8500
f 8502 8500 8499
f 8504 8503 8501
f 8504 8501 8502
f 8505 8503 8504
f 8508 8507 8506
f 8510 8509 8506
f 8510 8506 8507
f 8509 8510 8490
f 8509 8490 8488
f 8087 8509 8488
f 8086 8087 8488
f 8086 8488 8084
f 8513 8512 8511
f 8511 8512 8494
f 8492 8511 8494
f 8514 8511 8492
f 8515 8492 8495
f 8514 8492 8515
f 8516 8495 8496
f 8515 8495 8516
f 8517 8496 8497
f 8516 8496 8517
f 8518 8497 8498
f 8517 8497 8518
f 8519 8498 8500
f 8518 8498 8519
f 8520 8500 8501
f 8519 8500 8520
f 8521 8501 8503
f 8520 8501 8521
f 8503 8505 8522
f 8523 8503 8522
f 8521 8503 8523
f 8525 8524 8523
f 8525 8523 8522
f 8527 8526 8524
f 8527 8524 8525
f 8529 8528 8526
f 8529 8526 8527
f 8528 8529 8508
f 8506 8528 8508
f 8530 8528 8506
f 8531 8506 8509
f 8530 8506 8531
f 8088 8531 8087
f 8087 8531 8509
f 8513 8511 8532
f 8513 8532 8533
f 8091 8532 8090
f 8532 8514 8090
f 8532 8511 8514
f 8090 8514 8093
f 8093 8514 8515
f 8093 8515 8094
f 8094 8515 8516
f 8094 8516 8095
f 8095 8516 8517
f 8095 8517 8097
f 8097 8517 8518
f 8097 8518 8099
f 8099 8518 8519
f 8099 8519 8101
f 8101 8519 8520
f 8101 8520 8103
f 8103 8520 8521
f 8103 8521 8104
f 8521 8534 8104
f 8521 8523 8534
f 8535 8523 8524
f 8534 8523 8535
f 8536 8524 8526
f 8535 8524 8536
f 8537 8526 8528
f 8536 8526 8537
f 8538 8528 8530
f 8537 8528 8538
f 8107 8538 8106
f 8538 8531 8106
f 8538 8530 8531
f 8106 8531 8088
f 8533 8532 8109
f 8110 8533 8109
f 8539 8533 8110
f 8109 8532 8091
f 8534 8112 8104
f 8112 8534 8114
f 8114 8534 8535
f 8114 8535 8115
f 8535 8540 8115
f 8535 8536 8540
f 8541 8536 8537
f 8540 8536 8541
f 8542 8537 8538
f 8541 8537 8542
f 8117 8542 8107
f 8107 8542 8538
f 8119 8543 8118
f 8543 8544 8118
f 8544 8110 8118
f 8544 8539 8110
f 8545 8121 8540
f 8540 8121 8115
f 8546 8540 8541
f 8545 8540 8546
f 8547 8541 8542
f 8546 8541 8547
f 8123 8547 8117
f 8117 8547 8542
f 8126 8548 8543
f 8126 8543 8119
f 8544 8543 8549
f 8549 8543 8548
f 8550 8128 8129
f 8130 8551 8129
f 8129 8551 8550
f 8131 8552 8130
f 8130 8552 8551
f 8553 8552 8131
f 8553 8131 8121
f 8554 8553 8121
f 8545 8554 8121
f 8554 8545 8546
f 8554 8546 8555
f 8557 8556 8555
f 8546 8557 8555
f 8547 8557 8546
f 8132 8558 8123
f 8558 8547 8123
f 8558 8557 8547
f 8134 8558 8132
f 8142 8559 8143
f 8560 8144 8143
f 8560 8143 8559
f 8561 8145 8144
f 8561 8144 8560
f 8548 8126 8145
f 8561 8548 8145
f 8562 8548 8561
f 8148 8563 8147
f 8563 8548 8147
f 8548 8562 8147
f 8548 8563 8549
f 8564 8148 8149
f 8564 8563 8148
f 8565 8149 8150
f 8565 8564 8149
f 8566 8150 8151
f 8566 8565 8150
f 8567 8151 8152
f 8567 8566 8151
f 8568 8152 8153
f 8568 8567 8152
f 8569 8153 8154
f 8569 8568 8153
f 8570 8154 8155
f 8570 8569 8154
f 8155 8128 8550
f 8571 8155 8550
f 8570 8155 8571
f 8571 8550 8551
f 8571 8551 8572
f 8572 8551 8552
f 8572 8552 8573
f 8573 8552 8553
f 8574 8556 8557
f 8576 8575 8574
f 8557 8576 8574
f 8558 8576 8557
f 8157 8576 8134
f 8134 8576 8558
f 8158 8577 8159
f 8578 8577 8158
f 8159 8579 8160
f 8577 8579 8159
f 8160 8580 8161
f 8579 8580 8160
f 8582 8581 8163
f 8161 8582 8163
f 8580 8582 8161
f 8584 8583 8581
f 8584 8581 8582
f 8166 8165 8583
f 8584 8166 8583
f 8585 8166 8584
f 8166 8585 8142
f 8585 8586 8142
f 8586 8559 8142
f 8586 8585 8587
f 8559 8588 8560
f 8559 8586 8588
f 8560 8589 8561
f 8560 8588 8589
f 8589 8168 8169
f 8562 8589 8169
f 8561 8589 8562
f 8562 8169 8147
f 8592 8591 8590
f 8594 8593 8590
f 8594 8590 8591
f 8596 8595 8593
f 8596 8593 8594
f 8598 8597 8595
f 8598 8595 8596
f 8600 8599 8597
f 8600 8597 8598
f 8599 8600 8575
f 8576 8599 8575
f 8601 8599 8576
f 8171 8601 8157
f 8157 8601 8576
f 8581 8172 8163
f 8172 8581 8173
f 8173 8581 8583
f 8173 8583 8165
f 8587 8602 8586
f 8586 8602 8588
f 8588 8602 8603
f 8588 8603 8589
f 8589 8603 8604
f 8604 8606 8605
f 8604 8605 8174
f 8589 8604 8174
f 8168 8589 8174
f 8605 8175 8174
f 8609 8608 8607
f 8611 8610 8607
f 8611 8607 8608
f 8613 8612 8610
f 8613 8610 8611
f 8615 8614 8612
f 8615 8612 8613
f 8617 8616 8614
f 8617 8614 8615
f 8619 8618 8616
f 8619 8616 8617
f 8621 8620 8618
f 8621 8618 8619
f 8620 8621 8592
f 8590 8620 8592
f 8622 8620 8590
f 8623 8590 8593
f 8622 8590 8623
f 8178 8623 8177
f 8623 8595 8177
f 8623 8593 8595
f 8177 8595 8180
f 8180 8595 8597
f 8180 8597 8182
f 8182 8597 8599
f 8182 8599 8184
f 8184 8599 8601
f 8184 8601 8171
f 8606 8624 8605
f 8605 8624 8175
f 8624 8185 8175
f 8624 8625 8185
f 8185 8626 8186
f 8625 8626 8185
f 8607 8187 8609
f 8187 8626 8609
f 8187 8186 8626
f 8187 8607 8188
f 8188 8607 8610
f 8188 8610 8189
f 8189 8610 8612
f 8189 8612 8190
f 8190 8612 8614
f 8190 8614 8191
f 8191 8614 8616
f 8191 8616 8192
f 8192 8616 8618
f 8192 8618 8194
f 8194 8618 8620
f 8194 8620 8196
f 8196 8620 8622
f 8196 8622 8198
f 8198 8622 8623
f 8198 8623 8178
f 8627 8201 8202
f 8203 8628 8202
f 8202 8628 8627
f 8204 8629 8203
f 8203 8629 8628
f 8205 8630 8204
f 8204 8630 8629
f 8206 8631 8205
f 8205 8631 8630
f 8208 8631 8206
f 8632 8210 8211
f 8212 8633 8211
f 8211 8633 8632
f 8213 8634 8212
f 8212 8634 8633
f 8634 8213 8635
f 8213 8636 8635
f 8213 8214 8636
f 8214 8201 8627
f 8637 8214 8627
f 8636 8214 8637
f 8637 8627 8628
f 8637 8628 8638
f 8638 8628 8629
f 8638 8629 8639
f 8639 8629 8630
f 8639 8630 8640
f 8640 8630 8631
f 8640 8631 8641
f 8643 8641 8642
f 8642 8641 8215
f 8641 8631 8215
f 8631 8208 8215
f 8216 8644 8215
f 8215 8644 8642
f 8218 8644 8216
f 8646 8645 8221
f 8221 8645 8220
f 8647 8221 8222
f 8647 8646 8221
f 8648 8222 8223
f 8648 8647 8222
f 8649 8223 8224
f 8649 8648 8223
f 8650 8224 8225
f 8650 8649 8224
f 8651 8225 8226
f 8651 8650 8225
f 8226 8210 8632
f 8652 8226 8632
f 8651 8226 8652
f 8652 8632 8633
f 8652 8633 8653
f 8653 8633 8634
f 8653 8634 8654
f 8654 8634 8635
f 8655 8643 8642
f 8655 8642 8644
f 8655 8644 8656
f 8658 8656 8657
f 8657 8656 8227
f 8656 8644 8227
f 8644 8218 8227
f 8659 8228 8229
f 8660 8659 8229
f 8220 8660 8229
f 8645 8660 8220
f 8661 8658 8657
f 8662 8231 8659
f 8659 8231 8228
f 8659 8660 8663
f 8659 8663 8662
f 8664 8233 8662
f 8662 8233 8231
f 8662 8663 8665
f 8662 8665 8664
f 8666 8234 8664
f 8664 8234 8233
f 8664 8665 8667
f 8664 8667 8666
f 8666 8235 8234
f 8237 8235 8666
f 8667 8237 8666
f 8668 8237 8667
f 8668 8239 8237
f 8669 8239 8668
f 8669 8241 8239
f 8670 8241 8669
f 8671 8242 8243
f 8672 8671 8243
f 8241 8672 8243
f 8670 8672 8241
f 8674 8673 8245
f 8674 8245 8246
f 8245 8675 8247
f 8673 8675 8245
f 8248 8247 8676
f 8676 8247 8675
f 8678 8677 8250
f 8678 8250 8251
f 8246 8250 8674
f 8674 8250 8677
f 8253 8679 8252
f 8679 8680 8252
f 8680 8251 8252
f 8680 8678 8251
f 8254 8681 8679
f 8254 8679 8253
f 8680 8679 8682
f 8682 8679 8681
f 8685 8684 8683
f 8687 8686 8683
f 8683 8686 8685
f 8689 8688 8687
f 8687 8688 8686
f 8255 8681 8254
f 8691 8690 8257
f 8257 8690 8255
f 8690 8682 8255
f 8682 8681 8255
f 8691 8692 8690
f 8695 8694 8693
f 8697 8696 8693
f 8693 8696 8695
f 8699 8698 8697
f 8697 8698 8696
f 8701 8700 8699
f 8699 8700 8698
f 8700 8701 8684
f 8684 8701 8683
f 8701 8259 8683
f 8259 8260 8683
f 8683 8260 8261
f 8683 8261 8687
f 8687 8261 8263
f 8687 8263 8689
f 8266 8702 8691
f 8266 8691 8257
f 8692 8691 8703
f 8691 8704 8703
f 8691 8702 8704
f 8706 8705 8704
f 8704 8705 8703
f 8708 8707 8706
f 8706 8707 8705
f 8710 8709 8708
f 8708 8709 8707
f 8712 8711 8710
f 8710 8711 8709
f 8714 8713 8712
f 8712 8713 8711
f 8716 8715 8714
f 8714 8715 8713
f 8718 8717 8716
f 8716 8717 8715
f 8720 8719 8718
f 8718 8719 8717
f 8722 8721 8720
f 8720 8721 8719
f 8724 8723 8722
f 8722 8723 8721
f 8723 8724 8694
f 8694 8724 8693
f 8724 8268 8693
f 8268 8269 8693
f 8693 8269 8270
f 8693 8270 8697
f 8697 8270 8272
f 8697 8272 8699
f 8699 8272 8274
f 8699 8274 8701
f 8701 8274 8259
f 8275 8702 8266
f 8702 8275 8277
f 8702 8277 8704
f 8704 8277 8279
f 8725 8704 8279
f 8706 8704 8725
f 8706 8726 8708
f 8706 8725 8726
f 8708 8727 8710
f 8708 8726 8727
f 8727 8281 8282
f 8712 8727 8282
f 8710 8727 8712
f 8712 8282 8283
f 8712 8283 8714
f 8714 8283 8285
f 8714 8285 8716
f 8716 8285 8287
f 8716 8287 8718
f 8718 8287 8289
f 8718 8289 8720
f 8720 8289 8291
f 8720 8291 8722
f 8722 8291 8293
f 8722 8293 8724
f 8724 8293 8268
f 8295 8725 8279
f 8725 8295 8297
f 8725 8297 8726
f 8726 8297 8299
f 8726 8299 8727
f 8727 8299 8281
f 8730 8729 8728
f 8732 8731 8728
f 8732 8728 8729
f 8733 8731 8732
f 8736 8735 8734
f 8738 8737 8734
f 8738 8734 8735
f 8301 8302 8737
f 8738 8301 8737
f 8739 8301 8738
f 8301 8740 8304
f 8739 8740 8301
f 8304 8741 8305
f 8740 8741 8304
f 8305 8742 8306
f 8741 8742 8305
f 8306 8743 8307
f 8742 8743 8306
f 8307 8744 8308
f 8743 8744 8307
f 8308 8745 8309
f 8744 8745 8308
f 8309 8746 8310
f 8745 8746 8309
f 8746 8748 8747
f 8312 8746 8747
f 8310 8746 8312
f 8747 8313 8312
f 8750 8749 8315
f 8750 8315 8316
f 8315 8751 8318
f 8749 8751 8315
f 8318 8752 8319
f 8751 8752 8318
f 8319 8753 8320
f 8752 8753 8319
f 8753 8755 8754
f 8321 8753 8754
f 8320 8753 8321
f 8754 8323 8321
f 8758 8757 8756
f 8756 8757 8730
f 8756 8730 8728
f 8325 8756 8728
f 8326 8325 8728
f 8326 8728 8328
f 8728 8759 8328
f 8728 8731 8759
f 8731 8733 8760
f 8761 8731 8760
f 8759 8731 8761
f 8763 8762 8761
f 8763 8761 8760
f 8765 8764 8762
f 8765 8762 8763
f 8764 8765 8736
f 8734 8764 8736
f 8766 8764 8734
f 8331 8766 8330
f 8766 8737 8330
f 8766 8734 8737
f 8330 8737 8302
f 8748 8767 8747
f 8747 8767 8313
f 8767 8334 8313
f 8767 8768 8334
f 8770 8769 8336
f 8334 8770 8336
f 8768 8770 8334
f 8772 8771 8769
f 8772 8769 8770
f 8338 8339 8771
f 8772 8338 8771
f 8773 8338 8772
f 8316 8338 8750
f 8750 8338 8773
f 8755 8774 8754
f 8754 8774 8323
f 8774 8342 8323
f 8774 8775 8342
f 8758 8756 8776
f 8758 8776 8777
f 8344 8776 8325
f 8325 8776 8756
f 8778 8346 8759
f 8759 8346 8328
f 8779 8759 8761
f 8778 8759 8779
f 8780 8761 8762
f 8779 8761 8780
f 8781 8762 8764
f 8780 8762 8781
f 8782 8764 8766
f 8781 8764 8782
f 8349 8782 8331
f 8331 8782 8766
f 8783 8353 8769
f 8769 8353 8336
f 8784 8769 8771
f 8783 8769 8784
f 8354 8785 8339
f 8785 8771 8339
f 8785 8784 8771
f 8355 8786 8354
f 8354 8786 8785
f 8356 8786 8355
f 8777 8776 8359
f 8360 8777 8359
f 8787 8777 8360
f 8359 8776 8344
f 8778 8361 8346
f 8361 8778 8362
f 8362 8778 8779
f 8362 8779 8364
f 8779 8788 8364
f 8779 8780 8788
f 8789 8780 8781
f 8788 8780 8789
f 8790 8781 8782
f 8789 8781 8790
f 8366 8790 8349
f 8349 8790 8782
f 8791 8369 8370
f 8353 8783 8370
f 8783 8791 8370
f 8783 8792 8791
f 8784 8794 8793
f 8792 8784 8793
f 8783 8784 8792
f 8794 8784 8785
f 8794 8785 8795
f 8795 8785 8786
f 8795 8786 8796
f 8798 8796 8797
f 8797 8796 8371
f 8796 8786 8371
f 8786 8356 8371
f 8372 8799 8371
f 8371 8799 8797
f 8374 8799 8372
f 8802 8801 8800
f 8805 8804 8803
f 8804 8787 8803
f 8787 8375 8803
f 8787 8360 8375
f 8788 8377 8364
f 8377 8788 8378
f 8378 8788 8789
f 8378 8789 8381
f 8381 8789 8790
f 8381 8790 8366
f 8806 8384 8791
f 8791 8384 8369
f 8792 8808 8807
f 8806 8792 8807
f 8791 8792 8806
f 8808 8792 8793
f 8809 8798 8797
f 8809 8797 8799
f 8809 8799 8810
f 8810 8799 8374
f 8385 8810 8374
f 8811 8810 8385
f 8812 8385 8386
f 8812 8811 8385
f 8387 8800 8801
f 8812 8387 8801
f 8386 8387 8812
f 8805 8803 8813
f 8805 8813 8814
f 8389 8813 8375
f 8375 8813 8803
f 8815 8392 8393
f 8394 8815 8393
f 8817 8816 8806
f 8816 8384 8806
f 8816 8397 8384
f 8817 8806 8807
f 8818 8814 8813
f 8820 8818 8819
f 8819 8818 8398
f 8818 8813 8398
f 8813 8389 8398
f 8400 8819 8398
f 8821 8401 8402
f 8403 8822 8402
f 8402 8822 8821
f 8404 8823 8403
f 8403 8823 8822
f 8392 8815 8404
f 8815 8823 8404
f 8815 8824 8823
f 8405 8825 8394
f 8825 8815 8394
f 8825 8824 8815
f 8406 8825 8405
f 8828 8827 8826
f 8830 8829 8826
f 8826 8829 8828
f 8832 8831 8830
f 8830 8831 8829
f 8408 8409 8832
f 8409 8831 8832
f 8409 8833 8831
f 8834 8409 8410
f 8834 8833 8409
f 8410 8397 8816
f 8410 8816 8834
f 8820 8819 8835
f 8820 8835 8836
f 8418 8837 8400
f 8837 8819 8400
f 8837 8835 8819
f 8401 8821 8418
f 8821 8837 8418
f 8821 8838 8837
f 8839 8821 8822
f 8838 8821 8839
f 8840 8822 8823
f 8839 8822 8840
f 8841 8823 8824
f 8840 8823 8841
f 8825 8843 8842
f 8841 8825 8842
f 8824 8825 8841
f 8843 8825 8406
f 8419 8843 8406
f 8844 8843 8419
f 8846 8845 8421
f 8845 8419 8421
f 8845 8844 8419
f 8848 8847 8846
f 8846 8847 8845
f 8850 8849 8848
f 8848 8849 8847
f 8423 8424 8850
f 8424 8849 8850
f 8424 8851 8849
f 8425 8826 8827
f 8851 8425 8827
f 8424 8425 8851
f 8826 8425 8427
f 8826 8427 8830
f 8830 8427 8429
f 8830 8429 8832
f 8832 8429 8408
f 8853 8852 8437
f 8853 8437 8436
f 8437 8854 8438
f 8852 8854 8437
f 8438 8855 8439
f 8854 8855 8438
f 8439 8856 8440
f 8855 8856 8439
f 8856 8858 8857
f 8441 8856 8857
f 8440 8856 8441
f 8857 8442 8441
f 8836 8835 8859
f 8836 8859 8860
f 8861 8835 8837
f 8859 8835 8861
f 8862 8837 8838
f 8861 8837 8862
f 8863 8838 8839
f 8862 8838 8863
f 8864 8839 8840
f 8863 8839 8864
f 8841 8866 8865
f 8864 8841 8865
f 8840 8841 8864
f 8866 8841 8842
f 8444 8846 8421
f 8846 8444 8446
f 8846 8446 8848
f 8848 8446 8448
f 8848 8448 8850
f 8850 8448 8423
f 8868 8867 8459
f 8868 8459 8458
f 8436 8459 8853
f 8853 8459 8867
f 8858 8869 8857
f 8869 8871 8870
f 8869 8870 8460
f 8857 8869 8460
f 8442 8857 8460
f 8870 8461 8460
f 8860 8859 8872
f 8860 8872 8873
f 8874 8859 8861
f 8872 8859 8874
f 8875 8861 8862
f 8874 8861 8875
f 8876 8862 8863
f 8875 8862 8876
f 8877 8863 8864
f 8876 8863 8877
f 8864 8865 8878
f 8864 8878 8877
f 8470 8879 8471
f 8880 8472 8471
f 8880 8471 8879
f 8472 8880 8881
f 8882 8472 8881
f 8473 8472 8882
f 8458 8473 8868
f 8868 8473 8882
f 8871 8883 8870
f 8883 8885 8884
f 8883 8884 8474
f 8870 8883 8474
f 8461 8870 8474
f 8873 8872 8886
f 8873 8886 8887
f 8888 8872 8874
f 8886 8872 8888
f 8889 8874 8875
f 8888 8874 8889
f 8890 8875 8876
f 8889 8875 8890
f 8891 8876 8877
f 8890 8876 8891
f 8877 8878 8892
f 8877 8892 8891
f 8476 8893 8477
f 8893 8894 8477
f 8477 8894 8470
f 8894 8895 8470
f 8895 8879 8470
f 8879 8895 8880
f 8880 8895 8896
f 8880 8896 8881
f 8885 8897 8884
f 8900 8899 8898
f 8898 8899 8887
f 8898 8887 8886
f 8480 8898 8886
f 8479 8480 8886
f 8479 8886 8482
f 8482 8886 8888
f 8482 8888 8484
f 8484 8888 8889
f 8484 8889 8486
f 8486 8889 8890
f 8486 8890 8487
f 8890 8901 8487
f 8890 8891 8901
f 8891 8892 8902
f 8903 8891 8902
f 8901 8891 8903
f 8905 8904 8903
f 8905 8903 8902
f 8907 8906 8904
f 8907 8904 8905
f 8909 8908 8906
f 8909 8906 8907
f 8910 8908 8909
f 8912 8911 8489
f 8912 8489 8490
f 8489 8913 8491
f 8911 8913 8489
f 8476 8491 8893
f 8491 8914 8893
f 8491 8913 8914
f 8893 8914 8894
f 8917 8916 8915
f 8915 8916 8900
f 8915 8900 8898
f 8494 8915 8898
f 8493 8494 8898
f 8493 8898 8480
f 8901 8499 8487
f 8499 8901 8502
f 8502 8901 8903
f 8502 8903 8504
f 8504 8903 8904
f 8504 8904 8505
f 8904 8918 8505
f 8904 8906 8918
f 8919 8906 8908
f 8918 8906 8919
f 8908 8910 8920
f 8921 8908 8920
f 8919 8908 8921
f 8923 8922 8921
f 8923 8921 8920
f 8507 8508 8922
f 8923 8507 8922
f 8924 8507 8923
f 8507 8925 8510
f 8924 8925 8507
f 8490 8510 8912
f 8912 8510 8925
f 8917 8915 8512
f 8513 8917 8512
f 8926 8917 8513
f 8512 8915 8494
f 8918 8522 8505
f 8522 8918 8525
f 8525 8918 8919
f 8525 8919 8527
f 8527 8919 8921
f 8527 8921 8529
f 8529 8921 8922
f 8529 8922 8508
f 8929 8928 8927
f 8928 8926 8927
f 8926 8533 8927
f 8926 8513 8533
f 8929 8927 8930
f 8929 8930 8931
f 8539 8930 8533
f 8533 8930 8927
f 8932 8931 8930
f 8930 8539 8932
f 8539 8933 8932
f 8539 8544 8933
f 8549 8935 8934
f 8933 8549 8934
f 8544 8549 8933
f 8935 8936 8934
f 8937 8553 8554
f 8555 8938 8554
f 8554 8938 8937
f 8556 8938 8555
f 8941 8940 8939
f 8941 8939 8942
f 8943 8940 8941
f 8563 8935 8549
f 8944 8936 8935
f 8563 8944 8935
f 8564 8944 8563
f 8945 8564 8565
f 8945 8944 8564
f 8946 8565 8566
f 8946 8945 8565
f 8947 8566 8567
f 8947 8946 8566
f 8948 8567 8568
f 8948 8947 8567
f 8949 8568 8569
f 8949 8948 8568
f 8951 8949 8950
f 8949 8570 8950
f 8949 8569 8570
f 8571 8952 8570
f 8570 8952 8950
f 8572 8953 8571
f 8571 8953 8952
f 8573 8954 8572
f 8572 8954 8953
f 8553 8937 8573
f 8937 8954 8573
f 8937 8955 8954
f 8956 8937 8938
f 8955 8937 8956
f 8574 8957 8556
f 8957 8938 8556
f 8957 8956 8938
f 8575 8957 8574
f 8578 8939 8577
f 8577 8939 8940
f 8943 8958 8940
f 8958 8577 8940
f 8958 8579 8577
f 8579 8959 8580
f 8958 8959 8579
f 8580 8960 8582
f 8959 8960 8580
f 8582 8961 8584
f 8960 8961 8582
f 8584 8962 8585
f 8961 8962 8584
f 8964 8963 8587
f 8585 8964 8587
f 8962 8964 8585
f 8966 8965 8963
f 8966 8963 8964
f 8967 8965 8966
f 8970 8969 8968
f 8968 8969 8951
f 8950 8968 8951
f 8971 8968 8950
f 8972 8950 8952
f 8971 8950 8972
f 8592 8972 8591
f 8972 8953 8591
f 8972 8952 8953
f 8591 8953 8594
f 8594 8953 8954
f 8594 8954 8596
f 8596 8954 8955
f 8596 8955 8598
f 8598 8955 8956
f 8598 8956 8600
f 8600 8956 8957
f 8600 8957 8575
f 8963 8602 8587
f 8602 8963 8603
f 8603 8963 8965
f 8967 8973 8965
f 8973 8603 8965
f 8973 8604 8603
f 8975 8974 8606
f 8604 8975 8606
f 8973 8975 8604
f 8977 8976 8974
f 8977 8974 8975
f 8979 8978 8976
f 8979 8976 8977
f 8608 8609 8978
f 8979 8608 8978
f 8980 8608 8979
f 8608 8981 8611
f 8980 8981 8608
f 8611 8982 8613
f 8981 8982 8611
f 8613 8983 8615
f 8982 8983 8613
f 8968 8617 8970
f 8617 8983 8970
f 8617 8615 8983
f 8617 8968 8619
f 8619 8968 8971
f 8619 8971 8621
f 8621 8971 8972
f 8621 8972 8592
f 8974 8624 8606
f 8624 8974 8625
f 8625 8974 8976
f 8625 8976 8626
f 8626 8976 8978
f 8626 8978 8609
f 8984 8635 8636
f 8637 8985 8636
f 8636 8985 8984
f 8638 8986 8637
f 8637 8986 8985
f 8639 8987 8638
f 8638 8987 8986
f 8640 8988 8639
f 8639 8988 8987
f 8641 8989 8640
f 8640 8989 8988
f 8643 8989 8641
f 8990 8645 8646
f 8647 8991 8646
f 8646 8991 8990
f 8648 8992 8647
f 8647 8992 8991
f 8649 8993 8648
f 8648 8993 8992
f 8650 8994 8649
f 8649 8994 8993
f 8651 8995 8650
f 8650 8995 8994
f 8652 8996 8651
f 8651 8996 8995
f 8653 8997 8652
f 8652 8997 8996
f 8654 8998 8653
f 8653 8998 8997
f 8635 8984 8654
f 8984 8998 8654
f 8984 8999 8998
f 9000 8984 8985
f 8999 8984 9000
f 8986 9002 9001
f 9000 8986 9001
f 8985 8986 9000
f 9002 8986 8987
f 9002 8987 9003
f 9005 9004 9003
f 8987 9005 9003
f 8988 9005 8987
f 9006 8988 8989
f 9005 8988 9006
f 8655 9007 8643
f 9007 8989 8643
f 9007 9006 8989
f 8656 9008 8655
f 8655 9008 9007
f 8658 9008 8656
f 9009 8660 8990
f 8990 8660 8645
f 8991 9011 9010
f 9009 8991 9010
f 8990 8991 9009
f 9011 8991 8992
f 9011 8992 9012
f 9012 8992 8993
f 9012 8993 9013
f 9013 8993 8994
f 9013 8994 9014
f 9014 8994 8995
f 9014 8995 9015
f 9015 8995 8996
f 9015 8996 9016
f 9016 8996 8997
f 9016 8997 9017
f 9017 8997 8998
f 9017 8998 9018
f 9018 8998 8999
f 9018 8999 9019
f 9019 8999 9000
f 9019 9000 9020
f 9020 9000 9001
f 9021 9004 9005
f 9021 9005 9006
f 9021 9006 9022
f 9022 9006 9007
f 9022 9007 9023
f 9025 9024 9023
f 9007 9025 9023
f 9008 9025 9007
f 8661 9026 8658
f 9026 9008 8658
f 9026 9025 9008
f 9027 8663 9009
f 9009 8663 8660
f 9009 9010 9028
f 9009 9028 9027
f 9029 9024 9025
f 9031 9030 9029
f 9025 9031 9029
f 9026 9031 9025
f 9032 8665 9027
f 9027 8665 8663
f 9027 9028 9033
f 9027 9033 9032
f 9034 9030 9031
f 9035 8667 9032
f 9032 8667 8665
f 9032 9033 9036
f 9037 9032 9036
f 9035 9032 9037
f 9038 9037 9036
f 9039 8668 9035
f 9035 8668 8667
f 9037 9041 9040
f 9039 9037 9040
f 9035 9037 9039
f 9041 9037 9038
f 9042 8669 9039
f 9039 8669 8668
f 9039 9040 9043
f 9039 9043 9042
f 9044 8670 9042
f 9042 8670 8669
f 9042 9043 9045
f 9042 9045 9044
f 9046 8672 9044
f 9044 8672 8670
f 9044 9045 9047
f 9044 9047 9046
f 8674 9048 8673
f 8673 9048 9049
f 9050 8673 9049
f 8675 8673 9050
f 8676 8675 9051
f 9051 8675 9050
f 8678 9052 8677
f 9052 9053 8677
f 8677 9053 8674
f 9053 9054 8674
f 9054 9048 8674
f 9048 9054 9049
f 8680 9055 9052
f 8680 9052 8678
f 9053 9052 9056
f 9056 9052 9055
f 9059 9058 9057
f 9061 9060 9057
f 9057 9060 9059
f 8682 9062 9055
f 8682 9055 8680
f 9056 9055 9063
f 9055 9064 9063
f 9055 9062 9064
f 9066 9065 9064
f 9064 9065 9063
f 9066 9067 9065
f 9070 9069 9068
f 9072 9071 9068
f 9068 9071 9070
f 9074 9073 9072
f 9072 9073 9071
f 9076 9075 9074
f 9074 9075 9073
f 8684 8685 9076
f 8685 9075 9076
f 8685 9077 9075
f 8686 9057 9058
f 9077 8686 9058
f 8685 8686 9077
f 9057 8686 8688
f 9057 8688 9061
f 8690 9062 8682
f 9062 8690 8692
f 9078 9062 8692
f 9064 9062 9078
f 9064 9079 9066
f 9064 9078 9079
f 9067 9066 9080
f 9066 9081 9080
f 9066 9079 9081
f 9083 9082 9081
f 9081 9082 9080
f 9085 9084 9083
f 9083 9084 9082
f 9087 9086 9085
f 9085 9086 9084
f 9089 9088 9087
f 9087 9088 9086
f 9091 9090 9089
f 9089 9090 9088
f 9093 9092 9091
f 9091 9092 9090
f 9095 9094 9093
f 9093 9094 9092
f 9097 9096 9095
f 9095 9096 9094
f 9096 9097 9069
f 9069 9097 9068
f 9097 8694 9068
f 8694 8695 9068
f 9068 8695 8696
f 9068 8696 9072
f 9072 8696 8698
f 9072 8698 9074
f 9074 8698 8700
f 9074 8700 9076
f 9076 8700 8684
f 8703 9078 8692
f 9078 8703 8705
f 9078 8705 9079
f 9079 8705 8707
f 9079 8707 9081
f 9081 8707 8709
f 9081 8709 9083
f 9083 8709 8711
f 9083 8711 9085
f 9085 8711 8713
f 9085 8713 9087
f 9087 8713 8715
f 9087 8715 9089
f 9089 8715 8717
f 9089 8717 9091
f 9091 8717 8719
f 9091 8719 9093
f 9093 8719 8721
f 9093 8721 9095
f 9095 8721 8723
f 9095 8723 9097
f 9097 8723 8694
f 9100 9099 9098
f 8729 8730 9098
f 9099 8729 9098
f 9101 8729 9099
f 8729 9102 8732
f 9101 9102 8729
f 9104 9103 8733
f 8732 9104 8733
f 9102 9104 8732
f 9106 9105 9103
f 9106 9103 9104
f 9108 9107 9105
f 9108 9105 9106
f 8735 8736 9107
f 9108 8735 9107
f 9109 8735 9108
f 8735 9110 8738
f 9109 9110 8735
f 8738 9111 8739
f 9110 9111 8738
f 8739 9112 8740
f 9111 9112 8739
f 8740 9113 8741
f 9112 9113 8740
f 8741 9114 8742
f 9113 9114 8741
f 8742 9115 8743
f 9114 9115 8742
f 9115 9117 9116
f 8744 9115 9116
f 8743 9115 8744
f 9118 8745 8744
f 9118 8744 9116
f 9119 8746 8745
f 9119 8745 9118
f 9119 8748 8746
f 8750 9120 8749
f 9121 8751 8749
f 9121 8749 9120
f 8751 9121 9122
f 9123 8751 9122
f 8752 8751 9123
f 9123 9125 9124
f 8753 9123 9124
f 8752 9123 8753
f 9124 8755 8753
f 9128 9127 9126
f 9126 9127 9100
f 9126 9100 9098
f 8758 9126 9098
f 8757 8758 9098
f 8757 9098 8730
f 9103 8760 8733
f 8760 9103 8763
f 8763 9103 9105
f 8763 9105 8765
f 8765 9105 9107
f 8765 9107 8736
f 9117 9129 9116
f 9116 9129 9118
f 9118 9129 9130
f 9118 9130 9119
f 9119 9130 9131
f 9131 9133 9132
f 9131 9132 8767
f 9119 9131 8767
f 8748 9119 8767
f 9134 8768 8767
f 9134 8767 9132
f 9135 8770 8768
f 9135 8768 9134
f 9136 8772 8770
f 9136 8770 9135
f 8772 9136 9137
f 9138 8772 9137
f 8773 8772 9138
f 8750 8773 9120
f 8773 9139 9120
f 8773 9138 9139
f 9120 9139 9121
f 9121 9139 9140
f 9121 9140 9122
f 9125 9141 9124
f 9124 9141 8755
f 9141 8774 8755
f 9141 9142 8774
f 8774 9143 8775
f 9142 9143 8774
f 9128 9126 9144
f 9128 9144 9145
f 8777 9144 8758
f 8758 9144 9126
f 9133 9146 9132
f 9132 9146 9134
f 9134 9146 9147
f 9134 9147 9135
f 9135 9147 9148
f 9135 9148 9136
f 9136 9148 9149
f 9136 9149 9137
f 9145 9144 9150
f 9145 9150 9151
f 8787 9150 8777
f 8777 9150 9144
f 9152 8793 8794
f 9152 8794 9153
f 8794 9154 9153
f 8794 8795 9154
f 9156 9154 9155
f 9154 8796 9155
f 9154 8795 8796
f 8798 9155 8796
f 9159 9158 9157
f 8801 8802 9157
f 8802 9159 9157
f 8802 9160 9159
f 9151 9150 8804
f 8805 9151 8804
f 9161 9151 8805
f 8804 9150 8787
f 9163 9162 8808
f 8808 9162 8807
f 8808 8793 9152
f 9164 8808 9152
f 9163 8808 9164
f 9164 9152 9153
f 9165 9156 9155
f 9165 9155 8798
f 8809 9165 8798
f 9166 9165 8809
f 9167 8809 8810
f 9167 9166 8809
f 9168 8810 8811
f 9168 9167 8810
f 8812 9157 9158
f 9168 8812 9158
f 8811 8812 9168
f 9157 8812 8801
f 8814 9161 8805
f 8814 9169 9161
f 9171 9170 8817
f 8817 9170 8816
f 8817 8807 9162
f 8817 9162 9171
f 8814 8818 9172
f 9173 8814 9172
f 9169 8814 9173
f 8820 9172 8818
f 9176 9175 9174
f 9178 9177 9174
f 9174 9177 9176
f 9180 9179 9178
f 9178 9179 9177
f 8827 8828 9180
f 8828 9179 9180
f 8828 9181 9179
f 9182 8828 8829
f 9182 9181 8828
f 9183 8829 8831
f 9183 9182 8829
f 9184 8831 8833
f 9184 9183 8831
f 9185 8833 8834
f 9185 9184 8833
f 8834 8816 9170
f 8834 9170 9185
f 9173 9172 9186
f 9173 9186 9187
f 8836 9186 8820
f 8820 9186 9172
f 9188 8842 8843
f 9188 8843 9189
f 8843 9190 9189
f 8843 8844 9190
f 9191 8844 8845
f 9191 9190 8844
f 8847 9174 9175
f 9191 8847 9175
f 8845 8847 9191
f 9174 8847 8849
f 9174 8849 9178
f 9178 8849 8851
f 9178 8851 9180
f 9180 8851 8827
f 8853 9192 8852
f 9193 8854 8852
f 9193 8852 9192
f 9194 8855 8854
f 9194 8854 9193
f 9195 8856 8855
f 9195 8855 9194
f 9195 8858 8856
f 9187 9186 9196
f 9187 9196 9197
f 8860 9196 8836
f 8836 9196 9186
f 9198 8865 8866
f 8842 9188 8866
f 9188 9198 8866
f 9188 9199 9198
f 9188 9189 9200
f 9188 9200 9199
f 9202 9201 8867
f 9202 8867 8868
f 8853 8867 9192
f 8867 9203 9192
f 8867 9201 9203
f 9192 9203 9193
f 9193 9203 9204
f 9193 9204 9194
f 9194 9204 9205
f 9207 9206 9205
f 9206 9194 9205
f 9206 9195 9194
f 9208 8869 8858
f 9195 9208 8858
f 9206 9208 9195
f 9208 8871 8869
f 9197 9196 9209
f 9197 9209 9210
f 8873 9209 8860
f 8860 9209 9196
f 9211 8878 9198
f 9198 8878 8865
f 9199 9213 9212
f 9211 9199 9212
f 9198 9199 9211
f 9213 9199 9200
f 9215 9214 8882
f 9215 8882 8881
f 8868 8882 9202
f 9202 8882 9214
f 9207 9216 9206
f 9218 9217 9216
f 9217 9206 9216
f 9217 9208 9206
f 9219 8883 8871
f 9208 9219 8871
f 9217 9219 9208
f 9219 8885 8883
f 9210 9209 9220
f 9210 9220 9221
f 8887 9220 8873
f 8873 9220 9209
f 9222 8892 9211
f 9211 8892 8878
f 9211 9212 9223
f 9224 9211 9223
f 9222 9211 9224
f 9225 9224 9223
f 9227 9226 8895
f 9227 8895 8894
f 8895 9228 8896
f 9226 9228 8895
f 8881 8896 9215
f 9215 8896 9228
f 9218 9229 9217
f 9217 9229 9219
f 9219 9229 9230
f 9219 9230 8885
f 9230 8897 8885
f 9230 9231 8897
f 9221 9220 8899
f 8900 9221 8899
f 9232 9221 8900
f 8899 9220 8887
f 9222 8902 8892
f 8902 9222 8905
f 8905 9222 9224
f 9225 9233 9224
f 9233 8905 9224
f 9233 8907 8905
f 8907 9234 8909
f 9233 9234 8907
f 9236 9235 8910
f 8909 9236 8910
f 9234 9236 8909
f 9238 9237 9235
f 9238 9235 9236
f 9240 9239 9237
f 9240 9237 9238
f 9242 9241 9239
f 9242 9239 9240
f 8911 8912 9241
f 9242 8911 9241
f 9243 8911 9242
f 8911 9244 8913
f 9243 9244 8911
f 8913 9245 8914
f 9244 9245 8913
f 8894 8914 9227
f 9227 8914 9245
f 9247 9246 8916
f 9247 8916 8917
f 8900 8916 9232
f 9232 8916 9246
f 9235 8920 8910
f 8920 9235 8923
f 8923 9235 9237
f 8923 9237 8924
f 8924 9237 9239
f 8924 9239 8925
f 8925 9239 9241
f 8925 9241 8912
f 8926 9247 8917
f 8926 9248 9247
f 8929 9249 8928
f 9249 9250 8928
f 9250 8926 8928
f 9250 9248 8926
f 8931 9251 9249
f 8931 9249 8929
f 9250 9249 9252
f 9252 9249 9251
f 8932 9251 8931
f 9254 9253 8933
f 8933 9253 8932
f 9253 9252 8932
f 9252 9251 8932
f 9254 9255 9253
f 8934 9254 8933
f 9257 9256 8936
f 8936 9256 8934
f 9256 9255 8934
f 9255 9254 8934
f 9259 9258 9257
f 9257 9258 9256
f 9261 9260 9259
f 9259 9260 9258
f 9261 9262 9260
f 8942 9263 8941
f 9264 9263 8942
f 9266 9265 8943
f 8941 9266 8943
f 9263 9266 8941
f 9268 9267 9265
f 9268 9265 9266
f 9270 9269 9267
f 9270 9267 9268
f 9271 9269 9270
f 8944 9257 8936
f 9257 8944 8945
f 9257 8945 9259
f 9259 8945 8946
f 9259 8946 9261
f 9272 9262 9261
f 8946 9272 9261
f 8947 9272 8946
f 9273 8947 8948
f 9273 9272 8947
f 9274 8948 8949
f 9274 9273 8948
f 8949 8951 9274
f 9274 8951 9275
f 9265 8958 8943
f 8958 9265 8959
f 8959 9265 9267
f 8959 9267 8960
f 8960 9267 9269
f 9271 9276 9269
f 9276 8960 9269
f 9276 8961 8960
f 8961 9277 8962
f 9276 9277 8961
f 8962 9278 8964
f 9277 9278 8962
f 8964 9279 8966
f 9278 9279 8964
f 9281 9280 8967
f 8966 9281 8967
f 9279 9281 8966
f 9283 9282 9280
f 9283 9280 9281
f 9284 9282 9283
f 9286 9285 8969
f 9286 8969 8970
f 8951 8969 9275
f 9275 8969 9285
f 9280 8973 8967
f 8973 9280 8975
f 8975 9280 9282
f 9284 9287 9282
f 9287 8975 9282
f 9287 8977 8975
f 8977 9288 8979
f 9287 9288 8977
f 8979 9289 8980
f 9288 9289 8979
f 8980 9290 8981
f 9289 9290 8980
f 8981 9291 8982
f 9290 9291 8981
f 8982 9292 8983
f 9291 9292 8982
f 8970 8983 9286
f 9286 8983 9292
f 9293 9001 9002
f 9003 9294 9002
f 9002 9294 9293
f 9004 9294 9003
f 9295 9010 9011
f 9012 9296 9011
f 9011 9296 9295
f 9013 9297 9012
f 9012 9297 9296
f 9014 9298 9013
f 9013 9298 9297
f 9015 9299 9014
f 9014 9299 9298
f 9016 9300 9015
f 9015 9300 9299
f 9017 9301 9016
f 9016 9301 9300
f 9018 9302 9017
f 9017 9302 9301
f 9019 9303 9018
f 9018 9303 9302
f 9020 9304 9019
f 9019 9304 9303
f 9001 9293 9020
f 9293 9304 9020
f 9293 9305 9304
f 9306 9293 9294
f 9305 9293 9306
f 9021 9307 9004
f 9307 9294 9004
f 9307 9306 9294
f 9022 9308 9021
f 9021 9308 9307
f 9023 9309 9022
f 9022 9309 9308
f 9024 9309 9023
f 9310 9028 9295
f 9295 9028 9010
f 9311 9295 9296
f 9310 9295 9311
f 9312 9296 9297
f 9311 9296 9312
f 9313 9297 9298
f 9312 9297 9313
f 9314 9298 9299
f 9313 9298 9314
f 9315 9299 9300
f 9314 9299 9315
f 9316 9300 9301
f 9315 9300 9316
f 9317 9301 9302
f 9316 9301 9317
f 9318 9302 9303
f 9317 9302 9318
f 9319 9303 9304
f 9318 9303 9319
f 9320 9304 9305
f 9319 9304 9320
f 9321 9305 9306
f 9320 9305 9321
f 9322 9306 9307
f 9321 9306 9322
f 9323 9307 9308
f 9322 9307 9323
f 9324 9308 9309
f 9323 9308 9324
f 9029 9325 9024
f 9325 9309 9024
f 9325 9324 9309
f 9030 9325 9029
f 9326 9033 9310
f 9310 9033 9028
f 9327 9310 9311
f 9326 9310 9327
f 9328 9311 9312
f 9327 9311 9328
f 9313 9330 9329
f 9328 9313 9329
f 9312 9313 9328
f 9330 9313 9314
f 9330 9314 9331
f 9331 9314 9315
f 9331 9315 9332
f 9332 9315 9316
f 9332 9316 9333
f 9333 9316 9317
f 9333 9317 9334
f 9334 9317 9318
f 9334 9318 9335
f 9335 9318 9319
f 9335 9319 9336
f 9336 9319 9320
f 9336 9320 9337
f 9337 9320 9321
f 9337 9321 9338
f 9338 9321 9322
f 9338 9322 9339
f 9339 9322 9323
f 9339 9323 9340
f 9342 9341 9340
f 9323 9342 9340
f 9324 9342 9323
f 9343 9324 9325
f 9342 9324 9343
f 9034 9344 9030
f 9344 9325 9030
f 9344 9343 9325
f 9326 9036 9033
f 9036 9326 9038
f 9326 9345 9038
f 9326 9327 9345
f 9346 9327 9328
f 9345 9327 9346
f 9328 9329 9347
f 9328 9347 9346
f 9348 9341 9342
f 9348 9342 9343
f 9348 9343 9349
f 9349 9343 9344
f 9349 9344 9350
f 9351 9040 9041
f 9038 9345 9041
f 9345 9351 9041
f 9345 9352 9351
f 9346 9354 9353
f 9352 9346 9353
f 9345 9346 9352
f 9354 9346 9347
f 9355 9043 9351
f 9351 9043 9040
f 9356 9351 9352
f 9355 9351 9356
f 9352 9353 9357
f 9352 9357 9356
f 9358 9045 9355
f 9355 9045 9043
f 9356 9360 9359
f 9358 9356 9359
f 9355 9356 9358
f 9360 9356 9357
f 9361 9047 9358
f 9358 9047 9045
f 9358 9359 9362
f 9358 9362 9361
f 9364 9363 9050
f 9364 9050 9049
f 9051 9050 9365
f 9365 9050 9363
f 9053 9366 9054
f 9366 9367 9054
f 9367 9049 9054
f 9367 9364 9049
f 9370 9369 9368
f 9372 9371 9368
f 9368 9371 9370
f 9056 9373 9366
f 9056 9366 9053
f 9367 9366 9374
f 9366 9375 9374
f 9366 9373 9375
f 9377 9376 9375
f 9375 9376 9374
f 9377 9378 9376
f 9381 9380 9379
f 9383 9382 9379
f 9379 9382 9381
f 9385 9384 9383
f 9383 9384 9382
f 9387 9386 9385
f 9385 9386 9384
f 9389 9388 9387
f 9387 9388 9386
f 9388 9389 9369
f 9369 9389 9368
f 9389 9058 9368
f 9058 9059 9368
f 9368 9059 9060
f 9368 9060 9372
f 9063 9373 9056
f 9373 9063 9065
f 9373 9065 9375
f 9375 9065 9067
f 9390 9375 9067
f 9377 9375 9390
f 9378 9377 9391
f 9377 9392 9391
f 9377 9390 9392
f 9394 9393 9392
f 9392 9393 9391
f 9396 9395 9394
f 9394 9395 9393
f 9398 9397 9396
f 9396 9397 9395
f 9400 9399 9398
f 9398 9399 9397
f 9402 9401 9400
f 9400 9401 9399
f 9404 9403 9402
f 9402 9403 9401
f 9406 9405 9404
f 9404 9405 9403
f 9405 9406 9380
f 9380 9406 9379
f 9406 9069 9379
f 9069 9070 9379
f 9379 9070 9071
f 9379 9071 9383
f 9383 9071 9073
f 9383 9073 9385
f 9385 9073 9075
f 9385 9075 9387
f 9387 9075 9077
f 9387 9077 9389
f 9389 9077 9058
f 9080 9390 9067
f 9390 9080 9082
f 9390 9082 9392
f 9392 9082 9084
f 9392 9084 9394
f 9394 9084 9086
f 9394 9086 9396
f 9396 9086 9088
f 9396 9088 9398
f 9398 9088 9090
f 9398 9090 9400
f 9400 9090 9092
f 9400 9092 9402
f 9402 9092 9094
f 9402 9094 9404
f 9404 9094 9096
f 9404 9096 9406
f 9406 9096 9069
f 9409 9408 9407
f 9411 9410 9407
f 9411 9407 9408
f 9413 9412 9410
f 9413 9410 9411
f 9414 9412 9413
f 9417 9416 9415
f 9419 9418 9415
f 9419 9415 9416
f 9418 9419 9409
f 9418 9409 9407
f 9100 9418 9407
f 9099 9100 9407
f 9099 9407 9101
f 9101 9407 9410
f 9101 9410 9102
f 9102 9410 9412
f 9414 9420 9412
f 9420 9102 9412
f 9420 9104 9102
f 9104 9421 9106
f 9420 9421 9104
f 9106 9422 9108
f 9421 9422 9106
f 9108 9423 9109
f 9422 9423 9108
f 9109 9424 9110
f 9423 9424 9109
f 9424 9426 9425
f 9111 9424 9425
f 9110 9424 9111
f 9427 9112 9111
f 9427 9111 9425
f 9428 9113 9112
f 9428 9112 9427
f 9429 9114 9113
f 9429 9113 9428
f 9430 9115 9114
f 9430 9114 9429
f 9430 9117 9115
f 9122 9431 9123
f 9431 9125 9123
f 9417 9415 9432
f 9417 9432 9433
f 9128 9432 9127
f 9432 9418 9127
f 9432 9415 9418
f 9127 9418 9100
f 9426 9434 9425
f 9425 9434 9427
f 9427 9434 9435
f 9427 9435 9428
f 9428 9435 9436
f 9428 9436 9429
f 9429 9436 9437
f 9439 9438 9437
f 9438 9429 9437
f 9438 9430 9429
f 9440 9129 9117
f 9430 9440 9117
f 9438 9440 9430
f 9441 9130 9129
f 9441 9129 9440
f 9442 9131 9130
f 9442 9130 9441
f 9442 9133 9131
f 9137 9443 9138
f 9444 9139 9138
f 9444 9138 9443
f 9139 9444 9445
f 9446 9139 9445
f 9140 9139 9446
f 9122 9140 9431
f 9140 9447 9431
f 9140 9446 9447
f 9431 9447 9125
f 9447 9141 9125
f 9447 9448 9141
f 9141 9449 9142
f 9448 9449 9141
f 9449 9451 9450
f 9143 9449 9450
f 9142 9449 9143
f 9433 9432 9452
f 9433 9452 9453
f 9145 9452 9128
f 9128 9452 9432
f 9439 9454 9438
f 9438 9454 9440
f 9440 9454 9455
f 9457 9456 9455
f 9456 9440 9455
f 9456 9441 9440
f 9441 9458 9442
f 9441 9456 9458
f 9459 9146 9133
f 9442 9459 9133
f 9458 9459 9442
f 9460 9147 9146
f 9460 9146 9459
f 9461 9148 9147
f 9461 9147 9460
f 9462 9149 9148
f 9462 9148 9461
f 9443 9137 9149
f 9462 9443 9149
f 9463 9443 9462
f 9443 9464 9444
f 9443 9463 9464
f 9445 9444 9465
f 9465 9444 9464
f 9450 9451 9466
f 9466 9451 9467
f 9453 9452 9468
f 9453 9468 9469
f 9151 9468 9145
f 9145 9468 9452
f 9457 9470 9456
f 9456 9470 9458
f 9458 9470 9471
f 9473 9472 9471
f 9472 9458 9471
f 9472 9459 9458
f 9459 9474 9460
f 9459 9472 9474
f 9460 9475 9461
f 9460 9474 9475
f 9461 9476 9462
f 9461 9475 9476
f 9476 9153 9154
f 9463 9476 9154
f 9462 9476 9463
f 9463 9154 9156
f 9477 9463 9156
f 9464 9463 9477
f 9465 9464 9478
f 9464 9479 9478
f 9464 9477 9479
f 9481 9480 9479
f 9479 9480 9478
f 9483 9482 9481
f 9481 9482 9480
f 9158 9159 9483
f 9159 9482 9483
f 9159 9484 9482
f 9160 9466 9467
f 9484 9160 9467
f 9159 9160 9484
f 9469 9468 9485
f 9469 9485 9486
f 9161 9485 9151
f 9151 9485 9468
f 9472 9473 9487
f 9487 9473 9488
f 9472 9489 9474
f 9472 9487 9489
f 9489 9162 9163
f 9475 9489 9163
f 9474 9489 9475
f 9475 9163 9164
f 9475 9164 9476
f 9476 9164 9153
f 9165 9477 9156
f 9477 9165 9166
f 9477 9166 9479
f 9479 9166 9167
f 9479 9167 9481
f 9481 9167 9168
f 9481 9168 9483
f 9483 9168 9158
f 9486 9485 9490
f 9486 9490 9491
f 9169 9490 9161
f 9161 9490 9485
f 9494 9493 9492
f 9494 9492 9488
f 9492 9487 9488
f 9492 9495 9487
f 9495 9170 9171
f 9489 9495 9171
f 9487 9495 9489
f 9489 9171 9162
f 9491 9490 9496
f 9491 9496 9497
f 9173 9496 9169
f 9169 9496 9490
f 9499 9498 9176
f 9176 9498 9175
f 9500 9176 9177
f 9500 9499 9176
f 9501 9177 9179
f 9501 9500 9177
f 9502 9179 9181
f 9502 9501 9179
f 9503 9181 9182
f 9503 9502 9181
f 9504 9182 9183
f 9504 9503 9182
f 9184 9492 9493
f 9504 9184 9493
f 9183 9184 9504
f 9492 9184 9185
f 9492 9185 9495
f 9495 9185 9170
f 9497 9496 9505
f 9497 9505 9506
f 9187 9505 9173
f 9173 9505 9496
f 9508 9507 9190
f 9190 9507 9189
f 9509 9190 9191
f 9509 9508 9190
f 9191 9175 9498
f 9191 9498 9509
f 9506 9505 9510
f 9506 9510 9511
f 9197 9510 9187
f 9187 9510 9505
f 9514 9513 9512
f 9507 9514 9512
f 9200 9507 9512
f 9189 9507 9200
f 9202 9515 9201
f 9516 9203 9201
f 9516 9201 9515
f 9517 9204 9203
f 9517 9203 9516
f 9518 9205 9204
f 9518 9204 9517
f 9518 9207 9205
f 9519 9511 9510
f 9510 9197 9519
f 9197 9520 9519
f 9197 9210 9520
f 9512 9513 9213
f 9513 9212 9213
f 9513 9521 9212
f 9512 9213 9200
f 9215 9522 9214
f 9522 9523 9214
f 9214 9523 9202
f 9523 9524 9202
f 9524 9515 9202
f 9526 9525 9524
f 9525 9515 9524
f 9525 9516 9515
f 9516 9527 9517
f 9516 9525 9527
f 9517 9528 9518
f 9517 9527 9528
f 9529 9216 9207
f 9518 9529 9207
f 9528 9529 9518
f 9529 9218 9216
f 9221 9520 9210
f 9221 9530 9520
f 9521 9531 9212
f 9212 9531 9223
f 9225 9223 9531
f 9225 9531 9532
f 9227 9533 9226
f 9226 9533 9534
f 9535 9226 9534
f 9228 9226 9535
f 9215 9228 9522
f 9228 9536 9522
f 9228 9535 9536
f 9522 9536 9523
f 9526 9537 9525
f 9525 9537 9527
f 9527 9537 9538
f 9527 9538 9528
f 9528 9538 9539
f 9528 9539 9529
f 9529 9539 9540
f 9529 9540 9218
f 9540 9229 9218
f 9540 9541 9229
f 9229 9542 9230
f 9541 9542 9229
f 9542 9544 9543
f 9231 9542 9543
f 9230 9542 9231
f 9232 9530 9221
f 9232 9545 9530
f 9532 9546 9225
f 9225 9546 9233
f 9233 9547 9234
f 9546 9547 9233
f 9234 9548 9236
f 9547 9548 9234
f 9236 9549 9238
f 9548 9549 9236
f 9238 9550 9240
f 9549 9550 9238
f 9240 9551 9242
f 9550 9551 9240
f 9242 9552 9243
f 9551 9552 9242
f 9243 9553 9244
f 9552 9553 9243
f 9244 9554 9245
f 9553 9554 9244
f 9227 9245 9533
f 9245 9555 9533
f 9245 9554 9555
f 9533 9555 9534
f 9544 9556 9543
f 9247 9557 9246
f 9557 9558 9246
f 9558 9232 9246
f 9558 9545 9232
f 9248 9559 9557
f 9248 9557 9247
f 9558 9557 9560
f 9560 9557 9559
f 9250 9561 9559
f 9250 9559 9248
f 9560 9559 9562
f 9562 9559 9561
f 9252 9563 9561
f 9252 9561 9250
f 9562 9561 9564
f 9561 9565 9564
f 9561 9563 9565
f 9565 9566 9564
f 9253 9563 9252
f 9563 9253 9255
f 9567 9563 9255
f 9565 9563 9567
f 9566 9565 9568
f 9565 9569 9568
f 9565 9567 9569
f 9571 9570 9569
f 9569 9570 9568
f 9573 9572 9571
f 9571 9572 9570
f 9575 9574 9573
f 9573 9574 9572
f 9577 9576 9575
f 9575 9576 9574
f 9579 9578 9577
f 9577 9578 9576
f 9579 9580 9578
f 9256 9567 9255
f 9567 9256 9258
f 9567 9258 9569
f 9569 9258 9260
f 9569 9260 9571
f 9571 9260 9262
f 9581 9571 9262
f 9573 9571 9581
f 9573 9582 9575
f 9573 9581 9582
f 9575 9583 9577
f 9575 9582 9583
f 9577 9584 9579
f 9577 9583 9584
f 9580 9579 9585
f 9585 9579 9584
f 9264 9587 9586
f 9588 9264 9586
f 9263 9264 9588
f 9263 9589 9266
f 9588 9589 9263
f 9266 9590 9268
f 9589 9590 9266
f 9268 9591 9270
f 9590 9591 9268
f 9593 9592 9271
f 9270 9593 9271
f 9591 9593 9270
f 9595 9594 9592
f 9595 9592 9593
f 9596 9594 9595
f 9272 9581 9262
f 9581 9272 9273
f 9581 9273 9582
f 9582 9273 9274
f 9582 9274 9583
f 9583 9274 9275
f 9597 9583 9275
f 9584 9583 9597
f 9585 9584 9598
f 9598 9584 9597
f 9587 9599 9586
f 9592 9276 9271
f 9276 9592 9277
f 9277 9592 9594
f 9596 9600 9594
f 9600 9277 9594
f 9600 9278 9277
f 9278 9601 9279
f 9600 9601 9278
f 9279 9602 9281
f 9601 9602 9279
f 9281 9603 9283
f 9602 9603 9281
f 9605 9604 9284
f 9283 9605 9284
f 9603 9605 9283
f 9606 9604 9605
f 9286 9607 9285
f 9607 9608 9285
f 9285 9608 9275
f 9608 9609 9275
f 9609 9597 9275
f 9597 9609 9598
f 9604 9287 9284
f 9606 9610 9604
f 9610 9287 9604
f 9610 9288 9287
f 9288 9611 9289
f 9610 9611 9288
f 9289 9612 9290
f 9611 9612 9289
f 9290 9613 9291
f 9612 9613 9290
f 9291 9614 9292
f 9613 9614 9291
f 9286 9292 9607
f 9292 9615 9607
f 9292 9614 9615
f 9607 9615 9608
f 9616 9329 9330
f 9331 9617 9330
f 9330 9617 9616
f 9332 9618 9331
f 9331 9618 9617
f 9333 9619 9332
f 9332 9619 9618
f 9334 9620 9333
f 9333 9620 9619
f 9335 9621 9334
f 9334 9621 9620
f 9336 9622 9335
f 9335 9622 9621
f 9337 9623 9336
f 9336 9623 9622
f 9338 9624 9337
f 9337 9624 9623
f 9339 9625 9338
f 9338 9625 9624
f 9340 9626 9339
f 9339 9626 9625
f 9341 9626 9340
f 9627 9347 9616
f 9616 9347 9329
f 9628 9616 9617
f 9627 9616 9628
f 9629 9617 9618
f 9628 9617 9629
f 9630 9618 9619
f 9629 9618 9630
f 9620 9632 9631
f 9630 9620 9631
f 9619 9620 9630
f 9632 9620 9621
f 9632 9621 9633
f 9633 9621 9622
f 9633 9622 9634
f 9634 9622 9623
f 9634 9623 9635
f 9635 9623 9624
f 9635 9624 9636
f 9638 9637 9636
f 9624 9638 9636
f 9625 9638 9624
f 9639 9625 9626
f 9638 9625 9639
f 9348 9640 9341
f 9640 9626 9341
f 9640 9639 9626
f 9349 9641 9348
f 9348 9641 9640
f 9350 9642 9349
f 9349 9642 9641
f 9643 9353 9354
f 9347 9627 9354
f 9627 9643 9354
f 9627 9644 9643
f 9645 9627 9628
f 9644 9627 9645
f 9629 9647 9646
f 9645 9629 9646
f 9628 9629 9645
f 9647 9629 9630
f 9647 9630 9648
f 9648 9630 9631
f 9649 9637 9638
f 9649 9638 9639
f 9649 9639 9650
f 9650 9639 9640
f 9650 9640 9651
f 9651 9640 9641
f 9651 9641 9652
f 9652 9641 9642
f 9652 9642 9653
f 9654 9357 9643
f 9643 9357 9353
f 9644 9656 9655
f 9654 9644 9655
f 9643 9644 9654
f 9656 9644 9645
f 9656 9645 9657
f 9657 9645 9646
f 9658 9359 9360
f 9659 9658 9360
f 9659 9360 9357
f 9660 9659 9357
f 9654 9660 9357
f 9660 9654 9655
f 9661 9362 9658
f 9658 9362 9359
f 9658 9659 9662
f 9658 9662 9661
f 9364 9663 9363
f 9665 9365 9664
f 9365 9663 9664
f 9663 9666 9664
f 9365 9363 9663
f 9666 9667 9664
f 9670 9669 9668
f 9672 9671 9668
f 9668 9671 9670
f 9367 9673 9663
f 9367 9663 9364
f 9663 9674 9666
f 9663 9673 9674
f 9667 9666 9675
f 9666 9676 9675
f 9666 9674 9676
f 9678 9677 9676
f 9676 9677 9675
f 9678 9679 9677
f 9682 9681 9680
f 9684 9683 9680
f 9680 9683 9682
f 9686 9685 9684
f 9684 9685 9683
f 9688 9687 9686
f 9686 9687 9685
f 9690 9689 9688
f 9688 9689 9687
f 9692 9691 9690
f 9690 9691 9689
f 9691 9692 9669
f 9669 9692 9668
f 9692 9369 9668
f 9369 9370 9668
f 9668 9370 9371
f 9668 9371 9672
f 9374 9673 9367
f 9673 9374 9376
f 9673 9376 9674
f 9674 9376 9378
f 9693 9674 9378
f 9676 9674 9693
f 9676 9694 9678
f 9676 9693 9694
f 9679 9678 9695
f 9678 9696 9695
f 9678 9694 9696
f 9698 9697 9696
f 9696 9697 9695
f 9700 9699 9698
f 9698 9699 9697
f 9702 9701 9700
f 9700 9701 9699
f 9704 9703 9702
f 9702 9703 9701
f 9703 9704 9681
f 9704 9680 9681
f 9704 9705 9680
f 9705 9380 9381
f 9684 9705 9381
f 9680 9705 9684
f 9684 9381 9382
f 9684 9382 9686
f 9686 9382 9384
f 9686 9384 9688
f 9688 9384 9386
f 9688 9386 9690
f 9690 9386 9388
f 9690 9388 9692
f 9692 9388 9369
f 9391 9693 9378
f 9693 9391 9393
f 9693 9393 9694
f 9694 9393 9395
f 9694 9395 9696
f 9696 9395 9397
f 9696 9397 9698
f 9698 9397 9399
f 9698 9399 9700
f 9700 9399 9401
f 9700 9401 9702
f 9702 9401 9403
f 9702 9403 9704
f 9704 9403 9405
f 9704 9405 9705
f 9705 9405 9380
f 9708 9707 9706
f 9408 9409 9706
f 9707 9408 9706
f 9709 9408 9707
f 9408 9710 9411
f 9709 9710 9408
f 9411 9711 9413
f 9710 9711 9411
f 9713 9712 9414
f 9413 9713 9414
f 9711 9713 9413
f 9715 9714 9712
f 9715 9712 9713
f 9716 9714 9715
f 9718 9717 9416
f 9718 9416 9417
f 9706 9419 9708
f 9419 9717 9708
f 9419 9416 9717
f 9419 9706 9409
f 9712 9420 9414
f 9420 9712 9421
f 9421 9712 9714
f 9716 9719 9714
f 9719 9421 9714
f 9719 9422 9421
f 9422 9720 9423
f 9719 9720 9422
f 9720 9722 9721
f 9424 9720 9721
f 9423 9720 9424
f 9721 9426 9424
f 9725 9724 9723
f 9724 9718 9723
f 9718 9433 9723
f 9718 9417 9433
f 9722 9726 9721
f 9721 9726 9426
f 9726 9434 9426
f 9726 9727 9434
f 9727 9729 9728
f 9435 9727 9728
f 9434 9727 9435
f 9730 9436 9435
f 9730 9435 9728
f 9731 9437 9436
f 9731 9436 9730
f 9731 9439 9437
f 9445 9732 9446
f 9733 9447 9446
f 9733 9446 9732
f 9734 9448 9447
f 9734 9447 9733
f 9735 9449 9448
f 9735 9448 9734
f 9735 9451 9449
f 9725 9723 9736
f 9725 9736 9737
f 9453 9736 9433
f 9433 9736 9723
f 9729 9738 9728
f 9740 9739 9738
f 9739 9728 9738
f 9739 9730 9728
f 9730 9741 9731
f 9730 9739 9741
f 9742 9454 9439
f 9731 9742 9439
f 9741 9742 9731
f 9743 9455 9454
f 9743 9454 9742
f 9743 9457 9455
f 9465 9744 9732
f 9465 9732 9445
f 9732 9745 9733
f 9732 9744 9745
f 9733 9746 9734
f 9733 9745 9746
f 9734 9747 9735
f 9734 9746 9747
f 9747 9467 9451
f 9747 9451 9735
f 9737 9736 9748
f 9737 9748 9749
f 9469 9748 9453
f 9453 9748 9736
f 9740 9750 9739
f 9739 9750 9741
f 9741 9750 9751
f 9753 9752 9751
f 9752 9741 9751
f 9752 9742 9741
f 9742 9754 9743
f 9742 9752 9754
f 9755 9470 9457
f 9743 9755 9457
f 9754 9755 9743
f 9756 9471 9470
f 9756 9470 9755
f 9756 9473 9471
f 9478 9744 9465
f 9744 9478 9480
f 9744 9480 9745
f 9745 9480 9482
f 9745 9482 9746
f 9746 9482 9484
f 9746 9484 9747
f 9747 9484 9467
f 9749 9748 9757
f 9749 9757 9758
f 9486 9757 9469
f 9469 9757 9748
f 9753 9759 9752
f 9761 9760 9759
f 9760 9752 9759
f 9760 9754 9752
f 9754 9762 9755
f 9754 9760 9762
f 9755 9763 9756
f 9755 9762 9763
f 9763 9488 9473
f 9763 9473 9756
f 9758 9757 9764
f 9758 9764 9765
f 9491 9764 9486
f 9486 9764 9757
f 9768 9767 9766
f 9768 9766 9761
f 9766 9760 9761
f 9766 9769 9760
f 9760 9770 9762
f 9760 9769 9770
f 9770 9493 9494
f 9763 9770 9494
f 9762 9770 9763
f 9763 9494 9488
f 9771 9765 9764
f 9764 9491 9771
f 9491 9772 9771
f 9491 9497 9772
f 9774 9773 9499
f 9499 9773 9498
f 9775 9499 9500
f 9775 9774 9499
f 9776 9500 9501
f 9776 9775 9500
f 9502 9766 9767
f 9776 9502 9767
f 9501 9502 9776
f 9766 9502 9503
f 9766 9503 9769
f 9769 9503 9504
f 9769 9504 9770
f 9770 9504 9493
f 9506 9772 9497
f 9506 9777 9772
f 9779 9778 9508
f 9508 9778 9507
f 9780 9508 9509
f 9780 9779 9508
f 9509 9498 9773
f 9509 9773 9780
f 9511 9777 9506
f 9511 9781 9777
f 9783 9782 9514
f 9514 9782 9513
f 9514 9507 9778
f 9514 9778 9783
f 9784 9781 9511
f 9784 9511 9519
f 9519 9520 9784
f 9784 9520 9785
f 9782 9521 9513
f 9786 9521 9782
f 9523 9787 9524
f 9787 9526 9524
f 9530 9785 9520
f 9530 9788 9785
f 9786 9789 9521
f 9521 9789 9531
f 9532 9531 9789
f 9532 9789 9790
f 9534 9791 9535
f 9792 9536 9535
f 9792 9535 9791
f 9787 9523 9536
f 9792 9787 9536
f 9793 9787 9792
f 9794 9537 9526
f 9787 9794 9526
f 9793 9794 9787
f 9795 9538 9537
f 9795 9537 9794
f 9796 9539 9538
f 9796 9538 9795
f 9797 9540 9539
f 9797 9539 9796
f 9798 9541 9540
f 9798 9540 9797
f 9799 9542 9541
f 9799 9541 9798
f 9799 9544 9542
f 9545 9788 9530
f 9545 9800 9788
f 9790 9801 9532
f 9532 9801 9546
f 9801 9803 9802
f 9547 9801 9802
f 9546 9801 9547
f 9804 9548 9547
f 9804 9547 9802
f 9805 9549 9548
f 9805 9548 9804
f 9806 9550 9549
f 9806 9549 9805
f 9807 9551 9550
f 9807 9550 9806
f 9808 9552 9551
f 9808 9551 9807
f 9809 9553 9552
f 9809 9552 9808
f 9810 9554 9553
f 9810 9553 9809
f 9811 9555 9554
f 9811 9554 9810
f 9791 9534 9555
f 9811 9791 9555
f 9812 9791 9811
f 9791 9813 9792
f 9791 9812 9813
f 9792 9814 9793
f 9792 9813 9814
f 9816 9794 9815
f 9794 9814 9815
f 9794 9793 9814
f 9794 9816 9795
f 9795 9816 9817
f 9795 9817 9796
f 9796 9817 9818
f 9796 9818 9797
f 9797 9818 9819
f 9797 9819 9798
f 9798 9819 9820
f 9798 9820 9799
f 9799 9820 9821
f 9799 9821 9544
f 9821 9556 9544
f 9821 9822 9556
f 9558 9800 9545
f 9558 9823 9800
f 9803 9824 9802
f 9802 9824 9804
f 9804 9824 9825
f 9804 9825 9805
f 9805 9825 9826
f 9805 9826 9806
f 9806 9826 9827
f 9806 9827 9807
f 9807 9827 9828
f 9807 9828 9808
f 9808 9828 9829
f 9808 9829 9809
f 9809 9829 9830
f 9809 9830 9810
f 9810 9830 9831
f 9810 9831 9811
f 9811 9831 9832
f 9811 9832 9812
f 9812 9832 9833
f 9812 9833 9813
f 9813 9833 9834
f 9813 9834 9814
f 9814 9834 9835
f 9814 9835 9815
f 9560 9837 9836
f 9823 9560 9836
f 9558 9560 9823
f 9837 9838 9836
f 9562 9839 9837
f 9562 9837 9560
f 9838 9837 9840
f 9837 9841 9840
f 9837 9839 9841
f 9843 9842 9841
f 9841 9842 9840
f 9845 9844 9843
f 9843 9844 9842
f 9847 9846 9845
f 9845 9846 9844
f 9849 9848 9847
f 9847 9848 9846
f 9851 9850 9849
f 9849 9850 9848
f 9853 9852 9851
f 9851 9852 9850
f 9853 9854 9852
f 9564 9839 9562
f 9839 9564 9566
f 9855 9839 9566
f 9841 9839 9855
f 9841 9856 9843
f 9841 9855 9856
f 9843 9857 9845
f 9843 9856 9857
f 9845 9858 9847
f 9845 9857 9858
f 9847 9859 9849
f 9847 9858 9859
f 9849 9860 9851
f 9849 9859 9860
f 9851 9861 9853
f 9851 9860 9861
f 9854 9853 9862
f 9853 9863 9862
f 9853 9861 9863
f 9863 9864 9862
f 9568 9855 9566
f 9855 9568 9570
f 9855 9570 9856
f 9856 9570 9572
f 9856 9572 9857
f 9857 9572 9574
f 9857 9574 9858
f 9858 9574 9576
f 9858 9576 9859
f 9859 9576 9578
f 9859 9578 9860
f 9860 9578 9580
f 9865 9860 9580
f 9861 9860 9865
f 9861 9866 9863
f 9861 9865 9866
f 9864 9863 9867
f 9863 9868 9867
f 9863 9866 9868
f 9868 9869 9867
f 9585 9870 9865
f 9585 9865 9580
f 9865 9871 9866
f 9865 9870 9871
f 9873 9868 9872
f 9868 9871 9872
f 9868 9866 9871
f 9868 9873 9869
f 9586 9874 9588
f 9875 9589 9588
f 9875 9588 9874
f 9876 9590 9589
f 9876 9589 9875
f 9877 9591 9590
f 9877 9590 9876
f 9878 9593 9591
f 9878 9591 9877
f 9879 9595 9593
f 9879 9593 9878
f 9879 9596 9595
f 9598 9880 9870
f 9598 9870 9585
f 9882 9871 9881
f 9871 9880 9881
f 9871 9870 9880
f 9871 9882 9872
f 9586 9599 9874
f 9599 9883 9874
f 9599 9884 9883
f 9874 9883 9875
f 9875 9883 9885
f 9875 9885 9876
f 9876 9885 9886
f 9876 9886 9877
f 9877 9886 9887
f 9877 9887 9878
f 9878 9887 9888
f 9878 9888 9879
f 9879 9888 9889
f 9879 9889 9596
f 9889 9600 9596
f 9889 9890 9600
f 9600 9891 9601
f 9890 9891 9600
f 9601 9892 9602
f 9891 9892 9601
f 9602 9893 9603
f 9892 9893 9602
f 9893 9895 9894
f 9605 9893 9894
f 9603 9893 9605
f 9894 9606 9605
f 9608 9896 9609
f 9896 9897 9609
f 9609 9897 9598
f 9897 9898 9598
f 9898 9880 9598
f 9880 9898 9881
f 9895 9899 9894
f 9894 9899 9606
f 9899 9610 9606
f 9899 9900 9610
f 9610 9901 9611
f 9900 9901 9610
f 9901 9903 9902
f 9612 9901 9902
f 9611 9901 9612
f 9904 9613 9612
f 9904 9612 9902
f 9613 9904 9905
f 9906 9613 9905
f 9614 9613 9906
f 9614 9907 9615
f 9906 9907 9614
f 9608 9615 9896
f 9615 9908 9896
f 9615 9907 9908
f 9896 9908 9897
f 9903 9909 9902
f 9902 9909 9904
f 9904 9909 9910
f 9904 9910 9905
f 9911 9631 9632
f 9633 9912 9632
f 9632 9912 9911
f 9634 9913 9633
f 9633 9913 9912
f 9635 9914 9634
f 9634 9914 9913
f 9636 9915 9635
f 9635 9915 9914
f 9637 9915 9636
f 9916 9646 9647
f 9648 9917 9647
f 9647 9917 9916
f 9631 9911 9648
f 9911 9917 9648
f 9911 9918 9917
f 9919 9911 9912
f 9918 9911 9919
f 9920 9912 9913
f 9919 9912 9920
f 9921 9913 9914
f 9920 9913 9921
f 9922 9914 9915
f 9921 9914 9922
f 9649 9923 9637
f 9923 9915 9637
f 9923 9922 9915
f 9650 9924 9649
f 9649 9924 9923
f 9651 9925 9650
f 9650 9925 9924
f 9652 9926 9651
f 9651 9926 9925
f 9653 9927 9652
f 9652 9927 9926
f 9928 9655 9656
f 9657 9929 9656
f 9656 9929 9928
f 9646 9916 9657
f 9916 9929 9657
f 9916 9930 9929
f 9931 9916 9917
f 9930 9916 9931
f 9918 9933 9932
f 9931 9918 9932
f 9917 9918 9931
f 9933 9918 9919
f 9933 9919 9934
f 9934 9919 9920
f 9934 9920 9935
f 9935 9920 9921
f 9935 9921 9936
f 9936 9921 9922
f 9936 9922 9937
f 9937 9922 9923
f 9937 9923 9938
f 9938 9923 9924
f 9938 9924 9939
f 9939 9924 9925
f 9939 9925 9940
f 9940 9925 9926
f 9940 9926 9941
f 9941 9926 9927
f 9941 9927 9942
f 9943 9659 9660
f 9655 9928 9660
f 9928 9943 9660
f 9928 9944 9943
f 9929 9946 9945
f 9944 9929 9945
f 9928 9929 9944
f 9946 9929 9930
f 9946 9930 9947
f 9947 9930 9931
f 9947 9931 9948
f 9948 9931 9932
f 9949 9662 9943
f 9943 9662 9659
f 9944 9951 9950
f 9949 9944 9950
f 9943 9944 9949
f 9951 9944 9945
f 9664 9952 9665
f 9952 9664 9667
f 9953 9952 9667
f 9954 9952 9953
f 9956 9954 9955
f 9954 9957 9955
f 9954 9953 9957
f 9959 9958 9957
f 9957 9958 9955
f 9961 9960 9959
f 9959 9960 9958
f 9963 9962 9961
f 9961 9962 9960
f 9965 9964 9963
f 9963 9964 9962
f 9967 9966 9965
f 9965 9966 9964
f 9969 9968 9967
f 9967 9968 9966
f 9971 9970 9969
f 9969 9970 9968
f 9973 9972 9971
f 9971 9972 9970
f 9975 9974 9973
f 9973 9974 9972
f 9977 9976 9975
f 9975 9976 9974
f 9976 9977 9978
f 9977 9979 9978
f 9977 9980 9979
f 9980 9669 9670
f 9981 9980 9670
f 9979 9980 9981
f 9981 9670 9671
f 9981 9671 9982
f 9675 9953 9667
f 9953 9675 9677
f 9953 9677 9957
f 9957 9677 9679
f 9983 9957 9679
f 9959 9957 9983
f 9959 9984 9961
f 9959 9983 9984
f 9961 9985 9963
f 9961 9984 9985
f 9963 9986 9965
f 9963 9985 9986
f 9965 9987 9967
f 9965 9986 9987
f 9987 9681 9682
f 9969 9987 9682
f 9967 9987 9969
f 9969 9682 9683
f 9969 9683 9971
f 9971 9683 9685
f 9971 9685 9973
f 9973 9685 9687
f 9973 9687 9975
f 9975 9687 9689
f 9975 9689 9977
f 9977 9689 9691
f 9977 9691 9980
f 9980 9691 9669
f 9695 9983 9679
f 9983 9695 9697
f 9983 9697 9984
f 9984 9697 9699
f 9984 9699 9985
f 9985 9699 9701
f 9985 9701 9986
f 9986 9701 9703
f 9986 9703 9987
f 9987 9703 9681
f 9990 9989 9988
f 9992 9991 9988
f 9992 9988 9989
f 9993 9991 9992
f 9996 9995 9994
f 9707 9708 9994
f 9995 9707 9994
f 9997 9707 9995
f 9707 9998 9709
f 9997 9998 9707
f 9988 9710 9990
f 9710 9998 9990
f 9710 9709 9998
f 9710 9988 9711
f 9711 9988 9991
f 9993 9999 9991
f 9999 9711 9991
f 9999 9713 9711
f 9713 10000 9715
f 9999 10000 9713
f 10002 10001 9716
f 9715 10002 9716
f 10000 10002 9715
f 10003 10001 10002
f 10006 10005 10004
f 10004 10005 9996
f 10004 9996 9994
f 9718 10004 9994
f 9717 9718 9994
f 9717 9994 9708
f 10001 9719 9716
f 10003 10007 10001
f 10007 9719 10001
f 10007 9720 9719
f 9722 9720 10007
f 9722 10007 10008
f 10011 10010 10009
f 10009 10010 10006
f 10009 10006 10004
f 9725 10009 10004
f 9724 9725 10004
f 9724 10004 9718
f 10008 10012 9722
f 9722 10012 9726
f 10012 10014 10013
f 9727 10012 10013
f 9726 10012 9727
f 10013 9729 9727
f 10011 10009 10015
f 10011 10015 10016
f 9737 10015 9725
f 9725 10015 10009
f 10014 10017 10013
f 10017 10019 10018
f 10017 10018 9738
f 10013 10017 9738
f 9729 10013 9738
f 10018 9740 9738
f 10016 10015 10020
f 10016 10020 10021
f 9749 10020 9737
f 9737 10020 10015
f 10019 10022 10018
f 10022 10024 10023
f 10022 10023 9750
f 10018 10022 9750
f 9740 10018 9750
f 10025 9751 9750
f 10025 9750 10023
f 10025 9753 9751
f 10021 10020 10026
f 10021 10026 10027
f 9758 10026 9749
f 9749 10026 10020
f 10023 10024 10028
f 10028 10024 10029
f 10023 10030 10025
f 10023 10028 10030
f 10031 9759 9753
f 10025 10031 9753
f 10030 10031 10025
f 10031 9761 9759
f 10032 10027 10026
f 10026 9758 10032
f 9758 10033 10032
f 9758 9765 10033
f 10028 10029 10034
f 10034 10029 10035
f 10028 10036 10030
f 10028 10034 10036
f 10036 9767 9768
f 10031 10036 9768
f 10030 10036 10031
f 10031 9768 9761
f 9765 9771 10037
f 10038 9765 10037
f 10033 9765 10038
f 9772 10037 9771
f 10039 9773 9774
f 10035 10040 10034
f 10040 9774 10034
f 9774 9775 10034
f 9774 10040 10039
f 10034 9775 9776
f 10034 9776 10036
f 10036 9776 9767
f 10041 10038 10037
f 10037 9772 10041
f 9772 10042 10041
f 9772 9777 10042
f 10043 9778 9779
f 9780 10044 9779
f 9779 10044 10043
f 10045 10044 9780
f 10045 9780 9773
f 10046 10045 9773
f 10039 10046 9773
f 10046 10039 10040
f 9781 10042 9777
f 9781 10047 10042
f 10048 9782 9783
f 9778 10043 9783
f 10043 10048 9783
f 10043 10049 10048
f 10044 10051 10050
f 10049 10044 10050
f 10043 10044 10049
f 10051 10044 10045
f 10052 10047 9781
f 10052 9781 9784
f 9784 9785 10052
f 10052 9785 10053
f 10055 10054 10048
f 10054 9782 10048
f 10054 9786 9782
f 10055 10048 10049
f 10055 10049 10056
f 10056 10049 10050
f 9788 10053 9785
f 9788 10057 10053
f 10060 10059 10058
f 10058 10061 9789
f 10054 10058 9789
f 9786 10054 9789
f 10058 10054 10060
f 10061 9790 9789
f 9800 10063 10062
f 10057 9800 10062
f 9788 9800 10057
f 10063 10064 10062
f 10067 10066 10065
f 10067 10065 10059
f 10065 10058 10059
f 10065 10068 10058
f 10058 10069 10061
f 10058 10068 10069
f 10070 9801 9790
f 10061 10070 9790
f 10069 10070 10061
f 10070 9803 9801
f 9815 10071 9816
f 10072 9817 9816
f 10072 9816 10071
f 10073 9818 9817
f 10073 9817 10072
f 10074 9819 9818
f 10074 9818 10073
f 9819 10074 10075
f 10076 9819 10075
f 9820 9819 10076
f 9820 10077 9821
f 10076 10077 9820
f 10077 10079 10078
f 9822 10077 10078
f 9821 10077 9822
f 9823 10080 10063
f 9823 10063 9800
f 10064 10063 10081
f 10063 10082 10081
f 10063 10080 10082
f 10084 10083 10082
f 10082 10083 10081
f 10086 10085 10084
f 10084 10085 10083
f 10088 10087 10086
f 10086 10087 10085
f 10087 10088 10066
f 10088 10065 10066
f 10088 10089 10065
f 10065 10090 10068
f 10065 10089 10090
f 10068 10091 10069
f 10068 10090 10091
f 10069 10092 10070
f 10069 10091 10092
f 10093 9824 9803
f 10070 10093 9803
f 10092 10093 10070
f 10094 9825 9824
f 10094 9824 10093
f 10095 9826 9825
f 10095 9825 10094
f 10096 9827 9826
f 10096 9826 10095
f 10097 9828 9827
f 10097 9827 10096
f 10098 9829 9828
f 10098 9828 10097
f 10099 9830 9829
f 10099 9829 10098
f 10100 9831 9830
f 10100 9830 10099
f 10101 9832 9831
f 10101 9831 10100
f 10102 9833 9832
f 10102 9832 10101
f 10103 9834 9833
f 10103 9833 10102
f 10104 9835 9834
f 10104 9834 10103
f 10071 9815 9835
f 10104 10071 9835
f 10105 10071 10104
f 10107 10072 10106
f 10072 10105 10106
f 10072 10071 10105
f 10072 10107 10073
f 10073 10107 10108
f 10073 10108 10074
f 10074 10108 10109
f 10074 10109 10075
f 10079 10110 10078
f 9836 10080 9823
f 10080 9836 9838
f 10111 10080 9838
f 10082 10080 10111
f 10082 10112 10084
f 10082 10111 10112
f 10084 10113 10086
f 10084 10112 10113
f 10086 10114 10088
f 10086 10113 10114
f 10088 10115 10089
f 10088 10114 10115
f 10089 10116 10090
f 10089 10115 10116
f 10090 10117 10091
f 10090 10116 10117
f 10091 10118 10092
f 10091 10117 10118
f 10092 10119 10093
f 10092 10118 10119
f 10093 10120 10094
f 10093 10119 10120
f 10094 10121 10095
f 10094 10120 10121
f 10095 10122 10096
f 10095 10121 10122
f 10096 10123 10097
f 10096 10122 10123
f 10097 10124 10098
f 10097 10123 10124
f 10098 10125 10099
f 10098 10124 10125
f 10099 10126 10100
f 10099 10125 10126
f 10100 10127 10101
f 10100 10126 10127
f 10101 10128 10102
f 10101 10127 10128
f 10102 10129 10103
f 10102 10128 10129
f 10103 10130 10104
f 10103 10129 10130
f 10132 10105 10131
f 10105 10130 10131
f 10105 10104 10130
f 10105 10132 10106
f 9840 10111 9838
f 10111 9840 9842
f 10111 9842 10112
f 10112 9842 9844
f 10112 9844 10113
f 10113 9844 9846
f 10113 9846 10114
f 10114 9846 9848
f 10114 9848 10115
f 10115 9848 9850
f 10115 9850 10116
f 10116 9850 9852
f 10116 9852 10117
f 10117 9852 9854
f 10133 10117 9854
f 10118 10117 10133
f 10118 10134 10119
f 10118 10133 10134
f 10119 10135 10120
f 10119 10134 10135
f 10120 10136 10121
f 10120 10135 10136
f 10121 10137 10122
f 10121 10136 10137
f 10122 10138 10123
f 10122 10137 10138
f 10123 10139 10124
f 10123 10138 10139
f 10124 10140 10125
f 10124 10139 10140
f 10125 10141 10126
f 10125 10140 10141
f 10126 10142 10127
f 10126 10141 10142
f 10127 10143 10128
f 10127 10142 10143
f 10128 10144 10129
f 10128 10143 10144
f 10129 10145 10130
f 10129 10144 10145
f 10131 10130 10146
f 10146 10130 10145
f 9862 10133 9854
f 10133 9862 9864
f 10147 10133 9864
f 10134 10133 10147
f 10134 10148 10135
f 10134 10147 10148
f 10135 10149 10136
f 10135 10148 10149
f 10136 10150 10137
f 10136 10149 10150
f 10137 10151 10138
f 10137 10150 10151
f 10138 10152 10139
f 10138 10151 10152
f 10139 10153 10140
f 10139 10152 10153
f 10140 10154 10141
f 10140 10153 10154
f 10141 10155 10142
f 10141 10154 10155
f 10142 10156 10143
f 10142 10155 10156
f 10143 10157 10144
f 10143 10156 10157
f 10144 10158 10145
f 10144 10157 10158
f 10146 10145 10159
f 10159 10145 10158
f 9867 10147 9864
f 10147 9867 9869
f 10160 10147 9869
f 10148 10147 10160
f 10148 10161 10149
f 10148 10160 10161
f 10149 10162 10150
f 10149 10161 10162
f 10150 10163 10151
f 10150 10162 10163
f 10151 10164 10152
f 10151 10163 10164
f 10152 10165 10153
f 10152 10164 10165
f 10153 10166 10154
f 10153 10165 10166
f 10154 10167 10155
f 10154 10166 10167
f 10155 10168 10156
f 10155 10167 10168
f 10170 10157 10169
f 10157 10168 10169
f 10157 10156 10168
f 10157 10170 10158
f 10158 10170 10171
f 10158 10171 10159
f 9872 10172 9873
f 10160 9869 9873
f 10172 10160 9873
f 10173 10160 10172
f 10160 10174 10161
f 10160 10173 10174
f 10176 10162 10175
f 10162 10174 10175
f 10162 10161 10174
f 10162 10176 10163
f 10163 10176 10177
f 10163 10177 10164
f 10164 10177 10178
f 10164 10178 10165
f 10165 10178 10179
f 10165 10179 10166
f 10166 10179 10180
f 10166 10180 10167
f 10167 10180 10181
f 10167 10181 10168
f 10168 10181 10182
f 10168 10182 10169
f 9881 10183 9882
f 10172 9872 9882
f 10183 10172 9882
f 10184 10172 10183
f 10186 10173 10185
f 10173 10184 10185
f 10173 10172 10184
f 10173 10186 10174
f 10174 10186 10187
f 10174 10187 10175
f 9884 10188 9883
f 10189 10188 9884
f 9883 10190 9885
f 10188 10190 9883
f 9885 10191 9886
f 10190 10191 9885
f 9886 10192 9887
f 10191 10192 9886
f 9887 10193 9888
f 10192 10193 9887
f 9888 10194 9889
f 10193 10194 9888
f 9889 10195 9890
f 10194 10195 9889
f 9890 10196 9891
f 10195 10196 9890
f 9891 10197 9892
f 10196 10197 9891
f 10197 10199 10198
f 9893 10197 10198
f 9892 10197 9893
f 10198 9895 9893
f 9897 10200 9898
f 10200 10201 9898
f 9898 10201 9881
f 10201 10202 9881
f 10202 10183 9881
f 10183 10202 10184
f 10184 10202 10203
f 10184 10203 10185
f 10199 10204 10198
f 10198 10204 9895
f 10204 9899 9895
f 10204 10205 9899
f 9899 10206 9900
f 10205 10206 9899
f 10206 10208 10207
f 9901 10206 10207
f 9900 10206 9901
f 10207 9903 9901
f 9905 10209 9906
f 9906 10209 10210
f 10211 9906 10210
f 9907 9906 10211
f 9907 10212 9908
f 10211 10212 9907
f 9897 9908 10200
f 9908 10213 10200
f 9908 10212 10213
f 10200 10213 10201
f 10208 10214 10207
f 10207 10214 9903
f 10214 9909 9903
f 10214 10215 9909
f 9909 10216 9910
f 10215 10216 9909
f 9905 9910 10209
f 9910 10217 10209
f 9910 10216 10217
f 10209 10217 10210
f 10218 9932 9933
f 9934 10219 9933
f 9933 10219 10218
f 9935 10220 9934
f 9934 10220 10219
f 9936 10221 9935
f 9935 10221 10220
f 9937 10222 9936
f 9936 10222 10221
f 9938 10223 9937
f 9937 10223 10222
f 9939 10224 9938
f 9938 10224 10223
f 9940 10225 9939
f 9939 10225 10224
f 9941 10226 9940
f 9940 10226 10225
f 9942 10227 9941
f 9941 10227 10226
f 10228 9945 9946
f 9947 10229 9946
f 9946 10229 10228
f 9948 10230 9947
f 9947 10230 10229
f 9932 10218 9948
f 10218 10230 9948
f 10218 10231 10230
f 10219 10233 10232
f 10231 10219 10232
f 10218 10219 10231
f 10233 10219 10220
f 10233 10220 10234
f 10234 10220 10221
f 10234 10221 10235
f 10235 10221 10222
f 10235 10222 10236
f 10236 10222 10223
f 10236 10223 10237
f 10237 10223 10224
f 10237 10224 10238
f 10238 10224 10225
f 10238 10225 10239
f 10239 10225 10226
f 10239 10226 10240
f 10240 10226 10227
f 10240 10227 10241
f 10242 9950 9951
f 9945 10228 9951
f 10228 10242 9951
f 10228 10243 10242
f 10229 10245 10244
f 10243 10229 10244
f 10228 10229 10243
f 10245 10229 10230
f 10245 10230 10246
f 10246 10230 10231
f 10246 10231 10247
f 10247 10231 10232
f 9955 10248 9956
f 10248 9955 9958
f 10248 9958 10249
f 10249 9958 9960
f 10249 9960 10250
f 10250 9960 9962
f 10250 9962 10251
f 10251 9962 9964
f 10251 9964 10252
f 10252 9964 9966
f 10252 9966 10253
f 10253 9966 9968
f 10253 9968 10254
f 10254 9968 9970
f 10254 9970 10255
f 10255 9970 9972
f 10255 9972 10256
f 10256 9972 9974
f 10256 9974 10257
f 10257 9974 9976
f 10257 9976 10258
f 10258 9976 9978
f 10261 10260 10259
f 9989 9990 10259
f 10260 9989 10259
f 10262 9989 10260
f 9989 10263 9992
f 10262 10263 9989
f 10265 10264 9993
f 9992 10265 9993
f 10263 10265 9992
f 10266 10264 10265
f 10269 10268 10267
f 9995 9996 10267
f 10268 9995 10267
f 10270 9995 10268
f 9995 10271 9997
f 10270 10271 9995
f 10259 9998 10261
f 9998 10271 10261
f 9998 9997 10271
f 9998 10259 9990
f 10264 9999 9993
f 10266 10272 10264
f 10272 9999 10264
f 10272 10000 9999
f 10000 10273 10002
f 10272 10273 10000
f 10003 10002 10273
f 10003 10273 10274
f 10277 10276 10275
f 10275 10276 10269
f 10275 10269 10267
f 10006 10275 10267
f 10005 10006 10267
f 10005 10267 9996
f 10274 10278 10003
f 10003 10278 10007
f 10008 10007 10278
f 10008 10278 10279
f 10277 10275 10010
f 10011 10277 10010
f 10280 10277 10011
f 10010 10275 10006
f 10279 10281 10008
f 10008 10281 10012
f 10014 10012 10281
f 10014 10281 10282
f 10016 10280 10011
f 10016 10283 10280
f 10282 10284 10014
f 10014 10284 10017
f 10019 10017 10284
f 10019 10284 10285
f 10021 10283 10016
f 10021 10286 10283
f 10022 10019 10287
f 10019 10288 10287
f 10019 10285 10288
f 10287 10024 10022
f 10027 10286 10021
f 10027 10289 10286
f 10287 10288 10290
f 10290 10288 10291
f 10290 10029 10024
f 10290 10024 10287
f 10027 10032 10292
f 10293 10027 10292
f 10289 10027 10293
f 10033 10292 10032
f 10290 10291 10294
f 10294 10291 10295
f 10294 10035 10029
f 10294 10029 10290
f 10293 10292 10296
f 10293 10296 10297
f 10038 10296 10033
f 10033 10296 10292
f 10294 10295 10298
f 10298 10295 10299
f 10298 10040 10035
f 10298 10035 10294
f 10300 10297 10296
f 10302 10300 10301
f 10301 10300 10041
f 10300 10296 10041
f 10296 10038 10041
f 10042 10301 10041
f 10298 10299 10046
f 10299 10045 10046
f 10299 10303 10045
f 10298 10046 10040
f 10304 10302 10301
f 10301 10042 10304
f 10042 10305 10304
f 10042 10047 10305
f 10306 10050 10051
f 10307 10306 10051
f 10045 10307 10051
f 10303 10307 10045
f 10308 10305 10047
f 10308 10047 10052
f 10052 10053 10308
f 10308 10053 10309
f 10311 10310 10055
f 10055 10310 10054
f 10312 10055 10056
f 10312 10311 10055
f 10056 10050 10306
f 10313 10056 10306
f 10312 10056 10313
f 10313 10306 10307
f 10057 10315 10314
f 10309 10057 10314
f 10053 10057 10309
f 10315 10316 10314
f 10319 10318 10317
f 10059 10060 10317
f 10060 10319 10317
f 10060 10320 10319
f 10060 10054 10310
f 10060 10310 10320
f 10062 10315 10057
f 10322 10321 10064
f 10064 10321 10062
f 10321 10316 10062
f 10316 10315 10062
f 10324 10323 10322
f 10322 10323 10321
f 10326 10325 10324
f 10324 10325 10323
f 10328 10327 10326
f 10326 10327 10325
f 10327 10328 10318
f 10318 10328 10317
f 10328 10066 10317
f 10066 10067 10317
f 10317 10067 10059
f 10075 10329 10076
f 10330 10077 10076
f 10330 10076 10329
f 10330 10079 10077
f 10081 10322 10064
f 10322 10081 10083
f 10322 10083 10324
f 10324 10083 10085
f 10324 10085 10326
f 10326 10085 10087
f 10326 10087 10328
f 10328 10087 10066
f 10106 10331 10107
f 10332 10108 10107
f 10332 10107 10331
f 10333 10109 10108
f 10333 10108 10332
f 10329 10075 10109
f 10333 10329 10109
f 10334 10329 10333
f 10329 10335 10330
f 10329 10334 10335
f 10336 10110 10079
f 10330 10336 10079
f 10335 10336 10330
f 10131 10337 10132
f 10331 10106 10132
f 10337 10331 10132
f 10338 10331 10337
f 10331 10339 10332
f 10331 10338 10339
f 10341 10333 10340
f 10333 10339 10340
f 10333 10332 10339
f 10333 10341 10334
f 10334 10341 10342
f 10334 10342 10335
f 10335 10342 10343
f 10335 10343 10336
f 10336 10343 10344
f 10146 10345 10337
f 10146 10337 10131
f 10337 10346 10338
f 10337 10345 10346
f 10338 10347 10339
f 10338 10346 10347
f 10340 10339 10348
f 10348 10339 10347
f 10159 10349 10345
f 10159 10345 10146
f 10345 10350 10346
f 10345 10349 10350
f 10352 10347 10351
f 10347 10350 10351
f 10347 10346 10350
f 10347 10352 10348
f 10169 10353 10170
f 10354 10171 10170
f 10354 10170 10353
f 10354 10355 10171
f 10171 10355 10159
f 10355 10356 10159
f 10356 10349 10159
f 10349 10356 10350
f 10350 10356 10357
f 10350 10357 10351
f 10175 10358 10176
f 10359 10177 10176
f 10359 10176 10358
f 10360 10178 10177
f 10360 10177 10359
f 10361 10179 10178
f 10361 10178 10360
f 10362 10180 10179
f 10362 10179 10361
f 10363 10181 10180
f 10363 10180 10362
f 10181 10363 10364
f 10365 10181 10364
f 10182 10181 10365
f 10169 10182 10353
f 10182 10366 10353
f 10182 10365 10366
f 10353 10366 10354
f 10354 10366 10367
f 10354 10367 10355
f 10185 10368 10186
f 10369 10187 10186
f 10369 10186 10368
f 10369 10370 10187
f 10187 10370 10175
f 10370 10371 10175
f 10371 10358 10175
f 10358 10371 10359
f 10359 10371 10372
f 10359 10372 10360
f 10360 10372 10373
f 10360 10373 10361
f 10361 10373 10374
f 10361 10374 10362
f 10362 10374 10375
f 10362 10375 10363
f 10363 10375 10376
f 10363 10376 10364
f 10189 10377 10188
f 10378 10377 10189
f 10188 10379 10190
f 10377 10379 10188
f 10190 10380 10191
f 10379 10380 10190
f 10191 10381 10192
f 10380 10381 10191
f 10192 10382 10193
f 10381 10382 10192
f 10193 10383 10194
f 10382 10383 10193
f 10194 10384 10195
f 10383 10384 10194
f 10195 10385 10196
f 10384 10385 10195
f 10385 10387 10386
f 10197 10385 10386
f 10196 10385 10197
f 10386 10199 10197
f 10201 10388 10202
f 10202 10388 10389
f 10390 10202 10389
f 10203 10202 10390
f 10185 10203 10368
f 10203 10391 10368
f 10203 10390 10391
f 10368 10391 10369
f 10369 10391 10392
f 10369 10392 10370
f 10387 10393 10386
f 10386 10393 10199
f 10393 10204 10199
f 10393 10394 10204
f 10204 10395 10205
f 10394 10395 10204
f 10205 10396 10206
f 10395 10396 10205
f 10208 10206 10396
f 10208 10396 10397
f 10210 10398 10211
f 10211 10398 10399
f 10400 10211 10399
f 10212 10211 10400
f 10212 10401 10213
f 10400 10401 10212
f 10201 10213 10388
f 10213 10402 10388
f 10213 10401 10402
f 10388 10402 10389
f 10397 10403 10208
f 10208 10403 10214
f 10214 10404 10215
f 10403 10404 10214
f 10215 10405 10216
f 10404 10405 10215
f 10216 10406 10217
f 10405 10406 10216
f 10210 10217 10398
f 10217 10407 10398
f 10217 10406 10407
f 10398 10407 10399
f 10408 10232 10233
f 10234 10409 10233
f 10233 10409 10408
f 10235 10410 10234
f 10234 10410 10409
f 10236 10411 10235
f 10235 10411 10410
f 10237 10412 10236
f 10236 10412 10411
f 10238 10413 10237
f 10237 10413 10412
f 10239 10414 10238
f 10238 10414 10413
f 10240 10415 10239
f 10239 10415 10414
f 10241 10416 10240
f 10240 10416 10415
f 10417 10244 10245
f 10246 10418 10245
f 10245 10418 10417
f 10247 10419 10246
f 10246 10419 10418
f 10232 10408 10247
f 10408 10419 10247
f 10408 10420 10419
f 10421 10408 10409
f 10420 10408 10421
f 10410 10423 10422
f 10421 10410 10422
f 10409 10410 10421
f 10423 10410 10411
f 10423 10411 10424
f 10424 10411 10412
f 10424 10412 10425
f 10425 10412 10413
f 10425 10413 10426
f 10426 10413 10414
f 10426 10414 10427
f 10427 10414 10415
f 10427 10415 10428
f 10428 10415 10416
f 10428 10416 10429
f 10432 10431 10430
f 10260 10261 10430
f 10431 10260 10430
f 10433 10260 10431
f 10260 10434 10262
f 10433 10434 10260
f 10262 10435 10263
f 10434 10435 10262
f 10263 10436 10265
f 10435 10436 10263
f 10266 10265 10436
f 10266 10436 10437
f 10439 10438 10268
f 10439 10268 10269
f 10268 10440 10270
f 10438 10440 10268
f 10430 10271 10432
f 10271 10440 10432
f 10271 10270 10440
f 10271 10430 10261
f 10437 10441 10266
f 10266 10441 10272
f 10272 10442 10273
f 10441 10442 10272
f 10444 10443 10274
f 10273 10444 10274
f 10442 10444 10273
f 10445 10443 10444
f 10447 10446 10276
f 10447 10276 10277
f 10269 10276 10439
f 10439 10276 10446
f 10443 10278 10274
f 10449 10448 10279
f 10449 10279 10278
f 10445 10449 10278
f 10443 10445 10278
f 10450 10448 10449
f 10280 10447 10277
f 10280 10451 10447
f 10448 10281 10279
f 10282 10281 10448
f 10450 10282 10448
f 10452 10282 10450
f 10455 10454 10453
f 10454 10451 10453
f 10451 10283 10453
f 10451 10280 10283
f 10452 10456 10282
f 10282 10456 10284
f 10285 10284 10456
f 10285 10456 10457
f 10455 10453 10458
f 10455 10458 10459
f 10286 10458 10283
f 10283 10458 10453
f 10457 10288 10285
f 10460 10288 10457
f 10459 10458 10461
f 10459 10461 10462
f 10289 10461 10286
f 10286 10461 10458
f 10460 10291 10288
f 10463 10291 10460
f 10464 10462 10461
f 10461 10289 10464
f 10289 10465 10464
f 10289 10293 10465
f 10463 10295 10291
f 10466 10295 10463
f 10297 10465 10293
f 10297 10467 10465
f 10466 10299 10295
f 10468 10299 10466
f 10297 10300 10469
f 10470 10297 10469
f 10467 10297 10470
f 10302 10469 10300
f 10468 10303 10299
f 10471 10303 10468
f 10472 10470 10469
f 10474 10472 10473
f 10473 10472 10304
f 10472 10469 10304
f 10469 10302 10304
f 10305 10473 10304
f 10477 10476 10475
f 10471 10477 10475
f 10307 10471 10475
f 10303 10471 10307
f 10478 10474 10473
f 10480 10478 10479
f 10479 10478 10308
f 10478 10473 10308
f 10473 10305 10308
f 10309 10479 10308
f 10482 10481 10311
f 10311 10481 10310
f 10483 10311 10312
f 10483 10482 10311
f 10313 10475 10476
f 10483 10313 10476
f 10312 10313 10483
f 10475 10313 10307
f 10484 10480 10479
f 10484 10479 10309
f 10314 10484 10309
f 10485 10484 10314
f 10487 10486 10316
f 10486 10314 10316
f 10486 10485 10314
f 10489 10488 10487
f 10487 10488 10486
f 10491 10490 10489
f 10489 10490 10488
f 10493 10492 10491
f 10491 10492 10490
f 10318 10319 10493
f 10319 10492 10493
f 10319 10494 10492
f 10495 10319 10320
f 10495 10494 10319
f 10320 10310 10481
f 10320 10481 10495
f 10321 10487 10316
f 10487 10321 10323
f 10487 10323 10489
f 10489 10323 10325
f 10489 10325 10491
f 10491 10325 10327
f 10491 10327 10493
f 10493 10327 10318
f 10340 10496 10341
f 10497 10342 10341
f 10497 10341 10496
f 10498 10343 10342
f 10498 10342 10497
f 10499 10344 10343
f 10499 10343 10498
f 10348 10500 10496
f 10348 10496 10340
f 10496 10501 10497
f 10496 10500 10501
f 10497 10502 10498
f 10497 10501 10502
f 10498 10503 10499
f 10498 10502 10503
f 10351 10504 10352
f 10500 10348 10352
f 10504 10500 10352
f 10505 10500 10504
f 10500 10506 10501
f 10500 10505 10506
f 10501 10507 10502
f 10501 10506 10507
f 10502 10508 10503
f 10502 10507 10508
f 10355 10509 10356
f 10510 10357 10356
f 10510 10356 10509
f 10504 10351 10357
f 10510 10504 10357
f 10511 10504 10510
f 10513 10505 10512
f 10505 10511 10512
f 10505 10504 10511
f 10505 10513 10506
f 10506 10513 10514
f 10506 10514 10507
f 10507 10514 10515
f 10507 10515 10508
f 10508 10515 10516
f 10364 10517 10365
f 10518 10366 10365
f 10518 10365 10517
f 10366 10518 10519
f 10520 10366 10519
f 10367 10366 10520
f 10355 10367 10509
f 10367 10521 10509
f 10367 10520 10521
f 10509 10521 10510
f 10510 10521 10522
f 10510 10522 10511
f 10511 10522 10523
f 10511 10523 10512
f 10370 10524 10371
f 10525 10372 10371
f 10525 10371 10524
f 10372 10525 10526
f 10527 10372 10526
f 10373 10372 10527
f 10373 10528 10374
f 10527 10528 10373
f 10374 10529 10375
f 10528 10529 10374
f 10375 10530 10376
f 10529 10530 10375
f 10364 10376 10517
f 10376 10531 10517
f 10376 10530 10531
f 10517 10531 10518
f 10518 10531 10532
f 10518 10532 10519
f 10533 10377 10378
f 10533 10378 10534
f 10535 10379 10377
f 10535 10377 10533
f 10536 10380 10379
f 10536 10379 10535
f 10537 10381 10380
f 10537 10380 10536
f 10538 10382 10381
f 10538 10381 10537
f 10539 10383 10382
f 10539 10382 10538
f 10540 10384 10383
f 10540 10383 10539
f 10541 10385 10384
f 10541 10384 10540
f 10541 10387 10385
f 10389 10542 10390
f 10390 10542 10543
f 10544 10390 10543
f 10391 10390 10544
f 10391 10545 10392
f 10544 10545 10391
f 10370 10392 10524
f 10392 10546 10524
f 10392 10545 10546
f 10524 10546 10525
f 10525 10546 10547
f 10525 10547 10526
f 10534 10548 10533
f 10533 10548 10549
f 10533 10549 10535
f 10535 10549 10550
f 10535 10550 10536
f 10536 10550 10551
f 10536 10551 10537
f 10537 10551 10552
f 10537 10552 10538
f 10538 10552 10553
f 10538 10553 10539
f 10539 10553 10554
f 10539 10554 10540
f 10540 10554 10555
f 10540 10555 10541
f 10541 10555 10556
f 10541 10556 10387
f 10556 10393 10387
f 10556 10557 10393
f 10393 10558 10394
f 10557 10558 10393
f 10394 10559 10395
f 10558 10559 10394
f 10559 10561 10560
f 10396 10559 10560
f 10395 10559 10396
f 10560 10397 10396
f 10399 10562 10400
f 10400 10562 10563
f 10564 10400 10563
f 10401 10400 10564
f 10401 10565 10402
f 10564 10565 10401
f 10389 10402 10542
f 10402 10566 10542
f 10402 10565 10566
f 10542 10566 10543
f 10561 10567 10560
f 10560 10567 10397
f 10567 10403 10397
f 10567 10568 10403
f 10403 10569 10404
f 10568 10569 10403
f 10404 10570 10405
f 10569 10570 10404
f 10405 10571 10406
f 10570 10571 10405
f 10406 10572 10407
f 10571 10572 10406
f 10399 10407 10562
f 10407 10573 10562
f 10407 10572 10573
f 10562 10573 10563
f 10574 10422 10423
f 10424 10575 10423
f 10423 10575 10574
f 10425 10576 10424
f 10424 10576 10575
f 10426 10577 10425
f 10425 10577 10576
f 10427 10578 10426
f 10426 10578 10577
f 10428 10579 10427
f 10427 10579 10578
f 10429 10580 10428
f 10428 10580 10579
f 10582 10581 10431
f 10582 10431 10432
f 10431 10583 10433
f 10581 10583 10431
f 10433 10584 10434
f 10583 10584 10433
f 10434 10585 10435
f 10584 10585 10434
f 10435 10586 10436
f 10585 10586 10435
f 10437 10436 10586
f 10437 10586 10587
f 10589 10588 10438
f 10589 10438 10439
f 10438 10590 10440
f 10588 10590 10438
f 10432 10440 10582
f 10582 10440 10590
f 10587 10591 10437
f 10437 10591 10441
f 10441 10592 10442
f 10591 10592 10441
f 10442 10593 10444
f 10592 10593 10442
f 10445 10444 10593
f 10445 10593 10594
f 10596 10595 10446
f 10596 10446 10447
f 10439 10446 10589
f 10589 10446 10595
f 10594 10597 10445
f 10445 10597 10449
f 10450 10449 10597
f 10450 10597 10598
f 10601 10600 10599
f 10600 10596 10599
f 10596 10451 10599
f 10596 10447 10451
f 10603 10452 10602
f 10452 10598 10602
f 10452 10450 10598
f 10604 10603 10602
f 10601 10599 10454
f 10455 10601 10454
f 10605 10601 10455
f 10454 10599 10451
f 10603 10456 10452
f 10457 10456 10603
f 10604 10457 10603
f 10606 10457 10604
f 10459 10605 10455
f 10459 10607 10605
f 10609 10460 10608
f 10460 10606 10608
f 10460 10457 10606
f 10610 10609 10608
f 10462 10607 10459
f 10462 10611 10607
f 10612 10463 10609
f 10609 10463 10460
f 10609 10610 10613
f 10609 10613 10612
f 10462 10464 10614
f 10615 10462 10614
f 10611 10462 10615
f 10465 10614 10464
f 10616 10466 10612
f 10612 10466 10463
f 10612 10613 10617
f 10612 10617 10616
f 10618 10615 10614
f 10614 10465 10618
f 10465 10619 10618
f 10465 10467 10619
f 10620 10468 10616
f 10616 10468 10466
f 10616 10617 10621
f 10616 10621 10620
f 10470 10619 10467
f 10470 10622 10619
f 10624 10623 10620
f 10623 10468 10620
f 10623 10471 10468
f 10624 10620 10621
f 10625 10622 10470
f 10625 10470 10472
f 10472 10474 10625
f 10625 10474 10626
f 10627 10476 10477
f 10628 10627 10477
f 10471 10628 10477
f 10623 10628 10471
f 10629 10626 10474
f 10629 10474 10478
f 10478 10480 10629
f 10629 10480 10630
f 10632 10631 10482
f 10482 10631 10481
f 10633 10482 10483
f 10633 10632 10482
f 10483 10476 10627
f 10634 10483 10627
f 10633 10483 10634
f 10634 10627 10628
f 10635 10630 10480
f 10635 10480 10484
f 10636 10484 10485
f 10636 10635 10484
f 10637 10485 10486
f 10637 10636 10485
f 10638 10486 10488
f 10638 10637 10486
f 10639 10488 10490
f 10639 10638 10488
f 10640 10490 10492
f 10640 10639 10490
f 10641 10492 10494
f 10641 10640 10492
f 10642 10494 10495
f 10642 10641 10494
f 10495 10481 10631
f 10495 10631 10642
f 10512 10643 10513
f 10644 10514 10513
f 10644 10513 10643
f 10645 10515 10514
f 10645 10514 10644
f 10646 10516 10515
f 10646 10515 10645
f 10519 10647 10520
f 10648 10521 10520
f 10648 10520 10647
f 10521 10648 10649
f 10650 10521 10649
f 10522 10521 10650
f 10522 10651 10523
f 10650 10651 10522
f 10512 10523 10643
f 10523 10652 10643
f 10523 10651 10652
f 10643 10652 10644
f 10644 10652 10653
f 10644 10653 10645
f 10645 10653 10654
f 10645 10654 10646
f 10646 10654 10655
f 10526 10656 10527
f 10657 10528 10527
f 10657 10527 10656
f 10658 10529 10528
f 10658 10528 10657
f 10529 10658 10659
f 10660 10529 10659
f 10530 10529 10660
f 10530 10661 10531
f 10660 10661 10530
f 10531 10662 10532
f 10661 10662 10531
f 10519 10532 10647
f 10532 10663 10647
f 10532 10662 10663
f 10647 10663 10648
f 10648 10663 10664
f 10648 10664 10649
f 10543 10665 10544
f 10666 10545 10544
f 10666 10544 10665
f 10545 10666 10667
f 10668 10545 10667
f 10546 10545 10668
f 10546 10669 10547
f 10668 10669 10546
f 10526 10547 10656
f 10547 10670 10656
f 10547 10669 10670
f 10656 10670 10657
f 10657 10670 10671
f 10657 10671 10658
f 10658 10671 10672
f 10658 10672 10659
f 10548 10673 10549
f 10674 10673 10548
f 10549 10675 10550
f 10673 10675 10549
f 10550 10676 10551
f 10675 10676 10550
f 10551 10677 10552
f 10676 10677 10551
f 10552 10678 10553
f 10677 10678 10552
f 10553 10679 10554
f 10678 10679 10553
f 10554 10680 10555
f 10679 10680 10554
f 10555 10681 10556
f 10680 10681 10555
f 10556 10682 10557
f 10681 10682 10556
f 10682 10684 10683
f 10558 10682 10683
f 10557 10682 10558
f 10685 10559 10558
f 10685 10558 10683
f 10685 10561 10559
f 10687 10686 10564
f 10687 10564 10563
f 10564 10688 10565
f 10686 10688 10564
f 10565 10689 10566
f 10688 10689 10565
f 10543 10566 10665
f 10566 10690 10665
f 10566 10689 10690
f 10665 10690 10666
f 10666 10690 10691
f 10666 10691 10667
f 10684 10692 10683
f 10683 10692 10685
f 10685 10692 10693
f 10685 10693 10561
f 10693 10567 10561
f 10693 10694 10567
f 10567 10695 10568
f 10694 10695 10567
f 10568 10696 10569
f 10695 10696 10568
f 10569 10697 10570
f 10696 10697 10569
f 10570 10698 10571
f 10697 10698 10570
f 10571 10699 10572
f 10698 10699 10571
f 10572 10700 10573
f 10699 10700 10572
f 10563 10573 10687
f 10687 10573 10700
f 10582 10701 10581
f 10581 10701 10702
f 10703 10581 10702
f 10583 10581 10703
f 10583 10704 10584
f 10703 10704 10583
f 10584 10705 10585
f 10704 10705 10584
f 10585 10706 10586
f 10705 10706 10585
f 10587 10586 10706
f 10587 10706 10707
f 10709 10708 10588
f 10709 10588 10589
f 10588 10710 10590
f 10708 10710 10588
f 10582 10590 10701
f 10590 10711 10701
f 10590 10710 10711
f 10701 10711 10702
f 10707 10712 10587
f 10587 10712 10591
f 10591 10713 10592
f 10712 10713 10591
f 10592 10714 10593
f 10713 10714 10592
f 10594 10593 10714
f 10594 10714 10715
f 10717 10716 10595
f 10717 10595 10596
f 10589 10595 10709
f 10709 10595 10716
f 10715 10718 10594
f 10594 10718 10597
f 10720 10719 10598
f 10597 10720 10598
f 10718 10720 10597
f 10721 10719 10720
f 10723 10722 10600
f 10723 10600 10601
f 10596 10600 10717
f 10717 10600 10722
f 10719 10602 10598
f 10604 10602 10719
f 10721 10604 10719
f 10724 10604 10721
f 10605 10723 10601
f 10605 10725 10723
f 10727 10606 10726
f 10606 10724 10726
f 10606 10604 10724
f 10728 10727 10726
f 10607 10725 10605
f 10607 10729 10725
f 10727 10608 10606
f 10610 10608 10727
f 10728 10610 10727
f 10730 10610 10728
f 10611 10729 10607
f 10611 10731 10729
f 10730 10613 10610
f 10732 10613 10730
f 10615 10731 10611
f 10615 10733 10731
f 10732 10617 10613
f 10734 10617 10732
f 10615 10618 10735
f 10736 10615 10735
f 10733 10615 10736
f 10619 10735 10618
f 10734 10621 10617
f 10737 10621 10734
f 10738 10736 10735
f 10735 10619 10738
f 10619 10739 10738
f 10619 10622 10739
f 10740 10623 10624
f 10741 10740 10624
f 10621 10741 10624
f 10737 10741 10621
f 10742 10739 10622
f 10742 10622 10625
f 10625 10626 10742
f 10742 10626 10743
f 10745 10744 10740
f 10744 10623 10740
f 10744 10628 10623
f 10745 10740 10741
f 10746 10743 10626
f 10746 10626 10629
f 10748 10747 10630
f 10747 10629 10630
f 10747 10746 10629
f 10748 10749 10747
f 10751 10750 10632
f 10632 10750 10631
f 10752 10632 10633
f 10752 10751 10632
f 10753 10633 10634
f 10753 10752 10633
f 10634 10628 10744
f 10634 10744 10753
f 10635 10748 10630
f 10754 10749 10748
f 10635 10754 10748
f 10636 10754 10635
f 10755 10636 10637
f 10755 10754 10636
f 10756 10637 10638
f 10756 10755 10637
f 10757 10638 10639
f 10757 10756 10638
f 10758 10639 10640
f 10758 10757 10639
f 10759 10640 10641
f 10759 10758 10640
f 10760 10641 10642
f 10760 10759 10641
f 10642 10631 10750
f 10642 10750 10760
f 10649 10761 10650
f 10762 10651 10650
f 10762 10650 10761
f 10763 10652 10651
f 10763 10651 10762
f 10764 10653 10652
f 10764 10652 10763
f 10653 10764 10765
f 10766 10653 10765
f 10654 10653 10766
f 10654 10767 10655
f 10766 10767 10654
f 10659 10768 10660
f 10769 10661 10660
f 10769 10660 10768
f 10661 10769 10770
f 10771 10661 10770
f 10662 10661 10771
f 10662 10772 10663
f 10771 10772 10662
f 10663 10773 10664
f 10772 10773 10663
f 10649 10664 10761
f 10664 10774 10761
f 10664 10773 10774
f 10761 10774 10762
f 10762 10774 10775
f 10762 10775 10763
f 10763 10775 10776
f 10763 10776 10764
f 10764 10776 10777
f 10764 10777 10765
f 10667 10778 10668
f 10668 10778 10779
f 10780 10668 10779
f 10669 10668 10780
f 10669 10781 10670
f 10780 10781 10669
f 10670 10782 10671
f 10781 10782 10670
f 10671 10783 10672
f 10782 10783 10671
f 10659 10672 10768
f 10672 10784 10768
f 10672 10783 10784
f 10768 10784 10769
f 10769 10784 10785
f 10769 10785 10770
f 10674 10786 10673
f 10787 10786 10674
f 10673 10788 10675
f 10786 10788 10673
f 10675 10789 10676
f 10788 10789 10675
f 10676 10790 10677
f 10789 10790 10676
f 10677 10791 10678
f 10790 10791 10677
f 10678 10792 10679
f 10791 10792 10678
f 10679 10793 10680
f 10792 10793 10679
f 10793 10795 10794
f 10681 10793 10794
f 10680 10793 10681
f 10796 10682 10681
f 10796 10681 10794
f 10796 10684 10682
f 10687 10797 10686
f 10798 10688 10686
f 10798 10686 10797
f 10688 10798 10799
f 10800 10688 10799
f 10689 10688 10800
f 10689 10801 10690
f 10800 10801 10689
f 10690 10802 10691
f 10801 10802 10690
f 10667 10691 10778
f 10691 10803 10778
f 10691 10802 10803
f 10778 10803 10779
f 10795 10804 10794
f 10794 10804 10796
f 10796 10804 10805
f 10796 10805 10684
f 10805 10692 10684
f 10805 10806 10692
f 10692 10807 10693
f 10806 10807 10692
f 10693 10808 10694
f 10807 10808 10693
f 10694 10809 10695
f 10808 10809 10694
f 10695 10810 10696
f 10809 10810 10695
f 10696 10811 10697
f 10810 10811 10696
f 10697 10812 10698
f 10811 10812 10697
f 10698 10813 10699
f 10812 10813 10698
f 10699 10814 10700
f 10813 10814 10699
f 10687 10700 10797
f 10700 10815 10797
f 10700 10814 10815
f 10797 10815 10798
f 10798 10815 10816
f 10798 10816 10799
